SMILES,delH_fusion,T_K,delH_fusion_log
ClC(Cl)(Cl)Br,2.03,267.1,0.708035793
ClC(Cl)(Cl)Br,2.03,267.9,0.708035793
ClC(Cl)(Cl)Br,2.54,267.5,0.932164081
ClC(Cl)(Br)Br,2.31,294.4,0.837247525
BrC(Br)(Br)Br,3.56,366.2,1.269760545
BrC(Br)(Br)Br,3.35,365,1.208960346
BrC(Br)(Br)Br,3.5,367,1.252762968
BrC(Br)(Br)Br,2.92,345.2,1.071583616
BrC(Br)(Br)Br,3.95,363.2,1.373715579
N#CCl,11.38,266.3,2.431857429
O=C(Cl)Cl,5.74,145.4,1.74745921
O=C(Cl)Cl,5.59,142.1,1.720979287
O=C(Cl)Cl,4.73,139.2,1.553925203
O=C(Cl)Cl,5.73,145.3,1.745715531
FC(Cl)(Cl)Cl,6.9,162.7,1.931521412
ClC(Cl)(Cl)Cl,2.52,250.3,0.924258902
ClC(Cl)(Cl)Cl,2.49,247.8,0.91228271
ClC(Cl)(Cl)Cl,2.52,250.2,0.924258902
ClC(Cl)(Cl)Cl,2.43,250.4,0.887891257
ClC(Cl)(Cl)Cl,2.69,249,0.989541194
O=S(=O)(Cl)C(Cl)(Cl)Cl,7.46,418.5,2.009555414
O=C(F)F,6.7,161.9,1.902107526
FC(F)(F)F,0.71,89.53,-0.342490309
FC(F)(F)F,0.71,89.56,-0.342490309
FC(F)(F)F,0.69,88.44,-0.371063681
FC(F)(F)F,0.7,89.5,-0.356674944
O=C=O,7.94,215.6,2.071913275
S=C=S,4.39,161.1,1.479329227
BrC(Br)Br,11.09,281.5,2.406043801
FC(F)Cl,4.12,115.7,1.415853163
ClC(Cl)Cl,9.54,209.6,2.255493485
ClC(Cl)Cl,8.9,200,2.186051277
FC(F)(F)S,4.93,116,1.595338988
C#N,8.4,259.9,2.128231706
N#CS,10.87,163.2,2.386006701
ClCCl,6.16,178.2,1.818076778
FCF,4.36,136.4,1.472472057
ICI,12.05,279.2,2.48906466
N#CN,8.76,317.2,2.170195905
N#CN,7.27,318.7,1.983756292
c1nn[nH]n1,18,430,2.890371758
c1nn[nH]n1,17.7,432.1,2.87356464
c1nn[nH]n1,18.4,430.7,2.912350665
C=O,7.53,155,2.018895042
CBr,5.98,179.5,1.788420568
CCl,6.42,174.5,1.859418118
CP(=O)(F)Cl,11.85,250.7,2.472327868
CP(=O)(Cl)Cl,18.08,306.1,2.894806355
CP(=O)(F)F,11.88,236.3,2.474856314
CI,9.12,206.8,2.210469804
N=CO,8.67,275.6,2.159868791
N=CO,7.98,275.7,2.076938411
C[N+](=O)[O-],9.7,244.8,2.272125886
CO[N+](=O)[O-],8.24,190.2,2.109000344
N=C(N)O,16.6,406.2,2.809402695
N=C(N)O,14.6,406.5,2.681021529
N=C(N)O,15.13,407.5,2.716679528
N=C(N)O,13.9,405.8,2.63188884
N=C(N)O,14.6,407.2,2.681021529
N=C(N)O,14.6,406.7,2.681021529
N=C(N)O,13.6,405.2,2.610069793
N=C(N)O,15.03,407.9,2.710048204
N=C(N)O,12.93,408.1,2.559550193
N=C(N)O,13.61,406,2.610804817
N=C(N)O,13.47,406.3,2.60046499
N=C(N)O,14.52,405.9,2.675527009
NC[N+](=O)[O-],11.86,324.2,2.473171394
N=C(N)S,15.17,450.2,2.719319793
N=C(N)S,15.64,444.7,2.749831735
N=C(N)S,12.55,452.2,2.529720666
N=C(N)S,16.96,454.2,2.83085763
N=C(N)S,15,454.4,2.708050201
N=C(N)S,14.42,445.5,2.668616132
N=C(N)S,15.28,455,2.726544784
N=C(N)S,13.8,453.3,2.624668592
N=C(N)N[N+](=O)[O-],33.46,505.2,3.510350696
CO,3.21,175.9,1.166270937
CO,3.22,175.6,1.16938136
CO,3.16,175.4,1.150572028
CO,3.17,175.2,1.153731588
CO,3.18,175.3,1.156881197
CS,5.9,150.2,1.774952351
CN,6.13,179.7,1.81319475
CP(=O)(O)O,10.41,382.1,2.342766883
CNN,10.42,220.8,2.343727036
FC(F)(Br)C(F)(F)Br,7.04,162.8,1.95160817
FC(F)=C(F)Cl,5.55,115,1.713797928
FC(F)(F)C(F)(F)Cl,1.88,173.7,0.631271777
FC(F)(Cl)C(F)(F)Cl,1.51,180.6,0.412109651
FC(F)(F)C(Cl)(Cl)Cl,4.11,287.5,1.413423029
FC(F)(Cl)C(F)(Cl)Cl,2.47,236.9,0.904218151
ClC(Cl)=C(Cl)Cl,10.88,250.8,2.386926241
FC(Cl)(Cl)C(F)(Cl)Cl,3.7,297.9,1.30833282
FC(Cl)(Cl)C(F)(Cl)Cl,3.7,299.7,1.30833282
ClC(Cl)(Cl)C(Cl)(Cl)Cl,9.75,458,2.277267285
O=C(F)C(=O)F,13.4,260.7,2.595254707
N#CC(F)(F)F,4.97,128.7,1.60341984
FC(F)=C(F)F,7.71,142,2.042518188
FC(F)(F)C(F)(F)F,2.69,173.1,0.989541194
N#CC#N,8.11,245.3,2.093097868
FC(F)(F)C(Cl)Br,4.84,154.7,1.576914721
FC(Cl)C(F)(F)Br,4.38,146.2,1.477048724
FC(F)(F)C(Cl)Cl,5.51,145.7,1.706564623
FC(F)(Cl)C(F)(Cl)Cl,7.08,135.7,1.957273908
ClC=C(Cl)Cl,8.45,188.5,2.134166441
O=C(O)C(Cl)(Cl)Cl,5.88,330.7,1.771556762
O=C(O)C(Cl)(Cl)Cl,5.9,332.3,1.774952351
FC(F)C(F)(F)F,2.25,172.6,0.810930216
C#C,3.76,192.4,1.324418957
ClC(Br)C(Cl)Br,8.3,206.3,2.116255515
C=C(Cl)Cl,6.51,150.59,1.873339456
FCC(F)(Cl)Cl,8.19,163,2.102913898
O=C(O)C(Cl)Cl,12.34,286.5,2.512846018
O=C(O)C(Cl)Cl,7.64,284,2.033397603
ClC(Cl)C(Cl)Cl,10.1,231,2.312535424
ClC(Cl)C(Cl)Cl,9.17,230.8,2.215937286
FCC(F)(F)F,2.01,169.4,0.698134722
O=C(O)C(=O)O,3.42,370,1.229640551
O=C(O)CBr,13.9,319.2,2.63188884
BrCC(Br)Br,9.11,244,2.209372711
C=CCl,4.92,119.3,1.593308531
CC(F)(F)Cl,2.69,142.4,0.989541194
O=C(O)CCl,16.3,334.8,2.791165108
O=C(O)CCl,12.28,334.4,2.507971923
O=C(O)CCl,13.88,329.2,2.630448955
O=C(O)CCl,16.3,334.3,2.791165108
CC(Cl)(Cl)Cl,2.35,243.1,0.854415328
CC(Cl)(Cl)Cl,1.89,239.2,0.636576829
CC(Cl)(Cl)Cl,1.88,240.1,0.631271777
CC(Cl)(Cl)Cl,1.88,240.2,0.631271777
ClCC(Cl)Cl,11.38,237.1,2.431857429
OCC(Cl)(Cl)Cl,10.05,290.6,2.307572635
CC(F)(F)F,6.19,161.9,1.822935087
O=C(O)CI,15.5,355.1,2.740840024
CC#N,8,228.2,2.079441542
CC#N,8.17,229.3,2.100468909
CC#N,8.91,229.2,2.187174241
CN=C=O,7.45,178.5,2.008214032
c1nc[nH]n1,16.1,393.5,2.778819272
c1nc[nH]n1,10.76,393.3,2.375835555
CC([N+](=O)[O-])([N+](=O)[O-])[N+](=O)[O-],11.72,329.2,2.461296784
O=[N+]([O-])C(CO)([N+](=O)[O-])[N+](=O)[O-],2.72,344.9,1.00063188
C=C,3.35,104,1.208960346
C=C,2.92,103.6,1.071583616
ClCCBr,9.62,256.4,2.263844265
BrCCBr,10.94,283,2.392425797
BrCCBr,10.84,283.1,2.383242996
CC(Cl)Cl,7.87,176.2,2.063058062
ClCCCl,8.74,237.3,2.16791019
ClCCCl,8.83,237.2,2.178155015
ClCCCl,8.75,237.6,2.1690537
CC(F)F,1.57,154.6,0.451075619
N#CNC(=N)N,25,482.7,3.218875825
N#CNC(=N)N,22.96,487.6,3.133753571
Cn1cnnn1,15.7,315,2.753660712
Cn1ncnn1,12.37,286,2.515274186
Cc1nn[nH]n1,16,418,2.772588722
N=c1nc[nH][nH]1,21.93,428.3,3.087855562
CC=O,1.72,242.9,0.542324291
CC(=O)O,11.72,289.65,2.461296784
CC(=O)O,11.72,289.7,2.461296784
CC(=O)O,10.83,289.8,2.382320061
CC(=O)O,11.52,283.7,2.444084655
CC(=O)O,11.13,290.1,2.409644165
CCCl,4.45,134.8,1.492904096
CC(=N)O,15.5,355.2,2.740840024
CC(=N)O,15.5,354.1,2.740840024
CC(=N)O,15.6,353.5,2.747270914
CC(=N)O,15.6,353.3,2.747270914
CC(=N)O,16.4,355.5,2.797281335
CN=CO,10.44,270.6,2.345644582
COC(=N)O,16.46,328.8,2.800933195
COC(=N)O,16.7,328.6,2.815408719
CC[N+](=O)[O-],9.85,183.7,2.287471455
CCO[N+](=O)[O-],8.53,178.6,2.143589362
CC(=N)S,18.36,385.7,2.910174385
CC,0.58,90.3,-0.544727175
CC,2.86,89.9,1.050821625
CC,2.79,89.5,1.026041596
O=P(O)(O)CCCl,14.79,347.9,2.693951277
CNC(=N)O,12.5,372,2.525728644
CNC(=N)O,16.6,375,2.809402695
CNC(=N)O,14.06,378.1,2.643333886
CNC(=N)O,15.75,373.8,2.756840365
CNC(=N)O,13.97,375.3,2.636912173
CNC(=N)S,19.46,392.4,2.968361077
CNC(=N)S,16.3,393,2.791165108
CC(N[N+](=O)[O-])N[N+](=O)[O-],29.5,450,3.384390263
COC,4.94,131.7,1.597365331
CCO,5.08,158.6,1.625311262
CCO,4.64,158.8,1.534714366
CCO,4.97,159,1.60341984
CCO,5.02,158.5,1.613429934
CCO,4.96,158.7,1.601405741
CCO,4.63,156.2,1.532556868
CS(C)=O,12.34,292.2,2.512846018
CS(C)=O,14.37,291.7,2.6651427
OCCO,11.98,261.2,2.483238593
OCCO,11.1,261.6,2.406945108
OCCO,9.5,256.6,2.251291799
OCCO,9.96,260.6,2.298577072
CS(C)(=O)=O,18.28,382,2.905807566
CSC,7.98,174.9,2.076938411
CSSC,9.19,188.4,2.218115936
CNC,5.94,181,1.781709133
NCCO,13.32,283.2,2.589266665
NCCO,13.8,283.9,2.624668592
COP(N)(=O)SC,13.34,316.8,2.59076704
CN(C)N,10.07,216,2.309560707
CNNC,13.64,264.3,2.613006652
NCCN,21.08,284.1,3.048324724
NCCN,22.58,284.3,3.117064559
O=C(C(F)(F)F)C(F)(F)F,8.38,147.7,2.125847914
FC(F)(F)CC(F)(F)Cl,10.47,165.4,2.348514025
FC(F)(F)CC(Cl)(Cl)Cl,14.07,232.7,2.644044871
FC(F)OC(F)(F)OC(F)F,7.2,153,1.974081026
N#CCC#N,10.7,305,2.370243741
FC(F)(F)CC(Cl)Cl,10.13,182.2,2.315501318
C=CC#N,6.23,189.6,1.829376333
c1cscn1,9.58,239.4,2.259677592
c1ncncn1,14.56,353.4,2.678278043
c1ncncn1,14.58,353.9,2.679650727
FC(F)(F)CCCl,5.31,179.4,1.669591835
ClCCC(Cl)(Cl)Cl,10.49,237.7,2.350422422
c1c[nH]cn1,13.1,359.3,2.57261223
c1c[nH]cn1,11.18,362.3,2.414126468
c1c[nH]cn1,12.5,363.2,2.525728644
c1c[nH]cn1,12.82,361.9,2.551006451
c1cn[nH]c1,14.2,343.2,2.653241965
c1cn[nH]c1,13.8,333.1,2.624668592
N#CCC(=N)O,18.81,394.7,2.934388643
N#CCC(=N)O,18.97,394.2,2.942858784
N#CCC(=N)O,21.7,387.3,3.077312261
OC1=NC(S)=NC1,27.1,506.1,3.299533728
OC1=NC(O)=NC1,24.8,495.8,3.210843653
Sc1ncc[nH]1,17.5,503.5,2.862200881
O=[N+]([O-])N1CC([N+](=O)[O-])([N+](=O)[O-])C1,25.9,372.9,3.254242969
C=CC(=O)O,11.4,286.35,2.433613355
C=CC(=O)O,11.16,285.5,2.412335957
C=CC(=O)O,9.51,285.7,2.252343877
O=C1OCCO1,13.02,311.2,2.566486637
O=C1OCCO1,13.3,309.5,2.587764035
O=C(O)CC(=O)O,18.74,406,2.930660277
O=C(O)CC(=O)O,23.1,407.5,3.139832618
BrCC(Br)CBr,23.78,289.4,3.168844891
CCC#N,5.03,180.4,1.615419984
C=CC(=N)O,15.33,358,2.729811693
OC1=NCC1,17.5,349.2,2.862200881
SC1=NCCO1,15.9,370,2.766319109
OC1=NCCO1,17.3,360,2.850706502
SC1=NCCS1,16.8,377,2.821378886
O=[N+]([O-])OCC(CO[N+](=O)[O-])O[N+](=O)[O-],20.13,275.9,3.00221124
O=[N+]([O-])OCC(CO[N+](=O)[O-])O[N+](=O)[O-],21.87,285.5,3.085115835
C1CC1,5.44,145.6,1.693779061
C=CC,3,87.9,1.098612289
C=CC,2.93,88.2,1.075002423
BrCCCBr,14.64,238.6,2.683757509
CC(Cl)CCl,6.4,172.7,1.85629799
CC(C)(Cl)Cl,2.39,239.6,0.871293366
CC(C)(Cl)Cl,2.34,239.3,0.850150929
O=C1NCCN1,11.5,401.2,2.442347035
OC1=NCCN1,14.7,403,2.687847494
CC(C)([N+](=O)[O-])[N+](=O)[O-],2.64,324.5,0.970778917
CC(C)([N+](=O)[O-])[N+](=O)[O-],2.41,326,0.879626748
CC(CO)([N+](=O)[O-])[N+](=O)[O-],2.85,366.7,1.047318994
Cc1nnnn1C,14.7,349,2.687847494
Cc1nnn(C)n1,13.5,256.4,2.602689685
O=[N+]([O-])N1CCN([N+](=O)[O-])C1,25.08,410,3.222070716
O=NN1CN([N+](=O)[O-])CN([N+](=O)[O-])C1,25.97,446,3.256942026
O=[N+]([O-])N1CN([N+](=O)[O-])CN([N+](=O)[O-])C1,33.5,476.7,3.511545439
O=[N+]([O-])N1CN([N+](=O)[O-])CN([N+](=O)[O-])C1,32.98,478.5,3.495901317
O=[N+]([O-])N1CN([N+](=O)[O-])CN([N+](=O)[O-])C1,33.6,477.4,3.514526067
O=[N+]([O-])N1CN([N+](=O)[O-])CN([N+](=O)[O-])C1,33.43,478.3,3.5094537
O=[N+]([O-])N1CN([N+](=O)[O-])CN([N+](=O)[O-])C1,37.66,478.2,3.628598523
CC(C)=O,5.77,179,1.752672081
CC(C)=O,5.72,176.6,1.743968805
CC(C)=O,5.69,177.6,1.738710248
CC(C)=O,4.77,178.5,1.562346305
C1COC1,6.27,173.2,1.835776355
CCC=O,8.59,171.3,2.150598736
CC1CO1,6.53,161.3,1.876406943
C1COCO1,6.57,175.9,1.882513832
COC(C)=O,7.49,174.9,2.013568798
CCC(=O)O,11.25,252.5,2.420368129
CCC(=O)O,10.66,252.7,2.366498419
CCC(=O)O,7.24,253.4,1.979621206
O=C(O)CCS,16.97,291.9,2.831447079
COC(=O)CO,11.4,272.8,2.433613355
COC(=O)OC,11.58,278.2,2.449279472
C1OCOCO1,15.1,333.4,2.714694744
CC(O)C(=O)O,11.34,289.9,2.428336298
CC(C)Br,6.55,184.1,1.87946505
CC(C)Cl,7.39,155.8,2.000127735
CC(C)Cl,7.39,156,2.000127735
NC1CC1,13.18,237.8,2.578700529
CCC(=N)O,12.9,352.6,2.557227311
CN(C)C=O,8.95,212.9,2.191653532
CN=C(C)O,10.11,303.7,2.313525033
CN=C(C)O,9.73,303.8,2.275213896
CCOC(=N)O,16.79,321.4,2.820783471
CCOC(=N)O,15.23,321.9,2.723267167
CC(C)O[N+](=O)[O-],10.1,190.9,2.312535424
CCC,3.51,85.5,1.255616037
CCNC(=N)O,9.6,356.7,2.261763098
CCNC(=N)O,14.65,368.9,2.684440335
CCNC(=N)O,14.39,365.1,2.666533521
CCNC(=N)O,13.94,367.8,2.634762405
CN(C)C(=N)O,22.97,455.2,3.134189017
CN=C(O)NC,12.76,375.2,2.546315278
CN=C(O)NC,13,379.5,2.564949357
CN=C(O)NC,12.43,379.9,2.520112906
CCOC(O)=NN,20,318.9,2.995732274
CN=C(S)NC,13.71,337,2.618125494
CN=C(S)NC,12.7,336.9,2.541601993
CN=C(S)NC,11.4,339,2.433613355
CCNC(=N)S,21.34,380.8,3.060583246
CN(CN(C)[N+](=O)[O-])[N+](=O)[O-],16.81,327.1,2.821973947
CN(CN(C)[N+](=O)[O-])[N+](=O)[O-],16.79,327.6,2.820783471
CN(CN(C)[N+](=O)[O-])[N+](=O)[O-],16.36,330.2,2.794839331
CCCO,5.4,148.7,1.686398954
CCCO,5.37,148.8,1.680827909
CC(C)O,5.41,185.2,1.688249093
CC(C)O,5.37,184.7,1.680827909
CC(C)O,5.3,184.6,1.667706821
COCOC,8.33,168,2.119863456
C[C@@H](O)CO,8.4,240,2.128231706
CC(O)CO,8.4,240,2.128231706
OCCCO,13.47,253.2,2.60046499
OCCCO,11.4,249,2.433613355
OCCCO,7.1,245.5,1.960094784
CCS(C)(=O)=O,11.3,307.7,2.424802726
OCC(O)CO,14.7,289.7,2.687847494
OCC(O)CO,18.28,291,2.905807566
CCSC,9.76,167.2,2.2782924
CCCS,5.48,160,1.701105101
CC(C)S,5.73,142.6,1.745715531
CC(C)N,7.33,178,1.991975516
CCCN,10.97,188.4,2.395164274
CN(C)C,6.55,156.1,1.87946505
NCCCO,16.9,284.1,2.827313622
NCCCN,12.19,262.4,2.500615943
CC(N)CN,18.42,236.5,2.913437031
CNN(C)C,9.49,201.2,2.250238613
Brc1sc(Br)c(Br)c1Br,21.1,391.8,3.04927304
FC(F)(F)C1=N[SH2]N=C1C(F)(F)F,11.5,284,2.442347035
Clc1ccc(Cl)s1,12,231.4,2.48490665
Clc1ccc(Cl)s1,11.87,232.7,2.474014209
O=C1C=CC(=O)O1,13.55,325.7,2.606386547
O=C1C=CC(=O)O1,13.65,326,2.613739522
O=C1C=CC(=O)O1,12.93,325,2.559550193
Brc1cccs1,7.9,203.9,2.066862759
Clc1cccs1,8.97,201.3,2.193885676
Clc1ccsc1,9.39,214.2,2.239645293
CC(=O)OC(F)(F)OC(F)(F)F,8.51,167.4,2.141241943
Cn1cnc(Cl)c1Cl,17,330.1,2.833213344
c1cnccn1,15.3,326.5,2.727852828
c1cnccn1,14.78,325.4,2.693274916
c1cnccn1,12.95,328.2,2.561095788
c1cncnc1,13,294.3,2.564949357
N#CCCC#N,3.7,329.7,1.30833282
N#CCCC#N,3.75,330.3,1.32175584
N#CCCC#N,3.72,331.2,1.313723668
O=C1N=C(O)CC(O)=N1,20.33,526.2,3.012097628
O=C1N=C(O)CC(O)=N1,20.87,526.4,3.038312721
c1ccoc1,3.8,187.6,1.335001067
O=C1COC(=O)CO1,14.8,356.2,2.694627181
c1ccsc1,5.04,235,1.617406082
c1ccsc1,4.97,233.7,1.60341984
C/C(Cl)=C/C(=O)O,20.71,366.8,3.030616675
C/C(Cl)=C\C(=O)O,13.81,333.7,2.625392967
c1cc[nH]c1,7.91,249.7,2.068127782
Cc1nccs1,12.16,248.6,2.498151877
Cc1cscn1,8.9,229.1,2.186051277
Cc1cncs1,7.65,232.8,2.034705648
C=C=CC,6.95,136.9,1.93874166
C=CC=C,7.82,164.2,2.056684555
C=CC=C,7.98,164.3,2.076938411
C#CCC,6.03,147.4,1.796747011
CC#CC,9.23,240.9,2.222459049
COC(F)(F)C(F)(F)OC,10.75,252,2.374905755
Cn1ccnc1,12.3,268.6,2.509599262
Cn1ccnc1,12.11,272.2,2.494031558
Cc1ncc[nH]1,12.67,419,2.539236994
Cn1cccn1,11.4,229.2,2.433613355
CN1CC(O)=NC1=O,21.5,428.9,3.068052935
CCn1cc([N+](=O)[O-])nn1,16.4,349,2.797281335
O=[N+]([O-])N1CN([N+](=O)[O-])CC([N+](=O)[O-])([N+](=O)[O-])C1,29.37,430,3.379973745
O=C1CCC1,10.8,220.5,2.379546134
O=C1CCCO1,9.57,229.8,2.258633205
C=CC(=O)OC,9.73,197.5,2.275213896
C=COC(C)=O,8.46,180.6,2.135349174
C=C(C)C(=O)O,8.06,287.5,2.086913557
C/C=C\C(=O)O,12.57,344.4,2.531313023
CC1COC(=O)O1,8.96,220.3,2.192770227
CC1COC(=O)O1,8.01,218.7,2.080690761
CC1COC(=O)O1,9.62,218.2,2.263844265
O=C1COCCO1,16.14,301.7,2.781300663
COC(=O)C(=O)OC,21.07,327.6,3.047850228
O=C(O)CCC(=O)O,27.4,460.1,3.310543013
O=C(O)CCC(=O)O,31.26,458,3.442339325
O=C(O)CCC(=O)O,34,455.2,3.526360525
O=C(O)CCC(=O)O,32.95,457,3.494991261
O=C(O)CC(O)C(=O)O,29.03,403,3.368329778
O=C(O)CC(O)C(=O)O,33.52,402,3.512142276
O=C(O)CC(O)C(=O)O,30.17,396,3.406848053
O=C(O)CC(O)C(=O)O,23.01,376,3.135928904
C=C(C)C(=N)O,15,385.1,2.708050201
OC1=NCCC1,13.92,299,2.633326655
SC1=NCCCO1,18.4,400.2,2.912350665
OC1=NC[C@H](O)C1,23.41,392,3.153163282
OC1=NCC(O)C1,28.49,429.8,3.349553149
OC1=NCC(O)C1,26.74,394.8,3.286160572
CC1=NCCS1,6.6,209.1,1.887069649
C=CCC,3.85,87.8,1.348073148
C/C=C\C,7.05,134.5,1.953027617
C/C=C\C,7.31,134.3,1.989243274
C/C=C\C,7.32,133.8,1.990610328
C/C=C/C,9.76,167.6,2.2782924
C1CCC1,1.09,182.4,0.086177696
C1CCC1,1.04,183,0.039220713
C=C(C)C,5.92,132.4,1.778336449
OCC(Br)C(Br)CO,29.29,363.2,3.377246161
ClCCOCCCl,8.39,226.5,2.12704052
COP(=O)(OC)C(O)C(Cl)(Cl)Cl,20.37,351,3.01406323
COP(=O)(OC)C(O)C(Cl)(Cl)Cl,22.4,357,3.109060959
COP(=O)(OC)C(O)C(Cl)(Cl)Cl,25,384,3.218875825
CC(O)=NC(=O)CN,26.7,412.2,3.284663565
CC(O)=NC(=O)CN,25.6,408.2,3.242592351
O=[N+]([O-])N1CCN([N+](=O)[O-])CN([N+](=O)[O-])C1,27.74,435.9,3.322875415
[N-]=[N+]=NCN(CN(CN(CN=[N+]=[N-])[N+](=O)[O-])[N+](=O)[O-])[N+](=O)[O-],40.17,406,3.693120448
OC1CCC1,8.53,228.4,2.143589362
CCC(C)=O,8.44,186.5,2.132982309
CCCC=O,11.09,176.8,2.406043801
C1CCOC1,8.54,164.8,2.144761008
O=S1CCCC1,0.51,231.8,-0.673344553
CCCC(=O)O,7.55,267.55,2.021547563
CCCC(=O)O,11.59,268,2.450142657
CCCC(=O)O,11.07,267.4,2.404238747
C1COCCO1,16.39,277.2,2.796671393
C1COCCO1,10.3,284.3,2.332143895
C1COCCO1,12.84,284.1,2.552565298
C1COCCO1,11.88,283.2,2.474856314
CCOC(C)=O,10.48,189.3,2.349468679
CCOC(=O)OC,11.24,219.4,2.419478844
C1CCSC1,7.35,177,1.994700313
C1CSCSC1,14.4,327.2,2.667228207
C1CSCCS1,21.6,384.6,3.072693315
CCCCBr,9.12,160.9,2.210469804
CCCCBr,9.23,160.4,2.222459049
CCC(C)Br,6.88,160.3,1.928618652
CC(C)(C)Br,1.97,256.1,0.678033543
CC(C)(C)Cl,1.89,247.8,0.636576829
CC(C)(C)Cl,1.92,248.6,0.652325186
CC(C)(C)Cl,1.97,248.1,0.678033543
CC(C)(C)Cl,1.99,248.4,0.688134639
CC(C)(C)Cl,2.07,247.5,0.727548607
CC(C)(C)Cl,2.01,248.2,0.698134722
C1CCNC1,8.58,215.3,2.149433913
CCCC(=N)O,19.2,387.3,2.954910279
CC(C)C(=N)O,19.8,401.2,2.985681938
CC(C)C(=N)O,19.2,400.1,2.954910279
CC(=O)N(C)C,10.2,254.2,2.32238772
CC(=O)N(C)C,8.2,253.2,2.104134154
CC(=O)N(C)C,10.42,251.4,2.343727036
CC(C)(C)[N+](=O)[O-],2.56,298.5,0.940007258
CC(C)(C)[N+](=O)[O-],2.6,299.2,0.955511445
CC(C)(CO)[N+](=O)[O-],3.17,363.9,1.153731588
CC(C)(CO)[N+](=O)[O-],3.74,361,1.319085611
CC(C)(CO)[N+](=O)[O-],3.3,364,1.193922468
CC(CO)(CO)[N+](=O)[O-],3.84,424,1.345472367
CCCC,4.66,134.9,1.539015448
CCCC,4.37,134.1,1.474763009
C1CNCCN1,22.1,381.8,3.095577609
CCCNC(=N)O,11.9,370.2,2.4765384
CCCNC(=N)O,14.92,383,2.702702595
CCCNC(=N)O,14.63,381,2.683074215
CC(C)NC(=N)O,17.4,427.4,2.856470206
CN=C(O)N(C)C,14.3,344.4,2.660259537
CN=C(S)N(C)C,17.3,358.3,2.850706502
CN=C(S)N(C)C,19.3,357.1,2.960105096
CCN(CN(C)[N+](=O)[O-])[N+](=O)[O-],19.28,304.4,2.959068289
CCN(CN(C)[N+](=O)[O-])[N+](=O)[O-],19.28,304.8,2.959068289
CCCCO,9.28,183.9,2.227861547
CCC(C)O,5.97,184.7,1.786746927
CCC(C)O,6,177.4,1.791759469
CC(C)CO,6.32,171.2,1.843719208
CC(C)(C)O,6.42,295.1,1.859418118
CC(C)(C)O,6.7,299,1.902107526
CC(C)(C)O,6.78,298.5,1.913977102
CCOCC,7.19,156.9,1.972691172
COC(C)C,5.85,127.3,1.766441661
CCCOC,7.67,134,2.037316615
OCCCCO,17.48,294.2,2.86105737
OCCCCO,18.1,292.6,2.895911938
OCCCCO,17,289,2.833213344
OCCCCO,12,289.9,2.48490665
OCCCCO,18.7,293.6,2.928523524
CC(O)C(C)O,10.8,306.6,2.379546134
C[C@H](O)[C@H](C)O,11.6,291.3,2.451005098
OC[C@H](O)[C@@H](O)CO,29.1,361.8,3.370738174
CCCCS,10.46,157.5,2.347558459
CCC(C)S,6.48,133,1.86872051
CC(C)CS,4.98,128.3,1.605429891
CC(C)(C)S,2.48,274.4,0.90825856
CCSCC,11.92,169.2,2.478217662
CSC(C)C,9.36,171.7,2.23644529
CCCSC,9.91,160.2,2.293544348
CCSSCC,9.4,171.6,2.240709689
CC(C)(C)N,0.88,206.2,-0.127833372
CCNCC,13.3,224.7,2.587764035
NCCCCO,21.83,292.2,3.083285171
CC(N)(CO)CO,4.01,380.6,1.388791241
CC(N)(CO)CO,2.76,384.1,1.01523068
CC(N)(CO)CO,2.52,383.4,0.924258902
CC(N)(CO)CO,2.99,384,1.095273387
NC(CO)(CO)CO,3.1,444.6,1.131402111
NC(CO)(CO)CO,2.41,443.6,0.879626748
CC(C)(N)CN,2.23,256.1,0.802001585
Clc1nc(Cl)c(Cl)c(Cl)c1Cl,27.7,398.2,3.321432413
Oc1nc(Cl)c(Cl)cc1Cl,25.79,448.1,3.24998682
N#Cc1nc[nH]c1C#N,22.6,449,3.117949906
O=[N+]([O-])c1cc([N+](=O)[O-])nc([N+](=O)[O-])c1,22,436.2,3.091042453
c1cnc2ncnn2c1,19.4,419.5,2.965273066
O=Cc1ccco1,14.37,235.1,2.6651427
O=C(O)c1cccs1,21,400.9,3.044522438
O=C(O)c1ccsc1,18.3,412.9,2.90690106
O=C(O)c1ccco1,23.33,402.4,3.149740086
O=C(O)c1ccco1,20.5,403.6,3.020424886
O=C(O)c1ccco1,22.6,402.5,3.117949906
O=C(O)c1ccoc1,21.3,394.8,3.058707073
CC(O)=CC(=O)C(F)(F)F,8.45,232.4,2.134166441
c1ccncc1,8.28,231.5,2.113842968
c1ccncc1,8.27,231.1,2.112634509
c1ccncc1,3.1,230.4,1.131402111
N=c1ccc([N+](=O)[O-])c[nH]1,29.2,461.4,3.374168709
C1=CCC=C1,8.01,176.6,2.080690761
CC(C)(C#N)C#N,4.05,307.5,1.398716881
N#CCCCC#N,12.03,242,2.48740353
N#CCCCC#N,12.59,244.2,2.532902848
Nc1ccccn1,15.3,331.5,2.727852828
Nc1cccnc1,14.4,335.5,2.667228207
N=c1cc[nH]cc1,19.3,432.1,2.960105096
N=c1cc[nH]cc1,20.07,429.9,2.999226163
Cc1ccco1,8.55,181.9,2.145931283
OCc1ccco1,13.1,258.6,2.57261223
OCc1ccco1,14.8,253.3,2.694627181
O=C(O)C1(C(=O)O)CC1,17.4,413,2.856470206
C/C(=C\C(=O)O)C(=O)O,17.7,356.4,2.87356464
C/C(=C\C(=O)O)C(=O)O,25.3,365.3,3.230804396
Cc1cccs1,9.47,207.8,2.248128907
Cc1ccsc1,10.54,204.2,2.355177543
O=C(O)C(CCl)(CCl)CCl,20.9,383.9,3.039749159
Cn1cccc1,7.82,216.9,2.056684555
CCOC(=O)CC#N,11.78,246.8,2.466403178
O=C(O)[C@@H]1CCC(O)=N1,16.79,435.2,2.820783471
CC(=O)N1CC([N+](=O)[O-])([N+](=O)[O-])C1,22.9,387.6,3.131136911
CC(=O)N1CC([N+](=O)[O-])([N+](=O)[O-])C1,25.65,386.9,3.244543572
C1CC12CC2,6.43,166.1,1.860974538
C1=CCCC1,3.36,138.1,1.211940974
C=C1CCC1,5.86,138.5,1.768149604
C=C=C(C)C,7.95,159.5,2.073171929
C=CC(=C)C,4.86,127.2,1.581038438
C=CC(=C)C,4.92,127.3,1.593308531
C=CC(=C)C,4.83,126.4,1.574846468
C=C=CCC,7.56,135.9,2.02287119
C=C/C=C\C,5.64,132.4,1.729884066
C=C/C=C/C,7.14,185.7,1.965712776
C=CCC=C,6.14,124.3,1.814824742
CC=C=CC,6.13,147.5,1.81319475
BrCC(CBr)(CBr)CBr,27.97,433.5,3.331132507
ClCC1(CCl)COC1,16.95,292.2,2.830267834
CC1N=C(O)CN=C1O,30.6,543.9,3.421000009
O=C1CCCC1,11.4,221.2,2.433613355
CC(=O)/C=C(/C)O,14.5,254.8,2.674148649
CCC(=O)C(C)=O,7.84,221.2,2.059238834
C=C(C)C(=O)OC,13.45,225.5,2.598979106
C=C(C)C(=O)OC,14.35,225.6,2.663749942
CC(=O)CCC(=O)O,9.22,306.2,2.221375038
O=C(O)CCCC(=O)O,22.04,369,3.092858984
O=C(O)CCCC(=O)O,21.53,369.1,3.069447311
O=C(O)CCCC(=O)O,21.3,372.3,3.058707073
O=C(O)CCCC(=O)O,20.7,370.9,3.0301337
O=C(O)CCCC(=O)O,18.8,363.9,2.93385687
O=C(O)CCCC(=O)O,23,371,3.135494216
CC(CC(=O)O)C(=O)O,9.98,383,2.30058309
ClC1CCCC1,0.64,180,-0.446287103
CCCOC(=O)CCl,13,240,2.564949357
CN1CCCC1=O,11.04,249,2.401525041
CN1CCCC1=O,18.1,248.5,2.895911938
CC(O)=N[C@@H](CS)C(=O)O,20.37,374.7,3.01406323
C1CCCC1,0.62,178.2,-0.478035801
C1CCCC1,0.57,179.6,-0.562118918
C1CCCC1,0.6,179.7,-0.510825624
C1CCCC1,0.6,179,-0.510825624
C=CCCC,5.78,108,1.754403683
C=CCCC,5.81,107.9,1.759580571
C/C=C\CC,7.11,121.8,1.961502244
C/C=C/CC,8.35,133,2.122261539
C=C(C)CC,7.91,135.6,2.068127782
C=CC(C)C,5.36,104.7,1.678963975
CC=C(C)C,7.59,139.4,2.026831591
CC(C)N=C(O)CCl,26.05,351.3,3.260017768
CC(C)(CCl)CCl,1.6,262.2,0.470003629
CC(=O)N(C)C(=O)CN,23.64,430.7,3.162940193
CC(O)=NC(=O)[C@H](C)N,23.6,436.4,3.161246712
CC(O)=NC(=O)[C@H](C)N,21.7,431,3.077312261
CNCC(=O)N=C(C)O,27.4,412.7,3.310543013
N=C(O)CCCC(=N)O,38.4,453.9,3.64805746
CN=C(O)O/N=C(\C)SC,21.73,352.7,3.078693794
C=CC(C)(C)O,5.2,245,1.648658626
OC1CCCC1,1.54,257.4,0.431782416
CC(=O)C(C)C,9.34,180,2.234306252
CCCC(C)=O,10.63,196.3,2.363680192
CCC(=O)CC,11.59,234.2,2.450142657
CCCCC=O,15,151.6,2.708050201
CC(C)(C)C=O,2.52,272.1,0.924258902
CCOC(=O)CC,12.29,199.8,2.508785924
CCCC(=O)OC,11.36,190.1,2.430098413
CCOC(=O)OCC,9.24,198.2,2.223541886
CC(CO)(CO)C(=O)O,3.59,468,1.278152203
O=C[C@H](O)[C@@H](O)[C@H](O)CO,31.7,416.2,3.456316681
O=P1(O)OCC2(CO1)COP(=O)(O)OC2,22.46,583.7,3.111735949
SC1CCCC1,7.83,155.4,2.05796251
CC1CCCS1,8.87,172.4,2.182674796
CC1CCSC1,10.37,192,2.338917022
C1CCSCC1,2.45,292.3,0.896088025
CCCCCBr,11.47,185.1,2.439734931
CCC(Br)CC,8.4,167.3,2.128231706
CC(C)(C)CCl,1.81,250.5,0.593326845
NC1CCCC1,8.31,190.4,2.117459609
C1CCNCC1,14.85,262.1,2.697999865
CCCCC(=N)O,17.9,377.2,2.884800713
CCCCOC(=N)O,17.45,326.2,2.859339649
CCCCC,8.41,143.5,2.129421474
CN=C(O)CSP(=S)(OC)OC,20.49,321,3.019936962
CN(C)C(=O)N(C)C,14,272.1,2.63905733
CN(C)C(=O)N(C)C,13.4,270.5,2.595254707
CCN(CC)C(=N)O,16.78,342.3,2.820187701
CCN=C(O)NCC,12.46,383.4,2.522523513
CCCCNC(=N)O,15.7,370,2.753660712
CCCCNC(=N)O,14.55,369.3,2.677590994
CC(C)(C)NC(=N)O,33.13,449.8,3.500439216
CCN=C(S)NCC,17.14,350.5,2.841414913
CN(C)C(=S)N(C)C,22.14,350.4,3.097385927
CN(C)C(=S)N(C)C,18.2,351,2.901421594
CCN(CN(CC)[N+](=O)[O-])[N+](=O)[O-],31.5,348.2,3.449987546
CCCN(CN(C)[N+](=O)[O-])[N+](=O)[O-],21.1,309.2,3.04927304
CC(C)N(CN(C)[N+](=O)[O-])[N+](=O)[O-],20.5,334.7,3.020424886
CCCCOC,10.85,157.5,2.38416508
CCCOCC,8.39,145.7,2.12704052
COC(C)(C)C,7.6,164.6,2.028148247
CCCCCO,10.51,195.6,2.352327185
CCCCCO,9.83,194.2,2.285438934
CCCC(C)O,8.48,200,2.13771045
CCC(O)CC,9.08,204.2,2.206074193
CCC(C)(C)O,2.24,262.7,0.806475866
CCC(C)(C)O,2,264.7,0.693147181
CCC(C)(C)O,4.46,264,1.495148766
CC(C)(C)CO,2.9,328.2,1.064710737
CC(C)(C)CO,3.87,329.8,1.353254507
CC(C)(C)CO,3.5,328.1,1.252762968
CC(C)(C)CO,4.06,325,1.401182974
CC(C)(CO)CO,4.55,401.2,1.515127233
CC(C)(CO)CO,7.52,402.4,2.017566138
CC(C)(CO)CO,4.23,401.6,1.442201993
CC(C)(CO)CO,4.95,401.8,1.599387577
CC(C)(CO)CO,4.34,402.8,1.467874348
CC(C)(CO)CO,4.3,402.5,1.458615023
CC(C)(CO)CO,4.44,403.3,1.490654376
CC(C)(CO)CO,4.71,398,1.549687908
CC(C)(CO)CO,4.6,403.2,1.526056303
OCCCCCO,9.7,254.4,2.272125886
OCCCCCO,15.72,248,2.754933787
CC(CO)(CO)CO,4.72,474.4,1.5518088
CC(CO)(CO)CO,5.38,470,1.682688374
CC(CO)(CO)CO,4.8,472.4,1.568615918
CC(CO)(CO)CO,4.7,473.7,1.547562509
OCC(CO)(CO)CO,5.3,532.3,1.667706821
OCC(CO)(CO)CO,4.6,513.2,1.526056303
OCC(CO)(CO)CO,7.11,538.7,1.961502244
OC[C@@H](O)[C@H](O)[C@@H](O)CO,37.8,366.9,3.632309103
OC[C@@H](O)[C@H](O)[C@@H](O)CO,42.6,366.2,3.751854253
OC[C@@H](O)[C@H](O)[C@@H](O)CO,33.26,369,3.504355474
OC[C@@H](O)[C@H](O)[C@@H](O)CO,33.68,367.5,3.516904189
OC[C@@H](O)[C@H](O)[C@@H](O)CO,37.7,368,3.629660094
OC[C@@H](O)[C@H](O)[C@@H](O)CO,37.4,365.7,3.621670704
CCCCSC,12.45,175.6,2.521720623
CCCCSC,12.45,175.3,2.521720623
CSC(C)(C)C,8.41,190.8,2.129421474
CCCSCC,10.58,156.1,2.358965426
CCCCCS,17.53,197.5,2.863913699
CC(C)CCS,7.41,139.6,2.002830439
CN(C)CCCN,12.38,194.4,2.516082267
NCCCCCN,29.82,285,3.395179309
Brc1c(Br)c(Br)c(Br)c(Br)c1Br,24.6,598.8,3.202746443
Fc1c(F)c(F)c(Cl)c(F)c1F,8.36,257.5,2.123458427
Fc1c(Cl)c(F)c(Cl)c(F)c1Cl,19.83,335,2.987195943
O=C1C(Cl)=C(Cl)C(=O)C(Cl)=C1Cl,30.87,567.2,3.429784839
O=[N+]([O-])c1c(Cl)c(Cl)c(Cl)c(Cl)c1Cl,19.2,418,2.954910279
Clc1c(Cl)c(Cl)c(Cl)c(Cl)c1Cl,25.2,502,3.226843995
Clc1c(Cl)c(Cl)c(Cl)c(Cl)c1Cl,23.85,505,3.171784217
Clc1c(Cl)c(Cl)c(Cl)c(Cl)c1Cl,22.4,501.1,3.109060959
[2H]C1([2H])C(=O)C([2H])([2H])C([2H])([2H])C([2H])([2H])C1([2H])[2H],1.19,241.5,0.173953307
O=[N+]([O-])c1c(F)c(F)c(F)c(F)c1F,11.81,250.5,2.46894663
Fc1c(F)c(F)c(F)c(F)c1F,11.61,278.2,2.451866796
Fc1c(F)c(F)c(F)c(F)c1F,11.59,278.3,2.450142657
N#CC(C#N)=C(C#N)C#N,24.92,472.2,3.215670694
N#CC(C#N)=C(C#N)C#N,23.69,475.2,3.165053018
Oc1c(Br)c(Br)c(Br)c(Br)c1Br,27.6,469.8,3.317815773
Oc1c(Br)c(Br)c(Br)c(Br)c1Br,19.14,502,2.951780386
O=[N+]([O-])c1c(Cl)c(Cl)cc(Cl)c1Cl,19.46,373.3,2.968361077
Clc1cc(Cl)c(Cl)c(Cl)c1Cl,20.6,357.7,3.025291076
Oc1c(Cl)c(Cl)c(Cl)c(Cl)c1Cl,15.63,462.6,2.749192144
Oc1c(Cl)c(Cl)c(Cl)c(Cl)c1Cl,15.17,464,2.719319793
Oc1c(Cl)c(Cl)c(Cl)c(Cl)c1Cl,17.15,462.5,2.841998174
Fc1cc(F)c(F)c(F)c1F,10.85,225.8,2.38416508
Fc1cc(F)c(F)c(F)c1F,10.88,225.7,2.386926241
Oc1c(F)c(F)c(F)c(F)c1F,12.8,306,2.549445171
Oc1c(F)c(F)c(F)c(F)c1F,16.41,310.6,2.797890905
Brc1cc(Br)c(Br)cc1Br,24.4,454.5,3.194583132
Brc1cc(Br)c(Br)cc1Br,27.88,453.1,3.327909586
Clc1ccc(Cl)c(Cl)c1Cl,17,319.7,2.833213344
Clc1ccc(Cl)c(Cl)c1Cl,17,320,2.833213344
Clc1cc(Cl)c(Cl)c(Cl)c1,19,323.9,2.944438979
Clc1cc(Cl)c(Cl)cc1Cl,27.25,413.3,3.305053521
Clc1cc(Cl)c(Cl)cc1Cl,24.4,410.1,3.194583132
Clc1cc(Cl)c(Cl)cc1Cl,24.9,412.6,3.214867803
Clc1cc(Cl)c(Cl)cc1Cl,26.34,412.8,3.271088696
Clc1cc(Cl)c(Cl)cc1Cl,24.1,412.2,3.18221184
Clc1ccc(N(Cl)Cl)c(Cl)c1Cl,18.7,505.8,2.928523524
Fc1ccc(F)c(F)c1F,10.93,233.3,2.391511302
Fc1cc(F)c(F)c(F)c1,10.67,226.9,2.367436065
Fc1cc(F)c(F)cc1F,15.05,277,2.711377991
Fc1ccc(N(F)F)c(F)c1F,13.85,308.1,2.628285233
Fc1ccc(N(F)F)c(F)c1F,14.27,306.8,2.658159431
N#Cc1nccnc1C#N,19.8,405.1,2.985681938
O=[N+]([O-])c1cc([N+](=O)[O-])c2no[n+]([O-])c2c1,20.73,452.7,3.031581926
Oc1cc(Cl)c(Br)cc1Cl,22.11,343.4,3.096029995
Brc1ccc(Br)c(Br)c1,17.9,317,2.884800713
Oc1c(Br)cc(Br)cc1Br,20.9,367.5,3.039749159
Oc1c(Br)cc(Br)cc1Br,18.52,366.2,2.918851229
O=[N+]([O-])c1ccc(Cl)c([N+](=O)[O-])c1,20.17,325.2,3.004196352
O=[N+]([O-])c1cccc([N+](=O)[O-])c1Cl,18.95,361.2,2.941803932
O=[N+]([O-])c1cccc(Cl)c1Cl,22.31,334.9,3.105035008
O=[N+]([O-])c1ccc(Cl)c(Cl)c1,17.75,315.4,2.876385516
O=[N+]([O-])c1ccc(Cl)c(Cl)c1,17.95,314.1,2.887590115
O=[N+]([O-])c1ccc(Cl)c(Cl)c1,17.6,316,2.867898902
Clc1ccc(Cl)c(Cl)c1,17.96,290.5,2.888147063
Clc1ccc(Cl)c(Cl)c1,13.6,289.4,2.610069793
Clc1ccc(Cl)c(Cl)c1,18.2,290.9,2.901421594
Clc1cccc(Cl)c1Cl,17.97,325.6,2.888703701
Clc1cccc(Cl)c1Cl,20.5,326.9,3.020424886
Clc1cccc(Cl)c1Cl,17.25,322.9,2.847812143
Clc1cccc(Cl)c1Cl,18.5,325.8,2.917770732
Clc1cc(Cl)cc(Cl)c1,18.44,335.8,2.914522218
Clc1cc(Cl)cc(Cl)c1,17.56,335.9,2.865623588
Clc1cc(Cl)cc(Cl)c1,18.2,336.7,2.901421594
Clc1cc(Cl)cc(Cl)c1,18.8,336.3,2.93385687
Oc1cc(Cl)c(Cl)cc1Cl,21.59,340.3,3.072230245
Clc1ccc(C(Cl)(Cl)Cl)cn1,14.5,324.7,2.674148649
Clc1cccc(C(Cl)(Cl)Cl)n1,20.3,337.8,3.010620886
O=[N+]([O-])c1ccc(F)cc1F,13.1,282.6,2.57261223
O=[N+]([O-])c1ccc(F)c(F)c1,16.4,268,2.797281335
Nc1cc(F)c(F)c(F)c1F,19.01,301,2.944965157
Nc1c(F)c(F)cc(F)c1F,8.19,305.4,2.102913898
O=[N+]([O-])c1cccc2nsnc12,22.6,381.4,3.117949906
O=[N+]([O-])c1cc([N+](=O)[O-])cc([N+](=O)[O-])c1,14.81,380.3,2.695302628
O=[N+]([O-])c1cc([N+](=O)[O-])cc([N+](=O)[O-])c1,15,398.4,2.708050201
O=[N+]([O-])c1cc([N+](=O)[O-])cc([N+](=O)[O-])c1,22.6,388.5,3.117949906
Clc1ccccc1Br,12.37,260.6,2.515274186
Clc1cccc(Br)c1,12.29,252,2.508785924
Clc1ccc(Br)cc1,19.9,338,2.990719732
Clc1ccc(Br)cc1,18.76,337.8,2.931726944
Brc1ccccc1I,14.42,294.2,2.668616132
Brc1cccc(I)c1,12.16,282.5,2.498151877
Brc1ccc(I)cc1,19.38,363.5,2.964241606
Brc1ccc(I)cc1,19.13,363.3,2.951257783
Brc1ccccc1Br,12.61,275,2.53449015
Brc1cccc(Br)c1,13.21,266.3,2.580974119
Brc1ccc(Br)cc1,20.39,360.5,3.015044585
Brc1ccc(Br)cc1,18.6,357.7,2.923161581
Brc1ccc(Br)cc1,20.3,259.2,3.010620886
Oc1ccc(Br)cc1Br,14.7,310,2.687847494
Oc1ccc(Br)cc1Br,14.72,313,2.689207113
Nc1c(Br)cc(Br)cc1Br,25.75,393,3.248434627
Fc1ccc(Cl)cc1,13.9,245,2.63188884
Clc1ccc(I)cc1,16.1,326.7,2.778819272
O=[N+]([O-])c1ccccc1Cl,18.11,305.8,2.896464272
O=[N+]([O-])c1ccccc1Cl,19.08,308.2,2.948640666
O=[N+]([O-])c1cccc(Cl)c1,19.52,316.9,2.971439581
O=[N+]([O-])c1cccc(Cl)c1,18.65,318,2.925846146
O=[N+]([O-])c1cccc(Cl)c1,19.37,317.6,2.963725477
O=[N+]([O-])c1ccc(Cl)cc1,14.48,359.2,2.672768387
O=[N+]([O-])c1ccc(Cl)cc1,16.37,356.2,2.795450391
O=[N+]([O-])c1ccc(Cl)cc1,15.03,355.1,2.710048204
O=[N+]([O-])c1ccc(Cl)cc1,16.17,356.1,2.783157674
O=[N+]([O-])c1ccc(Cl)cc1,11.85,354.6,2.472327868
O=[N+]([O-])c1ccc(Cl)cc1,14.1,357,2.646174797
O=[N+]([O-])c1ccc(O)c(Cl)c1,20.88,380.7,3.038791763
O=[N+]([O-])c1cc(Cl)ccc1O,22.69,360.3,3.121924299
O=[N+]([O-])c1cc(O)ccc1Cl,25.97,399.4,3.256942026
Nc1c(Cl)cc([N+](=O)[O-])cc1[N+](=O)[O-],21.1,433.2,3.04927304
Nc1c(Cl)cc([N+](=O)[O-])cc1[N+](=O)[O-],24.2,435.2,3.186352633
Clc1ccccc1Cl,13.09,255.9,2.57184858
Clc1ccccc1Cl,12.93,256.5,2.559550193
Clc1cccc(Cl)c1,12.51,248.3,2.526528324
Clc1cccc(Cl)c1,12.64,248.4,2.536866389
Clc1ccc(Cl)cc1,18.08,326.2,2.894806355
Clc1ccc(Cl)cc1,17.15,325.9,2.841998174
Clc1ccc(Cl)cc1,19,326.7,2.944438979
Clc1ccc(Cl)cc1,18.14,326.1,2.898119445
Nc1c(Cl)cc([N+](=O)[O-])cc1Cl,29.48,467.2,3.383712067
Oc1cccc(Cl)c1Cl,21.36,330,3.061520014
Oc1ccc(Cl)cc1Cl,20.09,318,3.000222179
Oc1cc(Cl)ccc1Cl,22.43,331,3.110399349
Oc1c(Cl)cccc1Cl,22.14,340,3.097385927
Oc1ccc(Cl)c(Cl)c1,20.93,341,3.041183536
Oc1cc(Cl)cc(Cl)c1,20.51,341,3.020912572
Fc1ccccc1F,11.05,226,2.402430428
Fc1cccc(F)c1,8.6,204.1,2.151762203
Fc1cccc(F)c1,8.58,204,2.149433913
Nc1cc(F)c(F)cc1F,23.11,332.5,3.140265424
Nc1c(F)cc(F)cc1F,16.91,307.5,2.827905163
Nc1cc(F)c(F)c(F)c1,17.87,335.6,2.883123329
Ic1ccccc1I,14.01,296.6,2.63977136
Ic1cccc(I)c1,15.93,307.4,2.768204124
Ic1ccc(I)cc1,24.1,405.2,3.18221184
Ic1ccc(I)cc1,22.3,402.4,3.104586678
Ic1ccc(I)cc1,22.37,402,3.107720776
O=[N+]([O-])c1ccccc1[N+](=O)[O-],22.18,387.7,3.099190982
O=[N+]([O-])c1ccccc1[N+](=O)[O-],22.84,396.1,3.128513385
O=[N+]([O-])c1cccc([N+](=O)[O-])c1,18.8,361.85,2.93385687
O=[N+]([O-])c1cccc([N+](=O)[O-])c1,16,364,2.772588722
O=[N+]([O-])c1cccc([N+](=O)[O-])c1,21.2,364.8,3.054001182
O=[N+]([O-])c1cccc([N+](=O)[O-])c1,24.2,363,3.186352633
O=[N+]([O-])c1cccc([N+](=O)[O-])c1,19.68,360.4,2.979602892
O=[N+]([O-])c1cccc([N+](=O)[O-])c1,17.57,360.1,2.866192902
O=[N+]([O-])c1cccc([N+](=O)[O-])c1,17.36,363.2,2.854168709
O=[N+]([O-])c1ccc([N+](=O)[O-])cc1,17.58,446,2.866761892
O=[N+]([O-])c1ccc([N+](=O)[O-])cc1,26.36,444.2,3.27184771
O=[N+]([O-])c1ccc([N+](=O)[O-])cc1,28.12,446.7,3.336481067
O=[N+]([O-])c1cccc(O)c1[N+](=O)[O-],22.67,419,3.121042465
O=[N+]([O-])c1cccc(O)c1[N+](=O)[O-],26.24,417,3.267284964
O=[N+]([O-])c1ccc(O)c([N+](=O)[O-])c1,25.3,388,3.230804396
O=[N+]([O-])c1ccc(O)c([N+](=O)[O-])c1,26.19,383.2,3.265377659
O=[N+]([O-])c1ccc([N+](=O)[O-])c(O)c1,23.73,381,3.16674007
O=[N+]([O-])c1cccc([N+](=O)[O-])c1O,22.91,329,3.131573496
O=[N+]([O-])c1cccc([N+](=O)[O-])c1O,19.58,336,2.974508637
O=[N+]([O-])c1ccc(O)cc1[N+](=O)[O-],25.37,407,3.233567374
c1ccc2nsnc2c1,16.3,317,2.791165108
Cn1cnc(C#N)c1C#N,14.8,360.2,2.694627181
[N-]=[N+]=Nc1ccc([N+](=O)[O-])cc1,21.3,341.4,3.058707073
[N-]=[N+]=Nc1ccc([N+](=O)[O-])cc1,17.1,345.4,2.839078464
O=C1C=CC(=O)C=C1,18.4,385.1,2.912350665
O=C1C=CC(=O)C=C1,18.35,385.7,2.909629575
O=C1C=CC(=O)C=C1,19.6,383.1,2.975529566
O=C1C=CC(=O)C=C1,18.53,386.1,2.91939104
Brc1ccccc1,10.7,242.4,2.370243741
Nc1ccc(Br)cc1[N+](=O)[O-],17.4,384.2,2.856470206
Oc1ccc(Br)cc1,16.9,337.8,2.827313622
Oc1ccc(Br)cc1,17.6,338.2,2.867898902
Oc1ccc(Br)cc1,16.57,336,2.807593831
Oc1ccc(Br)cc1,13,336.7,2.564949357
Nc1ccc(Br)cc1Br,21.37,351.4,3.061988069
Nc1cc(Br)ccc1Br,20.47,328.1,3.0189604
Nc1c(Br)cccc1Br,21.79,355.5,3.081451149
Clc1ccccc1,9.55,227.9,2.256541154
Oc1ccccc1Cl,12.52,283,2.527327366
Oc1cccc(Cl)c1,13.64,304.2,2.613006652
Oc1cccc(Cl)c1,14.91,305.8,2.702032129
Oc1ccc(Cl)cc1,14,316.9,2.63905733
Oc1ccc(Cl)cc1,13.76,315.7,2.621765833
Oc1ccc(Cl)cc1,14.07,315.9,2.644044871
O=S(=O)(O)c1ccc(Cl)cc1,10.6,333.2,2.360854001
Nc1ccc(Cl)c(Cl)c1,21.69,344.5,3.076851325
Fc1ccccc1,11.31,230.9,2.42568729
Fc1ccccc1,10.4,231.1,2.341805806
Oc1ccc(F)cc1,14.5,320.4,2.674148649
Nc1cc(F)cc(F)c1,16.49,312.7,2.802754137
Ic1ccccc1,9.75,241.8,2.277267285
Oc1ccc(I)cc1,20.8,365.8,3.034952987
O=[N+]([O-])c1ccccc1,10.82,278.9,2.381396273
O=[N+]([O-])c1ccccc1,12.12,278.8,2.494856981
O=[N+]([O-])c1ccccc1O,14.88,319.2,2.700018029
O=[N+]([O-])c1ccccc1O,21.77,318.7,3.080532875
O=[N+]([O-])c1ccccc1O,17.05,316.3,2.836150204
O=[N+]([O-])c1ccccc1O,17.45,318.2,2.859339649
O=[N+]([O-])c1ccccc1O,17.91,318.6,2.885359216
O=[N+]([O-])c1cccc(O)c1,18.06,369,2.893699548
O=[N+]([O-])c1cccc(O)c1,19.2,370,2.954910279
O=[N+]([O-])c1cccc(O)c1,19.19,371.2,2.95438931
O=[N+]([O-])c1ccc(O)cc1,16.69,385.2,2.814809738
O=[N+]([O-])c1ccc(O)cc1,18.97,388.2,2.942858784
O=[N+]([O-])c1ccc(O)cc1,19.22,387.2,2.955951404
O=[N+]([O-])c1ccc(O)cc1,11,386.4,2.397895273
O=[N+]([O-])c1ccc(O)cc1,18.86,386.1,2.937043277
O=[N+]([O-])c1ccc(O)cc1,21.4,386.2,3.063390922
N=C(O)C(=O)c1ccco1,22,373.4,3.091042453
N=C(O)C(=O)c1ccco1,17.8,367.2,2.879198457
O=[N+]([O-])C=Cc1ccco1,24.1,346.5,3.18221184
O=[N+]([O-])c1ccc(O)c(O)c1,28.9,450.2,3.363841595
c1ccc2[nH]nnc2c1,7.7,369.9,2.041220329
c1cn2ccnc2cn1,15.3,359.2,2.727852828
c1ccccc1,10.7,278,2.370243741
c1ccccc1,9.94,278.6,2.296567021
c1ccccc1,9.87,278.7,2.289499853
c1ccccc1,9.78,279,2.280339484
[2H]c1c([2H])c([2H])c([2H])c([2H])c1[2H],9.79,279.9,2.281361457
Nc1ccccc1Br,16.14,304.1,2.781300663
Nc1ccccc1Br,20.04,305,2.997730276
Nc1cccc(Br)c1,14.68,291,2.686486023
Nc1ccc(Br)cc1,16.75,336,2.818398258
Nc1ccccc1Cl,12.38,269.2,2.516082267
Nc1ccccc1Cl,8.81,271,2.17588744
Nc1ccccc1Cl,11.89,271.1,2.475697711
Nc1cccc(Cl)c1,12,263,2.48490665
Nc1cccc(Cl)c1,11.64,262.8,2.454447442
Nc1ccc(Cl)cc1,20.47,342.8,3.0189604
Nc1ccc(Cl)cc1,21.06,343.5,3.047375507
Nc1ccc(Cl)cc1,16.9,344,2.827313622
Nc1ccc(Cl)cc1,20.1,343.7,3.000719815
ClC1C(Cl)C(Cl)C(Cl)C(Cl)C1Cl,25.9,386.4,3.254242969
ClC1C(Cl)C(Cl)C(Cl)C(Cl)C1Cl,22.13,386.8,3.096934154
ClC1C(Cl)C(Cl)C(Cl)C(Cl)C1Cl,15.9,388.9,2.766319109
Nc1ccccc1I,19.38,329.6,2.964241606
Nc1ccccc1I,13.95,333,2.635479508
Nc1cccc(I)c1,14,295.7,2.63905733
Nc1cccc(I)c1,14.5,298,2.674148649
Nc1ccc(I)cc1,16.94,336,2.829677689
Nc1ccc(I)cc1,15.1,334,2.714694744
N=C(O)c1ccccn1,19.1,379.3,2.949688335
N=C(O)c1ccccn1,16.82,381,2.822568655
NC(=O)c1ccncc1,23.6,429.8,3.161246712
NC(=O)c1ccncc1,24.5,428.6,3.198673118
NC(=O)c1ccncc1,26.81,431,3.288774952
ON=Cc1ccccn1,19.98,388,2.994731773
Nc1ccccc1[N+](=O)[O-],19.25,342.8,2.957511061
Nc1ccccc1[N+](=O)[O-],19.3,345.7,2.960105096
Nc1ccccc1[N+](=O)[O-],16.11,344.4,2.779440197
Nc1ccccc1[N+](=O)[O-],15.5,342.5,2.740840024
Nc1cccc([N+](=O)[O-])c1,23.1,384.6,3.139832618
Nc1cccc([N+](=O)[O-])c1,23.68,387.2,3.16463081
Nc1cccc([N+](=O)[O-])c1,22.8,385,3.126760536
Nc1ccc([N+](=O)[O-])cc1,24,422,3.17805383
Nc1ccc([N+](=O)[O-])cc1,21.09,420.2,3.048798994
Nc1ccc([N+](=O)[O-])cc1,21.3,420.7,3.058707073
N=C(S)c1ccccn1,25.3,407,3.230804396
NNc1ccc([N+](=O)[O-])cc1[N+](=O)[O-],18.89,474.1,2.938632682
O=C(CCC([N+](=O)[O-])([N+](=O)[O-])[N+](=O)[O-])OCC([N+](=O)[O-])([N+](=O)[O-])[N+](=O)[O-],6.69,366.5,1.900613874
Oc1ccccc1,10.54,314.2,2.355177543
Oc1ccccc1,11.49,314.1,2.441477092
Oc1ccccc1,11.51,314,2.443216223
Oc1ccccc1,11.5,314.06,2.442347035
CC(=O)c1ccco1,15.5,301.6,2.740840024
CC(=O)c1ccsc1,18.9,333.6,2.939161922
O=C(O)Cc1cccs1,16.26,335.7,2.788708104
O=C(O)Cc1cccs1,14,337.4,2.63905733
O=C(O)Cc1ccsc1,18.8,353.3,2.93385687
Oc1ccc(O)c(O)c1,28.8,413.2,3.360375387
O=Cc1ccc(CO)o1,19.8,308.5,2.985681938
Nc1ccccc1,9.16,265,2.214846179
Nc1ccccc1,10.54,267.1,2.355177543
Nc1ccccc1,10.92,267.3,2.39059597
Nc1ccccc1,10.56,266.8,2.357073278
Cc1ccccn1,9.72,206.5,2.274185618
Cc1cccnc1,14.18,255,2.651832521
Nc1ccccc1O,26.74,448.7,3.286160572
Nc1ccccc1O,21.72,447.6,3.078233495
Nc1ccccc1O,31.4,443.2,3.446807893
Nc1ccccc1O,25.4,449.2,3.234749174
Nc1ccccc1O,34,447.4,3.526360525
Nc1cccc(O)c1,27.6,395,3.317815773
Nc1cccc(O)c1,21.95,396.8,3.08876714
Nc1cccc(O)c1,23.9,390.7,3.173878459
Nc1cccc(O)c1,19.6,394.8,2.975529566
Nc1cccc(O)c1,22.98,399,3.134624272
Nc1cccc(O)c1,24.7,394.2,3.206803244
Nc1ccc(O)cc1,29.26,463.5,3.376221396
Nc1ccc(O)cc1,23.8,455.2,3.169685581
Nc1ccc(O)cc1,26,462.5,3.258096538
Nc1ccc(O)cc1,31.2,459.4,3.440418095
OCc1ccncc1,11.78,325.2,2.466403178
CC(=O)c1ccc[nH]1,14.08,363,2.644755351
C=C(C#N)C(=O)OCC,12.86,243.2,2.554121719
NNC(=O)c1ccncc1,31.1,446.2,3.437207819
NNC(=O)c1ccncc1,27.91,445.8,3.328985048
NNC(=O)c1ccncc1,28.39,445.1,3.34603697
C1=CCCC=C1,4.2,161,1.435084525
C1=CCC=CC1,5.72,224,1.743968805
N#CCCCCC#N,18,275,2.890371758
Nc1ccccc1N,18.6,374.7,2.923161581
Nc1ccccc1N,23.1,373.9,3.139832618
Nc1cccc(N)c1,12.03,336.3,2.48740353
Nc1cccc(N)c1,15.4,335.5,2.734367509
Nc1ccc(N)cc1,20.12,414.3,3.001714345
Nc1ccc(N)cc1,24.86,416,3.213260086
Nc1ccc(N)cc1,21.7,412.3,3.077312261
NNc1ccccc1,16.43,292.8,2.799108932
Cn1ccc(=O)n(C)c1=O,14.6,399,2.681021529
Cn1ccc(=O)n(C)c1=O,18.4,395.2,2.912350665
Cn1ccc(=O)n(C)c1=O,23.1,392.5,3.139832618
O=C=NCCCCN=C=O,20.76,231.2,3.033028058
COc1ccnc(OC)n1,16.64,279.6,2.811809435
CN1C(=O)CC(=O)N(C)C1=O,17.7,396.1,2.87356464
CC1(C)C(O)=NC(=O)N=C1O,37.9,549.3,3.634951112
CC1(C)C(O)=NC(=O)N=C1O,34.8,548.7,3.549617387
O=[N+]([O-])O[C@@H]1CO[C@H]2[C@@H]1OC[C@H]2O[N+](=O)[O-],20.5,337.2,3.020424886
O=[N+]([O-])O[C@H]1CO[C@H]2[C@@H]1OC[C@H]2O[N+](=O)[O-],27.63,341.7,3.318902139
O=[N+]([O-])O[C@@H]1CO[C@@H]2[C@H]1OC[C@H]2O[N+](=O)[O-],12.81,325.9,2.550226116
O=C1CCC(=O)CC1,11.26,351.5,2.421256623
O=C1CCC(=O)CC1,10.04,348.2,2.306577114
CC1=C(O)C(=O)C(C)O1,18.7,355.2,2.928523524
CC1=C(O)C(=O)C(C)O1,19.3,353.9,2.960105096
COC(=O)/C=C/C(=O)OC,35.15,375,3.559624618
COC(=O)/C=C\C(=O)OC,14.64,254,2.683757509
O=C(O)C1(C(=O)O)CCC1,15.8,433.2,2.76000994
CC1OC(=O)C(C)OC1=O,16.21,370.4,2.785628336
CC1OC(=O)C(C)OC1=O,16.94,366.6,2.829677689
O=C1C(O)=C(O)OC1C(O)CO,45.2,467.4,3.811097087
O=C1C(O)=C(O)OC1C(O)CO,37,464,3.610917913
O=C1C(O)=C(O)OC1C(O)CO,48.6,466.8,3.883623531
O=C1C(O)=C(O)OC1C(O)CO,45.6,466.7,3.819907717
O=C1C(O)=C(O)OC1C(O)CO,37.04,466.2,3.61199841
Cc1ccc(C)s1,8.19,210.6,2.102913898
C=C(C)C(=O)OCCCl,17,235.1,2.833213344
Cc1c[nH]c(C)c1,9.6,268.5,2.261763098
Cc1ccc(C)[nH]1,9.3,280.9,2.2300144
C=CN1CCCC1=O,15.28,286.2,2.726544784
O=[N+]([O-])O[C@@H]1CO[C@H]2[C@@H]1OC[C@H]2O,20.64,344.8,3.027230941
O=[N+]([O-])O[C@H]1CO[C@H]2[C@@H]1OC[C@H]2O,26.38,328,3.272606147
O=[N+]([O-])O[C@@H]1CO[C@H]2[C@@H]1OC[C@@H]2O,22.36,364,3.107273648
Cc1nc(C)c(C)s1,9,240.7,2.197224577
Cc1ncc([N+](=O)[O-])n1CCO,32.7,434,3.487375078
COc1cc(OC)[nH]c(=N)n1,29.85,371,3.39618484
COc1nc(OC)nc(OC)n1,18.1,404,2.895911938
COc1nc(OC)nc(OC)n1,18.1,395.2,2.895911938
C1=CCCCC1,3.28,169.7,1.187843422
C1=CCCCC1,3.29,169,1.190887565
[O-][N+]1=NC2CCC1CC2,3.84,438,1.345472367
N=C(O)CN1CCCC1=O,26.6,424.5,3.280911216
N=C(O)CN1CCCC1=O,30.4,412.3,3.414442608
N=C(O)CN1CCCC1=O,25.4,427.2,3.234749174
N=C(O)CN1CCCC1=O,25,425.9,3.218875825
N=C(O)CN1CCCC1=O,25.59,426,3.24220165
N=C(O)CN1CCCC1=O,29.85,412,3.39618484
CN1CC(=O)N(C)CC1=O,22.04,418.2,3.092858984
CC1N=C(O)C(C)N=C1O,30.6,556.1,3.421000009
N=C(O)CN1CC(O)CC1=O,34.69,445.3,3.546451461
C1CC2CCC1O2,0.71,244,-0.342490309
CC1(O)CCCC1,8.41,310.2,2.129421474
O=C1CCCCC1,1.33,245.2,0.285178942
O=C1CCCCC1,1.36,244.6,0.3074847
O=C1CCCCCO1,13.82,272,2.626116818
CC12COC(OC1)OC2,10.4,369.2,2.341805806
CC1(C)COC(=O)OC1,5.62,387.2,1.726331664
C1OC[C@H]2OCOC[C@@H]2O1,23.14,374.5,3.141562722
CC(CC(=O)O)CC(=O)O,27.4,356,3.310543013
CC(C(=O)O)C(C)C(=O)O,16.9,392.5,2.827313622
OC1C2COC(O2)C(O)C1O,2.9,454,1.064710737
OC1C2COC(O2)C(O)C1O,3.3,455.4,1.193922468
OC1C2COC(O2)C(O)C1O,3.2,455.3,1.16315081
OC1C2COC(O2)C(O)C1O,3.4,455,1.223775432
COC(=O)[C@@H](O)[C@@H](O)C(=O)OC,17.36,322.2,2.854168709
COC(=O)C(O)C(O)C(=O)OC,26.94,360.2,3.293612171
O=C1O[C@@H]([C@H](O)CO)[C@H](O)[C@H]1O,35.77,410.3,3.577109553
O=C1O[C@H]([C@@H](O)CO)[C@@H](O)[C@@H]1O,35.98,409.8,3.582963229
O=C1O[C@@H]([C@H](O)CO)[C@@H](O)[C@H]1O,40.13,459.3,3.692124184
O=C1O[C@H]([C@@H](O)CO)[C@H](O)[C@@H]1O,41.5,459,3.725693427
O=C1O[C@@H]([C@@H](O)CO)[C@@H](O)[C@H]1O,36.13,426.5,3.587123545
BrC1CCCCC1,10.79,216.9,2.378619779
ClC1CCCCC1,1.67,228.7,0.512823626
ClC1CCCCC1,2.02,228,0.703097511
ClC1CCCCC1,2.04,229.3,0.712949808
FC1CCCCC1,2.58,285.3,0.947789399
OC[C@H]1OC(O)[C@H](F)[C@@H](O)[C@@H]1O,38.2,427.2,3.642835516
OC1O[C@H](CF)[C@@H](O)[C@H](O)[C@H]1O,27.2,412.2,3.303216973
ON=C1CCCCC1,12.45,362.2,2.521720623
ON=C1CCCCC1,12.7,362.5,2.541601993
ON=C1CCCCC1,12.7,362.6,2.541601993
OC1=NCCCCC1,16.16,342.2,2.782539053
OC1=NCCCCC1,16.2,342.3,2.785011242
OC1=NCCCCC1,16.1,342.4,2.778819272
CN(C)N=C(O)CCC(=O)O,36.97,431.4,3.610106773
COc1nn(CSP(=S)(OC)OC)c(=O)s1,28.54,315.1,3.351306612
C1CCCCC1,2.6,279.8,0.955511445
C1CCCCC1,2.63,279.7,0.966983846
C1CCCCC1,2.62,279.9,0.963174318
C1CCCCC1,2.73,279.4,1.004301609
C1CCCCC1,2.42,279.3,0.88376754
CC1CCCC1,6.93,130.7,1.935859813
CC1CCCC1,6.88,130.1,1.928618652
C=CCCCC,9.35,133.4,2.235376343
C/C=C\CCC,8.88,132,2.183801557
C=CCC(C)C,4.93,118.9,1.595338988
C=CC(C)(C)C,1.09,158.4,0.086177696
CC(C)=C(C)C,6.44,198.9,1.86252854
CC(C)=C(C)C,5.46,198.5,1.69744879
C1CN2CCN1CC2,7.45,433,2.008214032
CN(C)C(=O)C(=S)N(C)C,17,350.2,2.833213344
CN(C)C(=O)C(=O)N(C)C,18,352.2,2.890371758
CN=C(O)C(C)N=C(C)O,24.86,454.8,3.213260086
CN=C(O)C(C)N=C(C)O,15.91,411.9,2.766947842
CC(C)([N+](=O)[O-])C(C)(C)[N+](=O)[O-],8.8,473,2.174751721
CN(C)C(=S)C(=S)N(C)C,21,409.2,3.044522438
OC1CCCCC1,1.73,298.2,0.548121409
OC1CCCCC1,1.81,297.9,0.593326845
OC1CCCCC1,1.7,297,0.530628251
CCCCC(C)=O,14.9,217.7,2.701361213
CCCC(=O)CC,13.47,217.7,2.60046499
CCCCCC=O,13.3,214.9,2.587764035
O[C@@H]1CCCC[C@@H]1O,20.27,373.2,3.00914196
O[C@@H]1CCCC[C@H]1O,21,382.6,3.044522438
O[C@@H]1CCCC[C@H]1O,16.37,375.7,2.795450391
O[C@@H]1CCCC[C@H]1O,18.51,372.3,2.918311127
CC1(C)OCCCO1,12.1,229.6,2.493205453
CCCC(=O)OCC,10.68,174.5,2.368372834
CC1OC(C)OC(C)O1,13.52,285.7,2.604170071
CC1OC(C)OC(C)O1,13.83,285.8,2.626840146
OC[C@H]1OC[C@H](O)[C@@H](O)[C@@H]1O,27.4,403.2,3.310543013
OC[C@H]1OC(O)C[C@@H](O)[C@@H]1O,34.5,398.7,3.540959324
OC[C@H]1OC(O)[C@H](O)C[C@@H]1O,32.6,387.2,3.484312288
C[C@H]1OC(O)[C@H](O)[C@@H](O)[C@@H]1O,22.7,409.2,3.122364924
OC1C(O)C(O)C(O)C(O)C1O,46.2,500.8,3.832979798
OC1C(O)C(O)C(O)C(O)C1O,47.9,496.9,3.869115504
OC[C@H]1O[C@H](O)[C@H](O)[C@@H](O)[C@@H]1O,31.6,415.1,3.453157121
OC[C@H]1O[C@H](O)[C@H](O)[C@@H](O)[C@@H]1O,33.5,421.8,3.511545439
OC[C@H]1O[C@H](O)[C@H](O)[C@@H](O)[C@@H]1O,36.1,431.3,3.586292865
OC[C@H]1O[C@H](O)[C@H](O)[C@@H](O)[C@@H]1O,36.6,435.2,3.60004824
OC[C@H]1O[C@H](O)[C@H](O)[C@@H](O)[C@@H]1O,36.9,438.7,3.608211551
OC[C@H]1O[C@H](O)[C@H](O)[C@@H](O)[C@@H]1O,34.3,423.2,3.535145354
OC[C@H]1O[C@H](O)[C@H](O)[C@@H](O)[C@@H]1O,31.42,414,3.447444633
O=C(CO)[C@@H](O)[C@H](O)[C@H](O)CO,31.15,390.1,3.438814245
OC[C@H]1OC(O)[C@@H](O)[C@@H](O)[C@@H]1O,24.7,391.2,3.206803244
O=C[C@H](O)[C@@H](O)[C@@H](O)[C@H](O)CO,43.8,436.2,3.779633817
CSC1CCCC1,9.2,169.9,2.219203484
SC1CCCCC1,10,189.6,2.302585093
CCCCCCBr,18.05,188.1,2.893145685
NC1CCCCC1,16.5,255.1,2.803360381
NC1CCCCC1,14.92,255.4,2.702702595
CC1CCCCN1,18.58,269.4,2.922085733
CCC(O)=NC(C)C,7.79,324.2,2.05284086
CCCCCC(=N)O,16.8,372.4,2.821378886
CCCCCC(=N)O,16.7,373,2.815408719
CCCCCC(=N)O,25.1,374,3.222867846
CCCCCC,13.03,177.8,2.567254391
CCCCCC,12.34,177.9,2.512846018
CCCCCC,12.58,178.6,2.532108251
CCCC(C)C,6.27,119.6,1.835776355
CCC(C)CC,5.31,110.3,1.669591835
CC(C)C(C)C,0.79,145.2,-0.235722334
CCC(C)(C)C,0.58,174.3,-0.544727175
CCC(C)(C)C,0.58,174.7,-0.544727175
CCC(C)(C)C,0.46,172.1,-0.776528789
NC1CCC(N)CC1,27,342.1,3.295836866
CCCCCNC(=N)O,21,375.2,3.044522438
CCC(C(=N)O)N1CCCC1=O,30.7,385.4,3.424262655
CCC(C(=N)O)N1CCCC1=O,31,392.4,3.433987204
CN(CN(CCN(CN(C)[N+](=O)[O-])[N+](=O)[O-])[N+](=O)[O-])[N+](=O)[O-],68.09,488.1,4.220830359
CCCOCCC,10.77,158.4,2.376764491
CC(C)OC(C)C,12.05,187.8,2.48906466
CC(C)OC(C)C,11.03,186.3,2.400618833
CCCCCCO,16.73,226.7,2.817203515
CCCCCCO,15.38,225.8,2.733067964
CCC(C)(C)CO,4.42,233.6,1.486139696
CC(C)(C)CCO,9.54,235.7,2.255493485
CCCCOCCO,11.8,199.5,2.468099531
CCC(C)(OC)OC,9.32,174,2.232162629
CCOC(C)OCC,10.95,167,2.393339456
CC(C)(C)OCCO,11.4,223.1,2.433613355
OCCCCCCO,26.4,314.7,3.27336401
OCCCCCCO,25.5,316,3.238678452
OCCCCCCO,23.8,312,3.169685581
OCCCCCCO,22.2,314.6,3.100092289
OCCCCCCO,25.52,320.6,3.239462458
OCCCCCCO,24.3,315.2,3.19047635
COCCOCCOC,17.78,209.1,2.87807423
OC[C@@H](O)[C@@H](O)[C@H](O)[C@H](O)CO,44.8,440.2,3.802208139
OC[C@@H](O)[C@@H](O)[C@H](O)[C@H](O)CO,44.3,430.2,3.790984677
OC[C@@H](O)[C@@H](O)[C@H](O)[C@H](O)CO,59.5,441,4.085976313
OC[C@@H](O)[C@@H](O)[C@H](O)[C@H](O)CO,54.78,439.2,4.003325164
OC[C@@H](O)[C@@H](O)[C@H](O)[C@H](O)CO,54.69,437.3,4.001680877
OC[C@@H](O)[C@@H](O)[C@H](O)[C@H](O)CO,56.1,439.1,4.027135813
OC[C@@H](O)[C@@H](O)[C@H](O)[C@@H](O)CO,35.9,372,3.580737295
OC[C@@H](O)[C@@H](O)[C@H](O)[C@@H](O)CO,39.53,370,3.677059877
CCCCSCC,12.39,178.1,2.516889696
CC(C)SC(C)C,10.42,195.1,2.343727036
CCCSCCC,12.13,170.4,2.495681723
CCCCCCS,18.03,192.6,2.892037037
CCCSSCCC,13.81,187.7,2.625392967
CCCCCCN,25.04,252.2,3.220474546
CCP(CC)CC,10.73,188.2,2.373043557
[2H]c1c([2H])c([2H])c(C([2H])([2H])[2H])c([2H])c1[2H],6.02,178,1.795087259
N#Cc1cc(Br)c(O)c(Br)c1,32.03,464,3.466672964
N#Cc1c(Cl)cccc1Cl,24.56,421.2,3.201119103
N#Cc1c(Cl)cccc1Cl,26.17,417.2,3.264613717
N#Cc1c(Cl)cccc1Cl,25.94,416.7,3.255786179
O=C(O)c1c(Cl)ccc(Cl)c1Cl,23.85,402.7,3.171784217
Cc1c(F)c(F)c(F)c(F)c1F,13.28,243.7,2.586259144
Cc1c(F)c(F)c(F)c(F)c1F,12.99,243.3,2.564179831
N#Cc1cc(I)c(O)c(I)c1,33.63,482.9,3.515418526
O=C(O)c1cc(I)cc(I)c1I,32.23,503.8,3.472897696
O=C(O)c1cc(Br)ccc1Br,35.8,428,3.577947893
O=C(O)c1cc(Br)cc(Br)c1,30.1,491,3.404525172
FC(F)(F)c1ccccc1Cl,11.6,264,2.451005098
N#Cc1ccccc1Cl,17.6,327.5,2.867898902
N#Cc1cccc(Cl)c1,18.7,314.1,2.928523524
N#Cc1ccc(Cl)cc1,18.5,363.5,2.917770732
Oc1nc2cc(Cl)ccc2o1,25.65,464,3.244543572
O=C(O)c1ccc([N+](=O)[O-])cc1Cl,19,414.2,2.944438979
O=Cc1ccc(Cl)cc1Cl,20.47,347.2,3.0189604
O=C(O)c1cc(Cl)cc(Cl)c1,22.97,459.3,3.134189017
O=C(O)COc1nc(Cl)c(Cl)cc1Cl,31.17,423.3,3.439456094
Cc1c(F)c(F)cc(F)c1F,5.84,233,1.764730797
Fc1ccccc1C(F)(F)F,10.7,222,2.370243741
N#Cc1ccccc1[N+](=O)[O-],15.72,382.7,2.754933787
N#Cc1cccc([N+](=O)[O-])c1,20.49,389.7,3.019936962
N#Cc1ccc([N+](=O)[O-])cc1,17.73,420.6,2.87525812
O=Cc1ccc([N+](=O)[O-])cc1[N+](=O)[O-],21.18,344.9,3.05305734
O=C(O)c1ccc([N+](=O)[O-])cc1[N+](=O)[O-],30.6,455.8,3.421000009
O=C(O)c1ccc([N+](=O)[O-])c([N+](=O)[O-])c1,24.6,438.2,3.202746443
O=C(O)c1cc([N+](=O)[O-])cc([N+](=O)[O-])c1,32.13,479.2,3.469790173
O=C(O)c1cc([N+](=O)[O-])cc([N+](=O)[O-])c1,22.8,480.4,3.126760536
O=Cc1ccc(Br)cc1,22.6,334.2,3.117949906
O=C(O)c1ccccc1Br,24.83,421.6,3.2120526
O=C(O)c1cccc(Br)c1,24.91,430.1,3.215269329
O=C(O)c1ccc(Br)cc1,30.87,526.3,3.429784839
O=C(O)c1ccccc1Cl,24.67,417.5,3.205587931
O=C(O)c1ccccc1Cl,27.53,414.2,3.315276319
O=C(O)c1ccccc1Cl,25.25,414,3.228826156
O=C(O)c1ccccc1Cl,25.73,413.4,3.247657626
O=C(O)c1cccc(Cl)c1,23.67,427.9,3.164208424
O=C(O)c1cccc(Cl)c1,23.85,427.4,3.171784217
O=C(O)c1cccc(Cl)c1,22,427.8,3.091042453
O=C(O)c1ccc(Cl)cc1,32,513.4,3.465735903
O=C(O)c1ccc(Cl)cc1,30.91,512.5,3.431079756
O=C(O)c1ccc(Cl)cc1,32.26,512.9,3.473828073
O=C(O)c1ccc(Cl)cc1,34.26,513.5,3.533978493
Nc1cc(Cl)cc(C(=O)O)c1Cl,37.42,475.6,3.622205321
ClC(Cl)(Cl)c1ccccc1,13.95,236,2.635479508
ClC(Cl)(Cl)c1ccccc1,10.6,270,2.360854001
COC(=O)c1nc(Cl)c(Cl)c(N)c1Cl,26.78,394.3,3.28765534
O=C(O)c1ccccc1F,20.1,397.4,3.000719815
O=C(O)c1ccc(F)cc1,20.9,451.2,3.039749159
FC(F)(F)c1ccccc1,11.99,242,2.484072969
FC(F)(F)c1ccccc1,13.77,244,2.622492313
O=C(O)c1ccccc1I,21.38,435.1,3.062455906
O=C(O)c1cccc(I)c1,28.7,460.4,3.356897123
O=C(O)c1ccc(I)cc1,35.24,543.8,3.562181801
N#Cc1ccccc1,10.98,260.3,2.396075436
c1ccc2ocnc2c1,15.92,302.9,2.76757618
c1ccc2ocnc2c1,16.78,302.5,2.820187701
Sc1nc2ccccc2o1,22.6,468.3,3.117949906
Oc1nsc2ccccc12,20.87,428.8,3.038312721
Oc1nc2ccccc2s1,19.6,410.8,2.975529566
O=C(O)c1ccccc1[N+](=O)[O-],27.99,419,3.331847304
O=C(O)c1cccc([N+](=O)[O-])c1,15.9,408.7,2.766319109
O=C(O)c1cccc([N+](=O)[O-])c1,19.33,414.3,2.961658293
O=[N+]([O-])c1ccc2c(c1)OCO2,28.2,420.2,3.339321978
c1ccc2scnc2c1,11.95,275.5,2.480731278
c1ccc2scnc2c1,12.59,275.65,2.532902848
c1ccc2scnc2c1,12.8,275.6,2.549445171
c1ccc2scnc2c1,13.3,276,2.587764035
Sc1nc2ccccc2s1,22.3,455.9,3.104586678
Sc1nc2ccccc2s1,20.56,453.5,3.023347441
Cc1cc([N+](=O)[O-])c([N+](=O)[O-])cc1[N+](=O)[O-],24.7,376.2,3.206803244
Cc1c([N+](=O)[O-])cc([N+](=O)[O-])cc1[N+](=O)[O-],22,354,3.091042453
Cc1c([N+](=O)[O-])cc([N+](=O)[O-])cc1[N+](=O)[O-],23.43,352.2,3.154017253
Cc1c([N+](=O)[O-])cc([N+](=O)[O-])cc1[N+](=O)[O-],22.36,354.1,3.107273648
CN(c1c([N+](=O)[O-])cc([N+](=O)[O-])cc1[N+](=O)[O-])[N+](=O)[O-],22.93,402.6,3.132446097
Cc1c(F)cccc1Cl,12.6,246,2.533696814
Cc1c(Cl)cccc1Cl,10.7,272,2.370243741
COc1cccc(Cl)c1Cl,22.04,304.1,3.092858984
COc1cc(Cl)cc(Cl)c1,23.68,310.5,3.16463081
N=C(O)c1ccccc1F,23.8,388.5,3.169685581
N=C(O)c1cccc(F)c1,24.6,401.6,3.202746443
NC(=O)c1ccc(F)cc1,24.9,429.2,3.214867803
Cc1cccc([N+](=O)[O-])c1I,20.68,339.3,3.02916705
c1ccc2[nH]cnc2c1,22.7,444,3.122364924
c1ccc2[nH]cnc2c1,20.47,445.5,3.0189604
c1ccc2[nH]cnc2c1,19.25,443.2,2.957511061
N=C(O)c1ccccc1[N+](=O)[O-],27.7,446.9,3.321432413
N=C(O)c1cccc([N+](=O)[O-])c1,24.6,414.7,3.202746443
NC(=O)c1ccc([N+](=O)[O-])cc1,30.1,473.5,3.404525172
Cc1cccc([N+](=O)[O-])c1[N+](=O)[O-],17.57,329.8,2.866192902
Cc1ccc([N+](=O)[O-])cc1[N+](=O)[O-],22.62,343.4,3.118834471
Cc1ccc([N+](=O)[O-])cc1[N+](=O)[O-],22.18,340.8,3.099190982
Cc1ccc([N+](=O)[O-])cc1[N+](=O)[O-],20.12,343.3,3.001714345
Cc1c([N+](=O)[O-])cccc1[N+](=O)[O-],23.85,327.5,3.171784217
Cc1c([N+](=O)[O-])cccc1[N+](=O)[O-],19.28,324.3,2.959068289
Cc1c([N+](=O)[O-])cccc1[N+](=O)[O-],16.07,339.2,2.77695418
Cc1ccc([N+](=O)[O-])c([N+](=O)[O-])c1,18.83,329.5,2.935451343
Cc1cc([N+](=O)[O-])cc([N+](=O)[O-])c1O,19.41,359.3,2.965788397
COc1ccc([N+](=O)[O-])cc1[N+](=O)[O-],20.23,369.4,3.007166651
Sc1nc2ccccc2[nH]1,24.11,589.4,3.182626692
N=c1[nH]c2ccccc2s1,18.14,402.3,2.898119445
N=c1[nH]c2ccccc2s1,19.63,402.2,2.977059008
O=Cc1ccccc1,9.33,216,2.233235015
O=C(O)c1ccccc1,12.46,394.2,2.522523513
O=C(O)c1ccccc1,17.91,395.4,2.885359216
O=C(O)c1ccccc1,17.06,395,2.836736542
O=C(O)c1ccccc1,18.6,396,2.923161581
O=C(O)c1ccccc1,18,395.5,2.890371758
O=C(O)c1ccccc1,16.82,394.9,2.822568655
O=C(O)c1ccccc1,18.7,396.1,2.928523524
O=C(O)c1ccccc1,18.5,394.5,2.917770732
O=C(O)c1ccccc1,18.65,394.6,2.925846146
O=C(O)c1ccccc1,16.99,396.9,2.832624936
O=C(O)c1ccccc1,15.3,395.6,2.727852828
O=C(O)c1ccccc1,15.37,396.2,2.732417558
O=C(O)c1ccccc1,17.3,394.4,2.850706502
O=C(O)c1ccccc1,18,395.2,2.890371758
O=Cc1ccccc1O,13.3,278.7,2.587764035
O=Cc1cccc(O)c1,24.1,376,3.18221184
O=Cc1ccc(O)cc1,22.2,391.1,3.100092289
O=Cc1ccc(O)cc1,20.3,390.8,3.010620886
O=C(O)C=Cc1ccco1,22.9,413.2,3.131136911
O=C(O)c1cccc(O)c1,35.83,474.3,3.578785531
O=C(O)c1cccc(O)c1,32.68,467.5,3.48676327
O=C(O)c1cccc(O)c1,36.5,476.4,3.597312261
O=C(O)c1cccc(O)c1,26.2,475.1,3.265759411
O=C(O)c1ccc(O)cc1,30.3,492.5,3.411147713
O=C(O)c1ccc(O)cc1,32.5,489.4,3.481240089
O=C(O)c1ccc(O)cc1,30.85,489,3.42913675
O=C(O)c1ccc(O)cc1,31.4,487.2,3.446807893
O=C(O)c1ccc(O)cc1,32,488,3.465735903
O=C(O)c1ccc(O)cc1,30.9,488.1,3.430756184
Oc1ccc2c(c1)OCO2,16.96,337.7,2.83085763
O=C(O)c1cccc(O)c1O,29.69,481.3,3.390810289
O=C(O)c1cccc(O)c1O,21.63,481.7,3.07408124
O=C(O)c1cccc(O)c1O,31.9,476.6,3.46260601
O=C(O)c1c(O)cccc1O,25,443.7,3.218875825
O=C(O)c1ccc(O)c(O)c1,33.5,474.8,3.511545439
O=C(O)c1ccc(O)c(O)c1,30.91,474.7,3.431079756
O=C(O)c1ccc(O)c(O)c1,31.2,472.3,3.440418095
O=C(O)c1cc(O)cc(O)c1,39.4,511.7,3.673765816
O=C(O)c1cc(O)cc(O)c1,38.3,508.3,3.645449896
BrCc1ccccc1,13.2,271.8,2.58021683
Cc1ccc(Br)cc1,15.13,301.2,2.716679528
Cc1ccc(Br)cc1,15.3,299.7,2.727852828
ClCc1ccccc1,8.74,230,2.16791019
Cc1ccccc1Cl,10.3,237,2.332143895
Cc1ccc(Cl)cc1,13.6,280.6,2.610069793
Cc1ccc(Cl)cc1,13.55,280.7,2.606386547
NN=C(O)c1ccccc1Cl,25.6,392.2,3.242592351
NNC(=O)c1ccc(Cl)cc1,32.9,437.2,3.493472658
N=C(S)Nc1ccccc1Cl,22.29,413.5,3.104138147
Cc1ccccc1F,9.8,210.7,2.282382386
Cc1ccccc1F,9.8,204,2.282382386
Cc1cccc(F)c1,8.3,184,2.116255515
Cc1cccc(F)c1,6.31,185,1.842135677
Cc1ccc(F)cc1,9.35,216.5,2.235376343
Cc1ccc(F)cc1,8.8,215.6,2.174751721
Cc1ccc(F)cc1,7.65,213,2.034705648
ICc1ccccc1,13.2,299.5,2.58021683
Cc1ccc(I)cc1,14.96,306.7,2.705379973
N=C(O)c1ccccc1,19.5,400.2,2.970414466
N=C(O)c1ccccc1,22.8,400,3.126760536
N=C(O)c1ccccc1,23.18,401.3,3.143289838
N=C(O)c1ccccc1,19.15,402.1,2.952302716
N=C(O)c1ccccc1,18.49,402.3,2.917230045
Cc1ccc([N+](=O)[O-])cc1,16.81,324.8,2.821973947
Cc1ccc([N+](=O)[O-])cc1,16.7,324.7,2.815408719
Nc1cccc(C(=O)O)c1,26.7,451.2,3.284663565
Nc1cccc(C(=O)O)c1,33.7,445.7,3.517497837
Nc1cccc(C(=O)O)c1,21.84,452.9,3.083743151
Nc1ccc(C(=O)O)cc1,25.4,460.4,3.234749174
Nc1ccc(C(=O)O)cc1,27.2,461.2,3.303216973
Nc1ccc(C(=O)O)cc1,22.62,458.7,3.118834471
Nc1ccc(C(=O)O)cc1,24.5,459.2,3.198673118
Nc1ccc(C(=O)O)cc1,20.92,461.4,3.040705639
N=C(O)c1cccc(O)c1,28.8,440.7,3.360375387
NC(=O)c1ccc(O)cc1,25.4,433.8,3.234749174
NC(=O)c1ccc(O)cc1,25.2,433.2,3.226843995
N=C(O)Oc1ccccc1,15.42,414.9,2.735665368
N=C(O)Oc1ccccc1,22.12,417.6,3.096482177
COC(=O)c1ccccn1,16.8,289.2,2.821378886
COC(=O)c1cccnc1,19.3,312.6,2.960105096
COC(=O)c1ccncc1,14.6,283.4,2.681021529
Cc1cc(O)ccc1[N+](=O)[O-],27.4,401,3.310543013
Cc1ccc([N+](=O)[O-])c(O)c1,20.79,302.8,3.034472102
O=[N+]([O-])c1ccc(CO)cc1,20.97,336.4,3.043092845
COc1cc([N+](=O)[O-])ccc1O,21.69,374.4,3.076851325
COc1ccc([N+](=O)[O-])cc1O,21.43,377.6,3.064791809
COc1ccc(O)c([N+](=O)[O-])c1,22.42,352.3,3.109953418
CC(O)=NC(=O)c1cnccn1,23.6,366.7,3.161246712
C1=CC=CCC=C1,1.16,198,0.148420005
C1C2C3C2C2C1C32,1.09,228,0.086177696
Cc1ccccc1,6.55,178,1.87946505
N=C(O)Nc1ccccc1,23.68,420.6,3.16463081
N=C(O)c1ccccc1N,20.9,384.4,3.039749159
N=C(O)c1cccc(N)c1,20.3,387.5,3.010620886
NC(=O)c1ccc(N)cc1,30.4,455.5,3.414442608
N=C(O)Cc1ccccn1,16,343,2.772588722
NN=C(O)c1ccccc1,25.7,388.2,3.246490992
CN=C(O)c1cccnc1,22,379.1,3.091042453
OCN=C(O)c1cccnc1,32.9,426.2,3.493472658
COc1ccccc1,11.66,237,2.456164181
COc1ccccc1,12.89,236,2.556451817
COc1ccccc1,17.03,293.2,2.834976495
OCc1ccccc1,8.79,257.6,2.173614712
Cc1ccccc1O,14.8,305.4,2.694627181
Cc1ccccc1O,15.9,304.1,2.766319109
Cc1ccccc1O,15.82,304.2,2.761274962
Cc1cccc(O)c1,8.9,282.3,2.186051277
Cc1cccc(O)c1,10.67,285.3,2.367436065
Cc1cccc(O)c1,10.71,285.4,2.371177884
Cc1cccc(O)c1,9.1,280.8,2.208274414
Cc1ccc(O)cc1,12.6,308.8,2.533696814
Cc1ccc(O)cc1,8.58,307.6,2.149433913
Cc1ccc(O)cc1,12.72,307.9,2.543175558
Cc1ccc(O)cc1,11.8,307.4,2.468099531
Cc1ccc(O)cc1,12.25,309,2.505525937
COc1ccccc1O,12,301.2,2.48490665
COc1ccc(O)cc1,18.2,328.3,2.901421594
COc1ccc(O)cc1,18.3,328.4,2.90690106
OCc1ccccc1O,21.5,358.3,3.068052935
CSc1ccccc1,14.85,256.4,2.697999865
COP(=S)(OC)Oc1nc(Cl)c(Cl)cc1Cl,25.92,318.7,3.255014871
Cc1cccnc1C,13.48,258.6,2.601207105
Cc1ccnc(C)c1,8.82,209.4,2.17702187
Cc1ccc(C)nc1,14.64,259.1,2.683757509
Cc1cccc(C)n1,13.04,267.1,2.568021556
Cc1ccncc1C,14.7,262.7,2.687847494
Cc1cncc(C)c1,13.11,266.9,2.573375298
Cc1ccccc1N,11.66,287.6,2.456164181
Cc1cccc(N)c1,8.8,241.7,2.174751721
Cc1ccc(N)cc1,17.19,317,2.844327819
Cc1ccc(N)cc1,17.89,316.5,2.884241898
Cc1ccc(N)cc1,17.3,316.6,2.850706502
Cc1ccc(N)cc1,18.12,318,2.897016301
Cc1ccc(N)cc1,18.9,316.9,2.939161922
Cc1ccc(N)cc1,17.28,315.6,2.849549763
CC(CCC(=O)OCC([N+](=O)[O-])([N+](=O)[O-])[N+](=O)[O-])([N+](=O)[O-])[N+](=O)[O-],6.69,366.7,1.900613874
CC(COC(=O)CCC([N+](=O)[O-])([N+](=O)[O-])[N+](=O)[O-])([N+](=O)[O-])[N+](=O)[O-],6.69,368.2,1.900613874
Cc1ncc([N+](=O)[O-])n1CC(O)CCl,21.38,358.6,3.062455906
N#CCCCCCC#N,15,241.7,2.708050201
CN(C)c1cc[nH+]cc1,21.63,387.1,3.07408124
[O-][N+]1=NC2CCC1C1CC21,2.6,411.4,0.955511445
Cc1cn(C)c(=O)n(C)c1=O,23.6,426.5,3.161246712
Cc1cn(C)c(=O)n(C)c1=O,16.1,428.7,2.778819272
Cc1cc(=O)n(C)c(=O)n1C,21.2,384.5,3.054001182
CNS(=O)(=O)c1ccc(N)cc1,17.1,382.2,2.839078464
CC1C(=O)N(C)C(=O)N(C)C1=O,13.7,362.6,2.617395833
CN1C(=O)N=C(O)C(C)(C)C1=O,30.2,434.5,3.407841924
O=C1CC2CCC1C2,3.39,368.7,1.220829921
O=C1OC2CCC1CC2,3.8,400,1.335001067
O=C(O)C1CCCC1C(=O)O,19.1,428.6,2.949688335
COC(=O)C(C(=O)OC)C(=O)OC,18.2,301.2,2.901421594
N#CC1CCCCC1,3.64,285.1,1.291983682
[C-]#[N+]C1CCCCC1,3.98,277.7,1.381281819
[C-]#[N+]C1CCCCC1,4.23,279.6,1.442201993
Cc1ncc([N+](=O)[O-])n1CCCO,25.65,333,3.244543572
C1=CCCCCC1,0.88,217.8,-0.127833372
C1=CCCCCC1,0.97,217,-0.030459207
CC1CC=CCC1,6.63,153.6,1.891604804
N#CCN1CCCCC1,17.57,293.2,2.866192902
CC(O)=NC(=O)[C@@H]1CCCN1,29.3,417.5,3.377587516
O=C1CCCCCC1,1.39,259.3,0.329303747
C=CC(=O)OCCCC,17.31,209.5,2.851284369
O=C(O)C1CCCCC1,9.2,301.9,2.219203484
O=COC1CCCCC1,10.49,201.3,2.350422422
CC12COC(C)(OC1)OC2,18,370.2,2.890371758
CC1(Cl)CCCCC1,1.63,234.5,0.488580015
OC1=NCCCCCC1,12.4,313.2,2.517696473
OC1=NCCCCCC1,13.78,310.3,2.623218266
C=CC(O)=NC(C)(C)C,21.57,401.65,3.07130346
C1CCCCCC1,1.88,265.1,0.631271777
C1CCCCCC1,1.9,265.2,0.641853886
CC1CCCCC1,6.75,146.6,1.909542505
CC1CCCCC1,6.67,146.2,1.89761986
CC1(C)CCCC1,1.09,203.7,0.086177696
C[C@@H]1CCC[C@@H]1C,1.66,219.4,0.506817602
C[C@@H]1CC[C@@H](C)C1,7.41,139.5,2.002830439
CCC1CCCC1,6.86,134.7,1.925707442
C=CCCCCC,12.4,154.3,2.517696473
C=CCCCCC,12.64,153.9,2.536866389
C=CCCCCC,12.64,153.4,2.536866389
CN=C(O)/C=C(\C)OP(=O)(OC)OC,22.36,326.9,3.107273648
CC(O)=NC(=O)[C@@H](N)C(C)C,39.1,509,3.666122467
CN=C(O)ON=CC(C)(C)SC,22.71,374,3.122805356
OC1CCCCCC1,1.51,278.3,0.412109651
OC1CCCCCC1,1.6,280.3,0.470003629
CC1(O)CCCCC1,10.87,299.2,2.386006701
CCCCCC(C)=O,19.71,237.7,2.981126121
CCCCC(=O)CC,17.53,236,2.863913699
CCCC(=O)CCC,16.16,240.2,2.782539053
CC(C)C(=O)C(C)C,11.2,204.8,2.415913778
CCCCCCC=O,22.89,229.3,3.130700134
CCCCC(=O)OCC,12.97,181.3,2.562638998
CCCCCCC(=O)O,15.13,266,2.716679528
CCCCCCC(=O)O,15.44,265.8,2.736961545
COC1OC(CO)C(O)C(O)C1O,35.11,436,3.55848599
COC1OC(CO)C(O)C(O)C1O,37.6,424.2,3.62700405
COC1OC(CO)C(O)C(O)C1O,27.95,397.6,3.3304172
CO[C@@H]1O[C@H](CO)[C@H](O)[C@H](O)[C@H]1O,33.18,450.9,3.501947285
CCCCCCCBr,21.76,214.4,3.080073422
CN1C[C@H](O)[C@@H](O)[C@H](O)[C@H]1CO,27.5,425.7,3.314186005
CCCCCCC,14.05,182.5,2.642622396
CCCCCCC,13.99,182.6,2.638342789
CCCCCCC,14.06,182.7,2.643333886
CCCCCCC,14.06,182.56,2.643333886
CCCCCCC,14.16,182.2,2.650421088
CCCCC(C)C,9.18,154.9,2.217027205
CCCC(C)(C)C,5.82,149.4,1.761300262
CCCC(C)(C)C,5.86,148.1,1.768149604
CC(C)CC(C)C,6.85,154,1.924248652
CC(C)CC(C)C,6.69,152.2,1.900613874
CCC(C)(C)CC,7.64,138.2,2.033397603
CCC(C)(C)CC,6.85,138.8,1.924248652
CCC(CC)CC,9.55,154.6,2.256541154
CCC(CC)CC,9.46,154.3,2.247072383
CC(C)C(C)(C)C,2.2,247.7,0.78845736
CCCCCCNC(=N)O,22.4,383,3.109060959
CCCCCCNC(=N)O,26.5,380.2,3.277144733
CCCN=C(S)NCCC,22.9,342.6,3.131136911
CC(C)N(CN(C(C)C)[N+](=O)[O-])[N+](=O)[O-],27.96,358.3,3.330774917
CCCOC(C)(C)C,9.87,179.6,2.289499853
CC(C)OC(C)(C)C,8.46,184.8,2.135349174
CCCCCCCO,18.35,239.9,2.909629575
CCCCCCCO,18.16,240.4,2.899221373
OCCCCCCCO,26.3,290.5,3.269568939
OCCCCCCCO,21.3,295,3.058707073
CCCCCCCS,25.4,229.9,3.234749174
NCCCCCCCN,43.5,301.5,3.772760938
N#Cc1c(Cl)c(Cl)c(Cl)c(C#N)c1Cl,30,526.2,3.401197382
Clc1cc2nc(Cl)c(Cl)nc2cc1Cl,29.6,446,3.387774361
O=C1OC(=O)c2c(Cl)cccc21,18.65,398.8,2.925846146
O=C1OC(=O)c2c(Cl)cccc21,13.35,398,2.591516385
O=C1OC(=O)c2cc(Cl)ccc21,21.45,367.3,3.065724645
O=C1OC(=O)c2c1cccc2[N+](=O)[O-],20.3,434.4,3.010620886
O=C1OC(=O)c2c1cccc2[N+](=O)[O-],18.4,436.2,2.912350665
O=C1OC(=O)c2cc([N+](=O)[O-])ccc21,22.74,389.8,3.124125488
O=C1OC(=O)c2cc([N+](=O)[O-])ccc21,17.14,388.2,2.841414913
Clc1nc2ccccc2nc1Cl,24.36,424.4,3.192942443
O=C(Cl)c1ccc(C(=O)Cl)cc1,21.1,356.1,3.04927304
N#Cc1ccccc1C#N,20,414.1,2.995732274
O=C1OC(=O)c2ccccc21,23.09,403.3,3.139399623
O=C1OC(=O)c2ccccc21,22.1,404.5,3.095577609
C=Cc1cc(Br)c(Br)cc1Br,25.1,340.3,3.222867846
O=C(O)Cc1c(Cl)ccc(Cl)c1Cl,22.43,432.3,3.110399349
O=C(O)COc1cc(Cl)c(Cl)cc1Cl,38,428.7,3.63758616
O=C1N=C(O)c2ccccc21,28.6,507.2,3.353406718
N#Cc1ccc2c(c1)OCO2,20.79,366.3,3.034472102
O=c1nc(O)c2ccccc2o1,28.63,500.5,3.354455119
C#Cc1ccccc1,9.46,228,2.247072383
N#Cc1ccccc1CCl,20.53,344.2,3.021887231
ClCSc1nc2ccccc2s1,17.02,351.1,2.834389123
COc1c(Cl)ccc(Cl)c1C(=O)O,22.9,386.7,3.131136911
COc1c(Cl)cc(O)c(Cl)c1C(=O)O,28.98,409.8,3.366605937
Cc1c(C)c(Cl)c(Cl)c(Cl)c1Cl,21.46,359.2,3.066190737
Cc1nc2cc(Cl)ccc2o1,20.2,328.8,3.005682604
c1ccc2cnncc2c1,13.32,364.5,2.589266665
c1ccc2nccnc2c1,11.8,305.7,2.468099531
c1ccc2ncncc2c1,16.95,320.9,2.830267834
O=c1cnc2ccccc2[nH]1,32.5,542.5,3.481240089
Cc1ccc2nc3sc(=O)sc3nc2c1,29.92,443.2,3.398527153
O=Cc1ccc(C(=O)O)cc1,21.3,452.2,3.058707073
O=C(O)c1cccc(C(=O)O)c1,33.1,618.4,3.499533282
c1ccc2sccc2c1,11.82,304.5,2.469793012
c1csc(-c2cccs2)c1,16.5,304.2,2.803360381
c1cc(-c2ccsc2)cs1,21.3,406.2,3.058707073
COC(=O)c1ccc(Br)cc1,25.8,351.2,3.250374492
O=C(C=NO)Nc1ccccc1Cl,29.7,432.7,3.391147046
CC1=Nc2ccc(Cl)cc2S(=O)(=O)N1,34.1,600.4,3.529297384
CC(=O)c1ccc(Cl)cc1,15.3,290.3,2.727852828
O=C(O)Cc1ccccc1Cl,24.33,367.4,3.191710157
O=C(O)Cc1cccc(Cl)c1,22.6,349.8,3.117949906
O=C(O)Cc1ccc(Cl)cc1,23.57,377.9,3.159974717
COC(=O)c1ccc(Cl)cc1,21.3,315.1,3.058707073
O=C(O)C(O)c1ccccc1Cl,23.2,363.4,3.144152279
O=C(O)C(O)c1ccccc1Cl,23.1,363.1,3.139832618
O=C(O)C(O)c1ccccc1Cl,23.1,363.5,3.139832618
O=C(O)C(O)c1ccccc1Cl,20.08,358.5,2.999724295
O=C(O)C(O)c1cccc(Cl)c1,27.92,391.2,3.329343278
O=C(O)C(O)c1cccc(Cl)c1,27.98,290.4,3.331489969
O=C(O)C(O)c1ccc(Cl)cc1,27.2,394,3.303216973
O=C(O)COc1ccc(Cl)cc1,36.27,429.6,3.590990953
CC(=O)c1ccc(F)cc1,14.2,269,2.653241965
COC(=O)c1ccc(F)cc1,15.5,273.7,2.740840024
O=C(O)C(O)c1cccc(F)c1,24.69,370,3.206398303
O=C(O)C(O)c1ccc(F)cc1,29.29,403,3.377246161
CC(=O)c1ccc(I)cc1,23.5,357.6,3.157000421
COC(=O)c1ccc(I)cc1,29.7,386.7,3.391147046
Cc1ccc(C#N)cc1,16.1,299.3,2.778819272
c1ccc2[nH]ccc2c1,10.6,325.9,2.360854001
OC1=Nc2ccccc2C1,18.74,398.9,2.930660277
Cc1nc2ccccc2o1,11.5,280.1,2.442347035
OC1=Nc2ccccc2SC1,25.29,451.4,3.230409061
OC1=Nc2ccccc2OC1,22.8,445.6,3.126760536
O=[N+]([O-])c1ccc2c(c1)OCCO2,24.27,394,3.18924102
Cc1nc2ccccc2s1,13.1,287.1,2.57261223
Cc1c([N+](=O)[O-])cc([N+](=O)[O-])c(N(C)[N+](=O)[O-])c1[N+](=O)[O-],19.33,375.6,2.961658293
CCN(c1c([N+](=O)[O-])cc([N+](=O)[O-])cc1[N+](=O)[O-])[N+](=O)[O-],23.51,369,3.157425863
C12C3C4C1C1C2C3C41,8.7,404.9,2.163323026
C1=CC=CC=CC=C1,11.25,268.5,2.420368129
C=Cc1ccccc1,10.96,242.3,2.394252282
C=Cc1ccccc1,10.95,242.5,2.393339456
C=Cc1ccccc1,11.07,242.6,2.404238747
COP(=S)(OC)Oc1cc(Cl)c(Br)cc1Cl,31.15,325.3,3.438814245
CC(O)=Nc1ccc(Br)cc1,26,440.3,3.258096538
CC(O)=Nc1ccc(Br)cc1,25.8,441.2,3.250374492
BrCc1ccccc1CBr,26.78,368.2,3.28765534
BrCc1cccc(CBr)c1,23.69,350.2,3.165053018
CN=C(O)Oc1ccccc1Cl,21.81,362.7,3.08236858
COc1cc([N+](=O)[O-])c(OC)cc1Cl,28.02,413.7,3.332918541
ClCc1ccccc1CCl,21.26,328.2,3.056827373
ClCc1cccc(CCl)c1,19.51,307.2,2.970927155
ClCc1ccc(CCl)cc1,23.97,373.2,3.176803048
COc1cc(Cl)c(OC)cc1Cl,27.56,403.9,3.316365446
COC(=O)c1c(Cl)ccc(Cl)c1OC,18.49,304.6,2.917230045
COP(=S)(OC)Oc1cc(Cl)c(Cl)cc1Cl,18.94,313,2.941276088
Cn1cnc2ccccc21,13.9,329.9,2.63188884
Cn1cnc2ccccc21,13.5,333.2,2.602689685
Cc1nc2ccccc2[nH]1,20.49,451.4,3.019936962
CCNc1ccc([N+](=O)[O-])cc1,22.7,368.21,3.122364924
Cc1cccc2sc(=N)[nH]c12,15.91,410.7,2.766947842
Cc1ccc2[nH]c(=N)sc2c1,20.04,412.5,2.997730276
CC(=O)c1ccccc1,16.65,292.7,2.812410216
CC(=O)c1ccccc1O,13,278.5,2.564949357
CC(=O)c1cccc(O)c1,23.4,366.7,3.152736022
CC(=O)c1ccc(O)cc1,18.08,382.8,2.894806355
CC(=O)c1ccc(O)cc1,17,381.3,2.833213344
COC(=O)c1ccccc1,14.8,260.8,2.694627181
COC(=O)c1ccccc1,13.9,261,2.63188884
Cc1ccccc1C(=O)O,18.14,376.5,2.898119445
Cc1ccccc1C(=O)O,20.17,376.9,3.004196352
Cc1cccc(C(=O)O)c1,15.73,381.9,2.755569717
Cc1ccc(C(=O)O)cc1,22.3,453.3,3.104586678
Cc1ccc(C(=O)O)cc1,15,449.2,2.708050201
Cc1ccc(C(=O)O)cc1,22.72,452.8,3.123245594
O=C(O)Cc1ccccc1,15.2,349.2,2.721295428
O=C(O)Cc1ccccc1,16.5,350.8,2.803360381
O=C(O)Cc1ccccc1,14.49,349.9,2.673458756
C=CS(=O)(=O)c1ccccc1,11.72,343.4,2.461296784
O=C1OC(=O)C2=C1CCCC2,11.88,343.5,2.474856314
O=C1OC2C3C=CC(C3)C2O1,3.6,388.4,1.280933845
COC(=O)c1ccc(O)cc1,25.3,400.5,3.230804396
COC(=O)c1ccc(O)cc1,26.3,398.6,3.269568939
COC(=O)c1ccc(O)cc1,25.3,399.2,3.230804396
COC(=O)c1ccc(O)cc1,24.31,398.5,3.190887788
COc1ccccc1C(=O)O,23.9,374.7,3.173878459
COc1ccccc1C(=O)O,24,374.6,3.17805383
COc1cccc(C(=O)O)c1,21.9,382.1,3.086486637
COc1cccc(C(=O)O)c1,23.2,378.6,3.144152279
COc1cccc(C(=O)O)c1,19.8,367.2,2.985681938
COc1cccc(C(=O)O)c1,24.9,378.7,3.214867803
COc1ccc(C(=O)O)cc1,28.97,455.3,3.366260812
COc1ccc(C(=O)O)cc1,29.9,455.6,3.39785848
COc1ccc(C(=O)O)cc1,24.2,449.2,3.186352633
COc1ccc(C(=O)O)cc1,28.33,456.7,3.343921314
COc1ccc(C(=O)O)cc1,29.72,456.5,3.39182022
COc1ccc(C(=O)O)cc1,28.4,457.8,3.346389145
O=C(O)C(O)c1ccccc1,26.46,392.6,3.275634159
O=C(O)C(O)c1ccccc1,23.3,389.2,3.148453361
O=C(O)C(O)c1ccccc1,26.1,392.1,3.261935314
O=C(O)C(O)c1ccccc1,25.52,392,3.239462458
O=C(O)[C@H](O)c1ccccc1,27.41,405.6,3.31090791
O=C(O)[C@H](O)c1ccccc1,26.2,404.1,3.265759411
O=C(O)[C@H](O)c1ccccc1,26.36,406,3.27184771
O=C(O)[C@@H](O)c1ccccc1,26.88,405.3,3.291382516
O=C(O)Cc1ccc(O)cc1,28,422.9,3.33220451
O=C(O)Cc1ccc(O)cc1,28.4,423.6,3.346389145
OCc1ccc2c(c1)OCO2,18.05,327.1,2.893145685
c1ccc2c(c1)CCS2,14.84,269.8,2.697326238
COP(=S)(OC)Oc1ccc([N+](=O)[O-])cc1Cl,29.08,323.9,3.370050653
CN(C)C(=O)c1cccnc1Cl,21.39,342.2,3.062923523
CC(=O)c1cccc(N)c1,12.13,371.2,2.495681723
CC(=O)c1ccc(N)cc1,18.53,380.2,2.91939104
CC(=O)c1ccc(N)cc1,19.6,378.2,2.975529566
CC(=O)c1ccc(N)cc1,15.9,379.2,2.766319109
CN=C(O)c1ccccc1,18.62,347.4,2.924236272
Cc1ccccc1C(=N)O,22.9,415.1,3.131136911
Cc1cccc(C(=N)O)c1,21.6,366.7,3.072693315
Cc1ccc(C(N)=O)cc1,24.3,433.2,3.19047635
COC(=O)c1ccccc1N,17.9,294.1,2.884800713
COC(=O)c1cccc(N)c1,17.8,325.3,2.879198457
COC(=O)c1ccc(N)cc1,24.9,284.2,3.214867803
COC(=O)c1ccc(N)cc1,22.55,385.1,3.115735066
COC(=O)c1ccc(N)cc1,22.6,385.2,3.117949906
CC(O)=Nc1ccccc1O,37,484.1,3.610917913
CC(O)=Nc1ccccc1O,21.25,364.5,3.056356895
CC(O)=Nc1cccc(O)c1,26.6,416.2,3.280911216
CC(O)=Nc1ccc(O)cc1,27.51,442.35,3.314549575
CC(O)=Nc1ccc(O)cc1,26,442.4,3.258096538
CC(O)=Nc1ccc(O)cc1,24.9,429.8,3.214867803
CC(O)=Nc1ccc(O)cc1,27.35,441.9,3.308716529
CC(O)=Nc1ccc(O)cc1,26.7,429.4,3.284663565
CC(O)=Nc1ccc(O)cc1,27.2,443.8,3.303216973
CC(O)=Nc1ccc(O)cc1,27.24,443,3.304686481
CC(O)=Nc1ccc(O)cc1,28.1,441.1,3.335769576
CC(O)=Nc1ccc(O)cc1,27.4,442.2,3.310543013
CC(O)=Nc1ccc(O)cc1,27,440.3,3.295836866
CC(O)=Nc1ccc(O)cc1,27.6,443.4,3.317815773
CC(O)=Nc1ccc(O)cc1,26.1,446.2,3.261935314
CC(O)=Nc1ccc(O)cc1,22.8,447.6,3.126760536
CC(O)=Nc1ccc(O)cc1,24.8,441,3.210843653
CC(O)=Nc1ccc(O)cc1,28.2,442.5,3.339321978
CC(O)=Nc1ccc(O)cc1,27.2,442.9,3.303216973
CC(O)=Nc1ccc(O)cc1,26.02,441.2,3.258865473
COC(O)=Nc1ccccc1,14.56,325,2.678278043
Cc1cccc(C(=O)O)c1N,27.3,447.4,3.306886702
Cc1ccc(N)c(C(=O)O)c1,27.63,450,3.318902139
Cc1ccc(C(=O)O)cc1N,26.89,438.8,3.29175447
Cc1cc(C(=O)O)ccc1N,21.77,439.4,3.080532875
CNc1ccc(C(=O)O)cc1,21,435.9,3.044522438
COc1ccccc1C(=N)O,27.21,401.66,3.303584553
COc1cccc(C(=N)O)c1,28.6,407.15,3.353406718
COc1ccc(C(N)=O)cc1,29.04,440.64,3.36867419
COc1cccc(C(=O)O)c1N,24.21,443,3.186765771
COc1ccc(N)c(C(=O)O)c1,22.88,425,3.130263167
COc1ccc(C(=O)O)cc1N,25.34,477.9,3.232384175
COc1cc(N)cc(C(=O)O)c1,22.4,456.9,3.109060959
COc1cc(C(=O)O)ccc1N,25.27,462.4,3.229617921
CCNc1ccc([N+](=O)[O-])cc1[N+](=O)[O-],19.67,387.2,2.979094632
COP1(=S)OCc2ccccc2O1,16.92,327.9,2.828496354
Cc1ccccc1C,13.68,248,2.615934912
Cc1ccccc1C,13.6,247.8,2.610069793
Cc1cccc(C)c1,11.67,225.3,2.457021446
Cc1cccc(C)c1,11.44,219.6,2.437115986
Cc1ccc(C)cc1,17.49,286.5,2.861629289
Cc1ccc(C)cc1,17.11,286.3,2.839663088
Cc1ccc(C)cc1,16.93,286.4,2.829087196
CCc1ccccc1,9.16,178.2,2.214846179
CCc1ccccc1,9.16,178,2.214846179
COc1cc(Cl)c(OC)cc1N,26.68,391.9,3.283914221
CC1(C)C(C=C(Cl)Cl)C1C(=O)O,16.32,331.5,2.79239135
CC1(C)[C@@H](C=C(Cl)Cl)[C@@H]1C(=O)O,13.75,344.8,2.621038824
COP(=S)(OC)Oc1ccc([N+](=O)[O-])cc1,20.07,308.2,2.999226163
CN(C)C(=O)c1cccnc1,19.4,317.3,2.965273066
CC(O)=NS(=O)(=O)c1ccc(N)cc1,29.8,455.2,3.394508394
Cc1cccc(O)c1C,20.29,345.8,3.010128154
Cc1cccc(O)c1C,21.02,346,3.045474365
Cc1ccc(O)c(C)c1,12.76,297.3,2.546315278
Cc1ccc(C)c(O)c1,13.81,348.1,2.625392967
Cc1ccc(C)c(O)c1,23.38,348,3.151880956
Cc1cccc(C)c1O,18.83,318.6,2.935451343
Cc1cccc(C)c1O,18.9,318.9,2.939161922
Cc1ccc(O)cc1C,19.04,338.5,2.946542029
Cc1ccc(O)cc1C,18.13,334,2.897568025
Cc1cc(C)cc(O)c1,18,336.8,2.890371758
Cc1cc(C)cc(O)c1,17.4,336.6,2.856470206
Cc1ccc(CO)cc1,20.17,331.9,3.004196352
COc1ccccc1OC,12.6,295.7,2.533696814
COc1ccccc1OC,15.8,295.9,2.76000994
COc1ccc(OC)cc1,20.1,333,3.000719815
OCCc1ccc(O)cc1,25.9,364,3.254242969
CS(=O)(=O)Cc1ccccc1,25.52,400.5,3.239462458
O=C1OC(=O)[C@@H]2CCCC[C@H]12,0.85,310.5,-0.162518929
O=C1OC(=O)C2CCCCC12,14.71,303.8,2.688527535
O=C(O)/C=C\CC/C=C/C(=O)O,22.78,380,3.125882958
CN(C)c1ccccc1,11.56,275.6,2.447550863
Cc1ccc(C)c(N)c1,13.7,279,2.617395833
Cc1cc(C)nc(C)c1,9.54,229,2.255493485
N#CC1CC2CCC1C2,2.93,298.8,1.075002423
N#C[C@@H]1CC2CCC1C2,2.96,331.2,1.085189268
O=C1N=C(O)C2CCCC1C2,3.3,463.6,1.193922468
COC(O)=Nc1nc(OC)cc(OC)n1,26.29,357.2,3.269188639
N=c1nc2c(c[nH]1)ncn2COCCO,42.2,462.2,3.742420221
C1=CCCC=CCC1,9.83,204,2.285438934
C1=C2CCC(C1)CC2,5.4,389.8,1.686398954
CCCCN=C(O)OCC#CI,22.68,341.41,3.121483479
COP(=S)(OC)Oc1ccc(S(N)(=O)=O)cc1,26.21,344.2,3.266141017
N#CCCCCCCC#N,21.97,268.9,3.089677886
CC(C)(C#N)C(C)(C)C#N,7.15,442,1.967112357
CCc1cn(C)c(=O)n(C)c1=O,19.4,354.4,2.965273066
O=C=NCCCCCCN=C=O,18.64,206.1,2.925309809
CCN1C(=O)CC(=O)N(CC)C1=O,19.6,326.8,2.975529566
CCC1(CC)C(O)=NC(=O)N=C1O,25.4,463.2,3.234749174
CCC1(CC)C(O)=NC(=O)N=C1O,26.8,456.5,3.288401888
CCC1(CC)C(O)=NC(=O)N=C1O,24.8,454.4,3.210843653
CCC1(CC)C(O)=NC(=O)N=C1O,27.3,448.8,3.306886702
CCC1(CC)C(O)=NC(=O)N=C1O,24.8,462,3.210843653
CCC1(CC)C(O)=NC(=O)N=C1O,24.98,462.6,3.218075505
CN1C(=O)N(C)C(=O)C(C)(C)C1=O,18.5,382.2,2.917770732
C1C2CC3CC(CC1S3)O2,8.12,557,2.094330154
C1C2CC3CC(CC1O3)O2,3.78,444,1.32972401
O=C1CCCC(=O)CCC1,11.92,341.2,2.478217662
O=C(O)C1CCCC(C(=O)O)C1,12.9,439,2.557227311
C1CC2CCC1CC2,8.37,447.5,2.124653885
C1=CCCCCCC1,1.81,259.2,0.593326845
C[C@@H]1CC2CCC1C2,1.62,278.3,0.482426149
CC1CC2CCC1C2,8.37,164.1,2.124653885
CN=C(O)[C@@H]1CCCN1C(C)=O,24.94,375.9,3.21647294
CSc1nnc(C(C)(C)C)c(=O)n1N,18,399.4,2.890371758
CCN=c1nc(Cl)[nH]c(=NC(C)C)[nH]1,38.15,449.7,3.641525758
CC(=O)OCN(CN(CN(COC(C)=O)[N+](=O)[O-])[N+](=O)[O-])[N+](=O)[O-],38.49,422.5,3.650398467
C1CC2CCC1COC2,6.75,448.4,1.909542505
O=C(O)CC1CCCCC1,13.8,302.6,2.624668592
C=C(C)C(=O)OCCCC,15.55,197.8,2.744060639
[2H]C([2H])([2H])C([2H])([2H])C([2H])([2H])C([2H])([2H])OC(=O)C(=C)C,16.04,198.1,2.775085602
CC(=O)OC1CCCCC1,3.38,221.45,1.217875709
CC(=O)OC1CCCCC1,8,224.6,2.079441542
COC(=O)CCS(=O)(=O)CCC(=O)OC,41.1,390.3,3.716008122
C1CC2CCC1CNC2,6.92,466.6,1.93441577
OC1=NCCCCCCC1,18.9,348.5,2.939161922
C=C(C)C(=O)OCCN(C)C,16.85,237.7,2.824350657
CCN=c1nc(SC)[nH]c(=NCC)[nH]1,24,353.2,3.17805383
N=C(N)Nc1nc(CSCCC(=N)NS(N)(=O)=O)cs1,48.17,445.65,3.874736421
N=C(N)Nc1nc(CSCCC(=N)NS(N)(=O)=O)cs1,50.28,439.35,3.917607384
N=C(N)Nc1nc(CSCCC(=N)NS(N)(=O)=O)cs1,49.7,447,3.906004933
N=C(N)Nc1nc(CSCCC(=N)NS(N)(=O)=O)cs1,48.6,438.6,3.883623531
N=C(N)Nc1nc(CSCCC(=N)NS(N)(=O)=O)cs1,45.81,444.4,3.824502408
N=C(N)Nc1nc(CSCCC(=N)NS(N)(=O)=O)cs1,43.92,436.6,3.782369797
C1CCCCCCC1,2.41,288,0.879626748
CC1(C)CCCCC1,2.01,239.8,0.698134722
C[C@@H]1CCCC[C@@H]1C,1.64,223.3,0.494696242
C[C@H]1CCCC[C@@H]1C,10.5,185,2.351375257
C[C@@H]1CCC[C@H](C)C1,10.82,197.6,2.381396273
C[C@H]1CCC[C@H](C)C1,9.87,183.1,2.289499853
C[C@H]1CC[C@@H](C)CC1,9.29,185.7,2.228938553
CC1CCC(C)CC1,12.34,236.2,2.512846018
CCC1CCCCC1,8.45,161.9,2.134166441
CCC1CCCCC1,8.5,161.5,2.140066163
CCC1CCCCC1,8.33,161.4,2.119863456
CCCC1CCCC1,10.04,155.8,2.306577114
C=CCCCCCC,15.31,171.5,2.72850621
C=C(C)CC(C)(C)C,8.79,178.9,2.173614712
CC(C)=CC(C)(C)C,6.78,166,1.913977102
CC(O)=NC(=O)[C@H](N)CC(C)C,20.2,404,3.005682604
CC[C@H](C)[C@H](N)C(=O)N=C(C)O,41.8,529.6,3.73289634
N=C(O)CCCCCCC(=N)O,58.4,493.2,4.06731589
CNN1CN(N(C)C)CN(N(C)C)C1,22.34,378.8,3.106378794
CCCCCCCC=O,25.86,288.2,3.252697373
OC1CCCCCCC1,1.91,296.8,0.647103242
OC1CCCCCCC1,2.02,291.2,0.703097511
OC1CCCCCCC1,1.97,297.1,0.678033543
OC1CCCCCCC1,2.06,295,0.722705983
OC1CCCCCCC1,1.91,297.5,0.647103242
OC1CCCCCCC1,1.79,283.8,0.58221562
CCCCCCC(C)=O,24.42,252.9,3.195402469
CC1(C)CCOC(C)(C)O1,10.9,250.6,2.388762789
CCCCCCOC(C)=O,19.83,212.1,2.987195943
CCCCOC(=O)CCC,14.93,181.7,2.703372612
C1CSCCSCCSCCS1,31,499.2,3.433987204
CCCCCCCCBr,24.69,218.2,3.206398303
CCCCCCCC(=N)O,27.6,377,3.317815773
CCCCCCCC(=N)O,24.3,374.9,3.19047635
CCCC(CCC)C(=N)O,22.5,398.2,3.113515309
CCCCCC(C)C,11.92,164.2,2.478217662
CCCCC(C)CC,11.67,152.6,2.457021446
CCCC(C)CCC,10.84,152.2,2.383242996
CCCCCCCC,21.8,216.6,3.08190997
CCCCCCCC,20.32,215.8,3.011605623
CCCCCCCC,21,216.4,3.044522438
CCCCCCCC,20.09,215.6,3.000222179
CC(C)CC(C)(C)C,9.08,165.8,2.206074193
CC(C)CC(C)(C)C,9.04,165.3,2.201659174
CC(C)C(C)C(C)C,9.27,163.6,2.22678338
CC(C)(C)C(C)(C)C,7.54,373.9,2.020222182
CC(C)(C)C(C)(C)C,7.12,377.2,1.962907725
CC(C)(C)N=NC(C)(C)C,10.28,258.6,2.33020026
CCCCCCCNC(=N)O,29,386.1,3.36729583
CCCCCCCNC(=N)O,26.3,382.2,3.269568939
OCCN1CCN(CCO)CC1,25.9,405,3.254242969
CC(C)COC(C)(C)C,8.65,162.3,2.157559321
CC(C)COCC(C)C,11.33,190.4,2.427454075
CCCCCCCCO,23.7,258.7,3.165475048
CCCCCCCCO,24.3,282.3,3.19047635
CCCCCCCCO,25.24,258.4,3.228430038
OCCCCCCCCO,36.3,331.6,3.591817741
OCCCCCCCCO,36.1,332.8,3.586292865
OCCCCCCCCO,28.9,336.2,3.363841595
COCCOCCOCCOC,23.71,229.3,3.1658969
CCCCSCCCC,19.41,198.1,2.965788397
CCCCCCCCS,24.27,224,3.18924102
CCCCCCCCN,34.74,273.4,3.547891761
NCCCCCCCCN,50.51,324.9,3.922171336
NCCCCCCCCN,52.4,325.6,3.958906591
NCCCCCCCCN,50.98,324.8,3.931433399
O=C1c2ccccc2C(=O)N1SC(Cl)(Cl)Cl,35.49,454.2,3.569250967
Clc1nc(Cl)[nH]c(=Nc2ccccc2Cl)n1,31.48,431,3.449352424
Cn1c(=O)on(-c2ccc(Cl)c(Cl)c2)c1=O,29.5,396.3,3.384390263
O=C1OC(=O)C2(Cl)C3C=CC(C3)C12Cl,5.36,457.6,1.678963975
O=S1OCC2C(CO1)C1(Cl)C(Cl)=C(Cl)C2(Cl)C1(Cl)Cl,10,380,2.302585093
O=S1OCC2C(CO1)C1(Cl)C(Cl)=C(Cl)C2(Cl)C1(Cl)Cl,16.52,368,2.804571768
O=S1(=O)OCC2C(CO1)C1(Cl)C(Cl)=C(Cl)C2(Cl)C1(Cl)Cl,21.66,419.7,3.075467242
O=[N+]([O-])c1ccc(O)c2ncccc12,19.61,455.2,2.97603964
O=[N+]([O-])c1ccc(O)c2ncccc12,24.7,453.2,3.206803244
O=c1ccc2ccccc2o1,16.04,344.4,2.775085602
O=c1ccc2ccccc2o1,19.54,341.7,2.972463647
O=c1ccc2ccccc2o1,18.63,342.3,2.924773185
O=c1ccc2ccccc2o1,19.6,342,2.975529566
O=c1ccc2ccccc2o1,19.14,342.1,2.951780386
O=c1ccoc2ccccc12,15.44,329.9,2.736961545
O=c1ccoc2ccccc12,17.31,330.3,2.851284369
O=C1CC(=O)c2ccccc21,21.8,401.5,3.08190997
O=C(O)C#Cc1ccccc1,25.95,410.54,3.25617161
O=c1ccc2ccc(O)cc2o1,31.25,503.7,3.442019376
O=c1oc2ccccc2cc1O,27.1,425.6,3.299533728
O=c1cc(O)c2ccccc2o1,24.49,488.3,3.198264871
O=c1cc(O)c2ccccc2o1,23.17,483.6,3.142858338
S=S1SCC=C1c1ccccc1,26.27,398,3.268427604
O=C(O)/C=C/c1cccc(Br)c1,31.06,443.2,3.435920818
CC(Oc1cc(Cl)c(Cl)cc1Cl)C(=O)O,39.58,450.6,3.67832394
COC(=O)COc1cc(Cl)c(Cl)cc1Cl,30.46,361.9,3.416414347
c1ccc2cnccc2c1,13.54,299.6,2.605648267
c1ccc2ncccc2c1,10.66,258.4,2.366498419
c1ccc2ncccc2c1,10.72,257.9,2.372111156
Oc1cccc2cccnc12,22.1,346.8,3.095577609
Cc1cccc2sc3nncn3c12,24.07,460.2,3.180966252
C1=Cc2ccccc2C1,10.2,271.7,2.32238772
CC(Oc1ccc(Cl)cc1Cl)C(=O)O,32,391.3,3.465735903
CC(Oc1ccc(Cl)cc1Cl)C(=O)O,30.43,389.2,3.415428964
COC(=O)COc1ccc(Cl)cc1Cl,20,313.4,2.995732274
COC(=O)COc1ccc(Cl)cc1Cl,25.1,315.4,3.222867846
c1ccc(-c2ncc[nH]2)cc1,17.81,420,2.879760097
Cc1nc2ccccc2[nH]c1=O,33.4,522.9,3.5085559
O=C1CCc2ccccc21,17.6,314.1,2.867898902
O=C1CCc2ccccc21,17.78,312.9,2.87807423
O=C1Cc2ccccc2C1,16.89,330,2.826721731
O=C(O)C=Cc1ccccc1,11.97,408.7,2.48240352
O=C(O)C=Cc1ccccc1,22.63,406.2,3.11927646
O=C(O)/C=C/c1ccccc1,22.21,406.1,3.100542638
O=C(O)/C=C/c1ccccc1,25.7,405.5,3.246490992
O=C(O)/C=C/c1ccccc1,22.6,404.8,3.117949906
O=C(O)/C=C/c1ccccc1,22.63,406.2,3.11927646
O=C(O)/C=C/c1ccccc1,16.8,340.1,2.821378886
O=C(O)/C=C/c1ccccc1,16.95,341.2,2.830267834
O=C1CCc2ccccc2O1,16.7,312.3,2.815408719
O=C1Cc2ccccc2CO1,18.3,355.9,2.90690106
O=C1OC(=O)C2C3C=CC(C3)C12,3.71,437.2,1.311031877
O=CCc1ccc2c(c1)OCO2,26.23,358.9,3.266903794
O=Cc1ccc2c(c1)OCCO2,19.44,324.4,2.967332799
O=C([O-])[C@@H](O)Cc1ccccc1,30.5,395.3,3.417726684
O=C([O-])[C@@H](O)Cc1ccccc1,30.5,368,3.417726684
O=C([O-])[C@@H](O)Cc1ccccc1,26.5,366.6,3.277144733
O=C(O)/C=C\c1ccc(O)c(O)c1,27.53,496.5,3.315276319
COC(=O)c1ccc(C(=O)[O-])cc1,39.73,493.7,3.68210657
COC(=O)c1ccc(C(=O)[O-])cc1,37.68,492.5,3.62912945
COC(=O)c1ccccc1C(=O)[O-],21.63,357.5,3.07408124
CC(=O)Oc1ccccc1C(=O)O,33.51,408.65,3.511843902
CC(=O)Oc1ccccc1C(=O)O,33.85,407.7,3.521938999
CC(=O)Oc1ccccc1C(=O)O,30.9,410,3.430756184
CC(=O)Oc1ccccc1C(=O)O,29.9,406,3.39785848
CC(=O)Oc1ccccc1C(=O)O,25.9,415.1,3.254242969
CC(=O)Oc1ccccc1C(=O)O,19.1,408.8,2.949688335
CC(=O)Oc1ccccc1C(=O)O,32.56,409,3.483084541
CC(=O)Oc1ccccc1C(=O)O,29.17,409.2,3.373140784
CC(=O)Oc1ccccc1C(=O)O,31.01,412.7,3.434309733
CC(=O)Oc1ccccc1C(=O)O,27.6,414,3.317815773
CC(=O)Oc1ccc(C(=O)O)cc1,30.5,464.8,3.417726684
CC(=O)Oc1ccc(C(=O)O)cc1,26.35,467.2,3.271468275
O=C(O)Cc1ccc2c(c1)OCO2,24.94,401.7,3.21647294
Cc1ccc(C(=O)O)c(C(=O)O)c1,20.3,425.9,3.010620886
CC(Oc1ccccc1Cl)C(=O)O,32.22,388,3.472587378
CC(Oc1cccc(Cl)c1)C(=O)O,33.05,386,3.498021566
Cc1cc(Cl)ccc1OCC(=O)O,29.98,392.9,3.400530493
CCC(O)=Nc1ccc(Cl)c(Cl)c1,18.26,363.7,2.904712875
Cn1ccc2ccccc21,10.9,276.5,2.388762789
Cc1cc2ccccc2[nH]1,15.72,329.4,2.754933787
CC(O)=Nc1ccccc1C(=O)O,29.32,455.1,3.378269877
CC(O)=Nc1cccc(C(=O)O)c1,42.28,522.2,3.744314161
CC(O)=Nc1cccc(C(=O)O)c1,39.4,518.2,3.673765816
CC(O)=Nc1ccc(C(=O)O)cc1,34.2,535.3,3.532225644
CC(O)=Nc1ccc(C(=O)O)cc1,42.4,531.7,3.747148362
O=C(O)CON=C(O)c1ccccc1,31.46,416.9,3.448716898
Cc1ccc2sc(C)nc2c1,18.3,313,2.90690106
CN(CC#N)c1ccc([N+](=O)[O-])cc1,22.96,388.8,3.133753571
Nc1ccc(S(=O)(=O)Nc2nccs2)cc1,27.4,474.2,3.310543013
Nc1ccc(S(=O)(=O)Nc2nccs2)cc1,30.3,473,3.411147713
c1ccc2c(c1)CCC2,8.55,221.8,2.145931283
C=C(C)c1ccccc1,11.92,250.8,2.478217662
CON(C)C(O)=Nc1ccc(Br)c(Cl)c1,26.54,369.8,3.278653029
N=C(O)OC[C@@H](O)c1ccccc1Cl,33,409.6,3.496507561
O=[N+]([O-])NC1=NCCN1Cc1ccc(Cl)nc1,24.7,416.8,3.206803244
CN(C)C(O)=Nc1ccc(Cl)c(Cl)c1,25.28,435.1,3.230013569
CN(C)C(O)=Nc1ccc(Cl)c(Cl)c1,30.47,430.5,3.416742593
CN(C)C(O)=Nc1ccc(Cl)c(Cl)c1,33.89,429.7,3.523119986
CON(C)C(O)=Nc1ccc(Cl)c(Cl)c1,26.56,365.8,3.279406325
N#CCCNc1ccccc1,19.4,323.3,2.965273066
Cc1nc2ccccc2n1C,19.4,379.7,2.965273066
CC(O)=Nc1ccc(C)cc1[N+](=O)[O-],24.25,366.2,3.188416617
CC(O)=Nc1ccc(C)cc1[N+](=O)[O-],20.97,356.7,3.043092845
CC(O)=Nc1ccc(C)cc1[N+](=O)[O-],22.37,364.2,3.107720776
COc1ccccc1NC(=O)C=NO,27.8,424.6,3.325036021
OCC=Cc1ccccc1,15.73,308.2,2.755569717
c1ccc2c(c1)CCCO2,16.26,269.8,2.788708104
c1ccc2c(c1)CCOC2,16.75,277.5,2.818398258
COC(=O)c1ccccc1C,12.47,228.8,2.52332576
COC(=O)c1cccc(C)c1,17.14,270.6,2.841414913
COC(=O)c1cccc(C)c1,21.15,269.9,3.051639905
COC(=O)c1ccc(C)cc1,20.2,305.9,3.005682604
COC(=O)c1ccc(C)cc1,20.78,306.5,3.033990986
CCc1ccc(C(=O)O)cc1,13.2,380.2,2.58021683
CCc1ccc(C(=O)O)cc1,14.06,386.2,2.643333886
Cc1cccc(C(=O)O)c1C,18.3,417.6,2.90690106
Cc1cc(C)cc(C(=O)O)c1,22.6,442.9,3.117949906
c1ccc(OCC2CO2)cc1,17.32,279.8,2.851861903
C=CS(=O)(=O)c1ccc(C)cc1,10.88,340.4,2.386926241
CCOC(=O)c1ccc(O)cc1,25.76,388.7,3.248822901
CCOC(=O)c1ccc(O)cc1,26.5,388.5,3.277144733
CCOC(=O)c1ccc(O)cc1,27.9,389.2,3.328626689
CCOC(=O)c1ccc(O)cc1,32.49,388.9,3.48093235
CCOC(=O)c1ccc(O)cc1,29.8,387,3.394508394
CCOC(=O)c1ccc(O)cc1,26.4,389,3.27336401
CC1=CCC2C(=O)OC(=O)C2C1,17.67,335.5,2.871868286
CCOc1cc(C=O)ccc1O,23.1,349.8,3.139832618
COc1ccc(C=O)cc1OC,20.3,317,3.010620886
O=C([O-])C[C@@H](O)c1ccccc1,32.64,391,3.48553853
CC(Oc1ccccc1)C(=O)O,33.05,388,3.498021566
COc1ccc(CC(=O)O)cc1,21.8,358.1,3.08190997
CC(C(=O)O)c1ccc(O)cc1,28.9,402.5,3.363841595
CCOc1ccc(C(=O)O)cc1,35.07,471.8,3.557346064
CCOc1ccc(C(=O)O)cc1,28.9,465.2,3.363841595
CCOc1ccc(C(=O)O)cc1,29.4,472.8,3.380994674
OCC1COc2ccccc2O1,28.78,362.4,3.359680701
COc1ccc(C(=O)O)cc1OC,29.6,453.12,3.387774361
CON(C)C(=O)Nc1ccc(Br)cc1,24.44,368.3,3.196221134
OCC(O)COc1ccccc1Br,33.4,353.5,3.5085559
CN(C)C(=O)Nc1ccc(Cl)cc1,29.3,447.6,3.377587516
CON(C)C(=O)Nc1ccc(Cl)cc1,22.54,353.4,3.115291509
Cc1cc(Cl)ccc1OC(C)C(=O)O,26.43,366.2,3.274499729
OCC(O)COc1ccccc1Cl,29,344.9,3.36729583
OC[C@@H](O)COc1ccccc1Cl,38.2,363.3,3.642835516
CCOP(=S)(OCC)Oc1nc(Cl)c(Cl)cc1Cl,24.53,315,3.199896858
OCC(O)COc1ccccc1F,20.5,318.2,3.020424886
OC[C@@H](O)COc1ccccc1F,26,333.7,3.258096538
OC[C@@H](O)COc1ccccc1I,37.4,383.5,3.621670704
c1ccc2c(c1)CCCN2,11.81,290,2.46894663
c1cnc2c(c1)CCCC2,9.08,222.7,2.206074193
CN(C)C(=O)c1ccccc1,21.22,316.9,3.054944133
CC(O)=Nc1ccccc1C,21.7,382.7,3.077312261
CC(O)=Nc1ccc(C)cc1,29.4,421.3,3.380994674
CC(O)=Nc1ccc(C)cc1,28.93,424,3.364879119
CN(C)c1ccc(C=O)cc1,19.07,346.2,2.94811642
CCOC(=O)c1ccc(N)cc1,23.3,362.4,3.148453361
CCOC(=O)c1ccc(N)cc1,17.81,362.7,2.879760097
CCOC(=O)c1ccc(N)cc1,22.55,362,3.115735066
CCOC(=O)c1ccc(N)cc1,25.65,362.6,3.244543572
CCOC(=O)c1ccc(N)cc1,21.4,362.5,3.063390922
CCOC(=O)c1ccc(N)cc1,23.56,362.8,3.159550359
CCOC(O)=Nc1ccccc1,16.27,326,2.789322921
COc1ccc(N=C(C)O)cc1,25.4,398.2,3.234749174
CN(C)c1ccccc1C(=O)O,14.1,341.9,2.646174797
CN(C)c1cccc(C(=O)O)c1,21.8,423.3,3.08190997
CN(C)c1ccc(C(=O)O)cc1,34.1,512.5,3.529297384
O=C(O)CCP(=O)(O)c1ccccc1,33.58,432.66,3.513930652
CC(C)c1ccccc1,7.32,177.1,1.990610328
CCCc1ccccc1,9.27,173.6,2.22678338
Cc1cccc(C)c1C,8.18,247.8,2.101692151
Cc1ccc(C)c(C)c1,13.19,229.3,2.579458967
Cc1ccc(C)c(C)c1,12.65,228.6,2.537657215
C1CC12C1(CC1)C21CC1,14.14,312.1,2.64900766
CC(C)N=c1nc(Cl)[nH]c(=NC2CC2)[nH]1,28.76,441.6,3.358985533
CC1Cc2ccccc2N1N,24.45,318.2,3.196630216
CN(C)C(O)=Nc1ccccc1,22.81,404.8,3.127199036
CCCc1cc(C(=N)S)ccn1,23.21,414.1,3.14458322
CCc1nc2c(=O)n(C)c(=O)n(C)c2[nH]1,37.2,545.3,3.616308761
Cn1c(=O)c2c(ncn2CCO)n(C)c1=O,32.62,435.8,3.484925597
Cc1ccc(C)c(O)c1C,22.05,331.2,3.093312602
CC1=CC(=O)CC(C)(C)C1=O,7.2,297.3,1.974081026
OCC(O)COc1ccccc1,28,331.7,3.33220451
OC[C@@H](O)COc1ccccc1,31.8,341.5,3.45946629
O=C1CC2(CCCC2)CC(=O)O1,15.3,338.4,2.727852828
COc1cc(O)cc(OC)c1OC,31.94,420.2,3.463859143
CCC(C)n1c(O)nc(C)c(Br)c1=O,22.02,428.3,3.091951131
CCN=c1nc(Cl)nc(NC(C)(C)C#N)[nH]1,41.96,437.9,3.736716784
CCOP(=O)(OCC)Oc1nc(Cl)c(Cl)cc1Cl,15.61,312.5,2.747911735
C[C@H](N)[C@H](O)c1ccccc1,15.87,324.4,2.764430535
C[C@@H](N)[C@@H](O)c1ccccc1,26.11,374.3,3.262318383
O=C1CC2(CCCC2)CC(O)=N1,24.2,426.6,3.186352633
N=c1nc(O)c2ncn(COC(CO)CO)c2[nH]1,37.88,509.2,3.634423268
CC(C)N=c1nc(Cl)[nH]c(=NC(C)C)[nH]1,41.87,490.3,3.73456958
N#CCCCCCCCC#N,18.68,251.1,2.927453433
CCCc1cn(C)c(=O)n(C)c1=O,26.3,355,3.269568939
CC(C)c1cn(C)c(=O)n(C)c1=O,22.4,354.7,3.109060959
CCn1cc(C)c(=O)n(CC)c1=O,21.6,327,3.072693315
C1C2CC3CC1CC(C2)O3,8.12,567,2.094330154
C=C(C)C(=O)OC(=O)COC(C)C,19.87,276.5,2.989211057
C1C2CC3CC1CC(C2)S3,8.1,597,2.091864062
C[C@H](CS)C(=O)N1CCC[C@H]1C(=O)O,26.68,378.7,3.283914221
C[C@H](CS)C(=O)N1CCC[C@H]1C(=O)O,20.38,379.5,3.014554028
CCOC(=O)C(N=C(C)O)C(=O)OCC,34.3,368.7,3.535145354
CC(O)=NCC(=O)N1CCC[C@H]1C(=N)O,27,457.8,3.295836866
CC(=O)N1CCC[C@H]1C(O)=NCC(=N)O,32.2,434.1,3.471966453
C1CC[C@H]2CCC[C@H]2C1,1.4,236.5,0.336472237
C1CC[C@H]2CCC[C@@H]2C1,10.9,213.9,2.388762789
CCN=c1nc(Cl)nc(NC(C)(C)C)[nH]1,33.57,448.6,3.513632811
CC(C)(C#N)N1CCCCC1,21.59,316.2,3.072230245
CN=C(O)N(C)c1nnc(C(C)(C)C)s1,29.48,435.3,3.383712067
O=C1CCCCCCCC1,1.6,298,0.470003629
CCCC12OCC(C)(CO1)CO2,16.1,311.2,2.778819272
CCN=c1nc(SC)[nH]c(=NC(C)C)[nH]1,26,359.1,3.258096538
C1CCCCCCCC1,1.93,283.9,0.657520003
CCCCC1CCCC1,11.31,165.2,2.42568729
CCCC1CCCCC1,10.6,178,2.360854001
CCCC1CCCCC1,10.37,178.3,2.338917022
C=CCCCCCCC,19.97,191.6,2.994231147
N=C(O)CCCCCCCC(=N)O,55,450.4,4.007333185
CN=C(O)O/N=C(/CSC)C(C)(C)C,19.83,330.2,2.987195943
CCCC(C)(COC(=N)O)COC(=N)O,35.64,377.8,3.573468603
CCCC(C)(COC(=N)O)COC(=N)O,32.97,372.7,3.495598057
CN(C)N1CN(N(C)C)CN(N(C)C)C1,23.01,444.4,3.135928904
CCNN1CN(N(C)C)CN(N(C)C)C1,16.74,333,2.817801065
CCCCCCCCC=O,29.6,253.9,3.387774361
CCCCCCCCC(=O)O,19.82,285.5,2.986691529
CC1(C)OOC(C)(C)OOC(C)(C)OO1,5.84,360,1.764730797
CC1(C)OOC(C)(C)OOC(C)(C)OO1,21.25,358.6,3.056356895
CC1(C)OOC(C)(C)OOC(C)(C)OO1,23.6,357.1,3.161246712
C1CSCCCSCCCSC1,19.4,373.2,2.965273066
CCCCCCCCCBr,30.12,243.2,3.405189403
CCCCCCCCC,13.24,219.2,2.583242551
CCCCCCCCC,15,219.5,2.708050201
CCCCCCCCC,15.48,219.7,2.739548868
CCCCCCC(C)C,17.99,192.8,2.889816048
CCCCCC(C)CC,16.99,165.6,2.832624936
CCC(CC)(CC)CC,10.09,240.1,2.311544834
CCC(C)(C)C(C)(C)C,2.33,263.4,0.845868268
CC(C)(C)CC(C)(C)C,9.75,206.7,2.277267285
CCCCN=C(O)NCCCC,14.87,346.9,2.69934576
CCCCCCCCNC(=N)O,24.4,374.6,3.194583132
CCCCCCCCNC(=N)O,24.6,372.2,3.202746443
CCN(CC)C(=O)N(CC)CC,20.55,253,3.022860941
CCCCN=C(S)NCCCC,28.34,338,3.344274234
CCCCN(CN(CCCC)[N+](=O)[O-])[N+](=O)[O-],31,345.2,3.433987204
CCCCCCCCCO,24.54,268.1,3.200304439
CC(C)(C)C(O)C(C)(C)C,7.3,322,1.987874348
CCCCC(CC)(CO)CO,20.8,317.3,3.034952987
OCCCCCCCCCO,36.7,318.7,3.602776755
OCCCCCCCCCO,36.4,319.6,3.594568775
OCCCCCCCCCO,33.5,318.6,3.511545439
CCCCCCCCCS,33.5,267.7,3.511545439
Clc1cc(Cl)c2c(Cl)c(Cl)cc(Cl)c2c1Cl,28.89,449.4,3.363495514
O=c1oc(=O)c2cc3c(=O)oc(=O)c3cc12,32.39,558.9,3.477849733
O=c1oc(=O)c2cc3c(=O)oc(=O)c3cc12,15.82,557.2,2.761274962
Clc1cc(Cl)c2cc(Cl)c(Cl)c(Cl)c2c1,27.14,444.9,3.301008654
Clc1cc2cc(Cl)c(Cl)c(Cl)c2cc1Cl,22.94,416.6,3.132882112
Clc1cc2ccc(Cl)c(Cl)c2c(Cl)c1Cl,17.55,381.6,2.86505395
Clc1cc2c(Cl)cc(Cl)c(Cl)c2cc1Cl,22.58,404.3,3.117064559
Clc1cc(Cl)c2c(Cl)c(Cl)cc(Cl)c2c1,19.75,429,2.983153491
O=C1C(Cl)=C(Cl)C(=O)c2ccccc21,28.53,469,3.350956165
Clc1cc2c(Cl)cccc2c(Cl)c1Cl,27.14,453,3.301008654
Clc1c(Cl)c(Cl)c2ccccc2c1Cl,11.54,470.8,2.445819261
Clc1ccc2ccc(Cl)c(Cl)c2c1Cl,14.62,401.3,2.682390454
Clc1cc2ccccc2c(Cl)c1Cl,18.44,354.7,2.914522218
Brc1ccc(Br)c2ccccc12,21,353.1,3.044522438
COC(=O)c1c(Cl)c(Cl)c(C(=O)OC)c(Cl)c1Cl,30.23,431.7,3.408834809
Nc1ccc2c(C(F)(F)F)cc(=O)oc2c1,31.7,494.8,3.456316681
O=S1Sc2cccc3cccc1c23,23.3,421.2,3.148453361
O=C(O)c1coc2ccccc2c1=O,33.7,475.4,3.517497837
O=C(O)c1coc2ccccc2c1=O,31.42,473.2,3.447444633
O=C(O)c1cc2ccccc2oc1=O,30.95,463.1,3.432372999
c1cc2c3c(cccc3c1)SS2,13,394.8,2.564949357
Brc1cccc2ccccc12,15.16,271.4,2.71866038
Brc1ccc2ccccc2c1,14.4,329,2.667228207
Brc1ccc2ccccc2c1,11.97,322,2.48240352
Clc1cccc2ccccc12,12.9,270.7,2.557227311
Clc1ccc2ccccc2c1,13.9,330.7,2.63188884
Clc1ccc2ccccc2c1,14.7,332,2.687847494
Clc1ccc2ccccc2c1,14,331.2,2.63905733
Clc1ccc2ccccc2c1,13.9,332.1,2.63188884
Clc1cc(Cl)cc(C2(CC(Cl)(Cl)Cl)CO2)c1,18.54,313.2,2.91993056
Ic1cccc2ccccc12,15.91,280,2.766947842
Ic1ccc2ccccc2c1,16.04,327.6,2.775085602
O=[N+]([O-])c1cccc2ccccc12,17.3,328.9,2.850706502
O=[N+]([O-])c1cccc2ccccc12,19.28,329.5,2.959068289
O=[N+]([O-])c1cccc2ccccc12,18.43,329.9,2.913979772
O=[N+]([O-])c1ccc2ccccc2c1,14.5,348.2,2.674148649
c1ccc2[nH]c(-c3cscn3)nc2c1,35.2,573.2,3.561046083
c1ccc2cccc-2cc1,17.53,373.5,2.863913699
c1ccc2ccccc2c1,13.84,353.2,2.62756295
c1ccc2ccccc2c1,19.5,354.8,2.970414466
c1ccc2ccccc2c1,18.83,353.4,2.935451343
c1ccc2ccccc2c1,19.12,353.7,2.950734908
c1ccc2ccccc2c1,19.1,353.5,2.949688335
c1ccc2ccccc2c1,16.44,353.8,2.79971739
c1ccc2ccccc2c1,19.55,354.7,2.972975286
c1ccc2ccccc2c1,18.71,253.2,2.92905814
c1ccc2ccccc2c1,18.2,356.2,2.901421594
c1ccc2ccccc2c1,19,353.3,2.944438979
c1ccc2ccccc2c1,19.4,351.2,2.965273066
c1ccc2ccccc2c1,18.79,353,2.933324813
BrCc1nc2ccccc2nc1CBr,32.43,423.6,3.47908392
Nc1cnn(-c2ccccc2)c(=O)c1Cl,26.75,479.2,3.286534473
CC1=NOC(=O)/C1=N\Nc1ccccc1Cl,28.04,440.4,3.333632062
O=C(O)c1c([O-])c(Cl)c(C(=O)O)c([O-])c1Cl,41,455,3.713572067
O=C(O)c1c([O-])c(Cl)c(C(=O)O)c([O-])c1Cl,44.6,461,3.797733859
c1ccc(-c2ccccn2)nc1,20.4,345,3.015534901
c1ccc(-c2ccccn2)nc1,19.9,342,2.990719732
c1ccc(-c2ccncc2)nc1,17.4,332.8,2.856470206
c1cc(-c2ccncc2)ccn1,24.7,385,3.206803244
c1cc(-c2ccncc2)ccn1,16.1,377.5,2.778819272
c1ccc(-c2ccncn2)cc1,18.8,334.1,2.93385687
Oc1cccc2ccccc12,24.26,368.5,3.188828904
Oc1cccc2ccccc12,21.77,368.3,3.080532875
Oc1cccc2ccccc12,20.76,367.2,3.033028058
Oc1cccc2ccccc12,21.62,368.2,3.073618812
Oc1cccc2ccccc12,23.3,368.7,3.148453361
Oc1cccc2ccccc12,24.4,369.7,3.194583132
Oc1cccc2ccccc12,23.49,368,3.156574799
Oc1cccc2ccccc12,23.22,369,3.145013976
Oc1ccc2ccccc2c1,21.9,394.2,3.086486637
Oc1ccc2ccccc2c1,17.51,392.2,2.862772146
Oc1ccc2ccccc2c1,24.1,393.9,3.18221184
Oc1ccc2ccccc2c1,20.9,392.5,3.039749159
Oc1ccc2ccccc2c1,21.2,395.2,3.054001182
Oc1ccc2ccccc2c1,17.51,396.2,2.862772146
Oc1ccc2ccccc2c1,18.79,393.6,2.933324813
COc1ccc(-c2cc(=S)ss2)cc1,24.39,382.2,3.194173212
Cc1cc(=O)oc2cc(O)ccc12,31.41,462,3.447126314
Cc1cc(=O)oc2cc(O)ccc12,29.14,460.7,3.372111801
COc1ccc2ccc(=O)oc2c1,23.16,391,3.142426653
C=C(C)C(O)=Nc1ccc(Cl)c(Cl)c1,32.04,395.5,3.466985122
COC(=O)C(C)Oc1cc(Cl)c(Cl)cc1Cl,31.95,360.6,3.464172181
O=C(O)CCCOc1cc(Cl)c(Cl)cc1Cl,30.28,386.7,3.410487429
O=C1C2CC=CCC2C(=O)N1SC(Cl)(Cl)C(Cl)Cl,40.22,432.7,3.694364384
O=C1C2CC=CCC2C(=O)N1SC(Cl)(Cl)C(Cl)Cl,43.1,432,3.763522997
COC(=O)C12C3C4C1C1C2C3C41I,22.3,395,3.104586678
Cc1cccc2cccnc12,10.73,246.9,2.373043557
Nc1cccc2ccccc12,13.3,321.2,2.587764035
Nc1cccc2ccccc12,16.18,323,2.783775912
Nc1cccc2ccccc12,14.49,323.2,2.673458756
Nc1cccc2ccccc12,14,322.2,2.63905733
Nc1ccc2ccccc2c1,23.61,386.2,3.161670351
C1=CC2C3C4C1C1C2C3C41,2.72,331.8,1.00063188
C1=CC2C=CC1C1C=CC21,1.46,293.7,0.378436436
C1=CC2C3C4C1C1C2C1C43,7.87,334,2.063058062
C1=Cc2ccccc2CC1,10.53,264.4,2.354228326
C1=CCc2ccccc2C1,9.35,298.1,2.235376343
O=C(O)CCCOc1ccc(Cl)cc1Cl,35,395.5,3.555348061
O=C(O)CCCOc1ccc(Cl)cc1Cl,38.42,391.4,3.648578157
Nc1cccc2cccc(N)c12,16.15,339.8,2.78192005
Cc1nc2ccccc2nc1C,22.35,379.5,3.106826321
c1ccc(Cn2ccnc2)cc1,21.5,343.9,3.068052935
O=C1c2ccccc2OCN1CCO[N+](=O)[O-],23,326.3,3.135494216
COc1ccc(C=CC=O)cc1,19,332.7,2.944438979
O=C1CCCc2c(O)cccc21,33.67,480.1,3.516607233
Cc1ccc2c(c1)C(=O)CCO2,14.88,307.8,2.700018029
COC(=O)C=Cc1ccc(O)cc1,30.22,410.7,3.408503957
COc1ccccc1C=CC(=O)O,32.54,458.7,3.482470102
COc1cccc(C=CC(=O)O)c1,22.58,390.5,3.117064559
CC(=O)c1ccc2c(c1)OCCO2,23.49,356,3.156574799
O=C1OC(=O)[C@H]2C3C=CC(CC3)[C@@H]12,4.54,419.2,1.512927012
COC(=O)c1cccc(C(=O)OC)c1,30.15,341.5,3.406184923
COC(=O)c1cccc(C(=O)OC)c1,25.3,341.2,3.230804396
COC(=O)c1ccccc1C(=O)OC,16.95,274.2,2.830267834
COC(=O)c1ccccc1C(=O)OC,15.7,273.2,2.753660712
COC(=O)c1ccc(C(=O)OC)cc1,34.87,414.3,3.551626861
COC(=O)c1ccc(C(=O)OC)cc1,32.9,413.8,3.493472658
COC(=O)c1ccc(C(=O)OC)cc1,31.63,413.7,3.454106037
COc1cc(/C=C/C(=O)O)ccc1O,34.7,445.9,3.546739687
COc1cc(/C=C/C(=O)O)ccc1O,31.9,444.9,3.46260601
COc1cc(/C=C/C(=O)O)ccc1O,17.89,435.3,2.884241898
O=C(O)CC(C(=O)O)c1ccccc1,37.37,440.1,3.620868243
CN(C)C(O)=Nc1cccc(C(F)(F)F)c1,29.82,434.1,3.395179309
CC(O)=Nc1ccc(C)c(NS(=O)(=O)C(F)(F)F)c1,40.47,455.7,3.700560959
Cc1cc(C)c(C#N)c(C)c1,15.5,325.5,2.740840024
COc1ccc(CC#N)cc1OC,24.72,336.8,3.207612633
O=C(O)CCN=Cc1ccccc1O,28.5,408,3.349904087
CC(=O)Oc1ccc(N=C(C)O)cc1,30.97,427.5,3.433018994
CC(C)OC(O)=Nc1cccc(Cl)c1,17.75,313.9,2.876385516
CN=C(O)ON=C1C(Cl)C2CC(C#N)C1C2,26.07,431.6,3.260785228
CC(=O)OCCNc1ccc([N+](=O)[O-])cc1,20.8,387,3.034952987
C=CCC1(CC=C)C(O)=NC(=O)N=C1O,32.31,442.6,3.47537678
CCOc1ccccc1N=C(O)/C=N/O,23,407.3,3.135494216
CC(C)N1C(=O)c2ccccc2NS1(=O)=O,21.77,412.5,3.080532875
CSC(COC(=N)O)c1ccc([N+](=O)[O-])cc1,31.27,349.4,3.442659171
CCC(C)c1cc([N+](=O)[O-])cc([N+](=O)[O-])c1O,21.81,313.7,3.08236858
C=CCN(C(=N)S)c1ccccc1,27.61,375,3.318178026
CC=Cc1ccc(OC)cc1,16,294.7,2.772588722
C=C(C)c1ccc(OC)cc1,19.07,309.2,2.94811642
CCCc1ccc(C(=O)O)cc1,23.3,422,3.148453361
O=C(O)CCCc1ccccc1,19.5,324.2,2.970414466
CC1=C(C)C(=O)C(C)=C(C)C1=O,18.39,384.1,2.911807039
CC1=C(C)C(=O)C(C)=C(C)C1=O,18.54,384.8,2.91993056
CCCOC(=O)c1ccc(O)cc1,26.51,369.6,3.27752202
CCCOC(=O)c1ccc(O)cc1,27.3,368.8,3.306886702
CCCOC(=O)c1ccc(O)cc1,27.99,369.2,3.331847304
CCOc1ccc(CC(=O)O)cc1,23,360.2,3.135494216
COc1ccccc1CCC(=O)O,25.33,360.5,3.231989464
COc1ccc(CCC(=O)O)cc1,29.57,376.1,3.386760334
COc1ccc(CCC(=O)O)cc1,28.5,376.9,3.349904087
CCOC1=CC(=O)C(OCC)=CC1=O,28.7,459.3,3.356897123
COc1cc(OC)c(C(=O)O)cc1OC,31.15,417.9,3.438814245
COc1cc(C(=O)O)cc(OC)c1OC,29.9,444.5,3.39785848
COC(=O)C1CC(=O)C(C(=O)OC)CC1=O,27.69,429.9,3.321071337
COC(=O)C1CC(=O)C(C(=O)OC)CC1=O,26.52,427.7,3.277899165
COc1ccc(N=C(O)N(C)C)cc1Cl,27.48,399.2,3.313458467
Cc1cc(Cl)ccc1OCCCC(=O)O,32.02,373.4,3.466360708
CCOc1cccc(N=C(C)O)c1,28.9,368,3.363841595
CCCOC(=O)c1ccc(N)cc1,20.54,347.1,3.022374205
COC(=O)c1ccc(N(C)C)cc1,23.4,371.3,3.152736022
COC(=O)c1ccc(N(C)C)cc1,26.07,371.8,3.260785228
CCCOC(O)=Nc1ccccc1,21.08,331,3.048324724
CC(C)OC(O)=Nc1ccccc1,19.37,359.5,2.963725477
CN=C(O)Oc1ccc(C)c(C)c1,24.97,350.8,3.217675104
CN=C(O)Oc1ccccc1C1OCCO1,23.82,387.2,3.170525564
CC(O)=Nc1ncc2ncn(COCCO)c2n1,54.92,454.2,4.005877581
CC(=O)OCCOCn1cnc2c[nH]c(=N)nc21,42.69,408.2,3.753964701
CC(=O)OCCOCn1cnc2c(O)nc(=N)[nH]c21,49.9,515.2,3.910021003
Cc1cn([C@H]2C[C@H](N=[N+]=[N-])[C@@H](CO)O2)c(=O)nc1O,31.12,296.8,3.437850699
Cc1cn([C@H]2C[C@H](N=[N+]=[N-])[C@@H](CO)O2)c(=O)nc1O,33.03,395.8,3.497416239
CCCCc1ccccc1,11.22,185.3,2.4176979
CCCCc1ccccc1,10.98,184.6,2.396075436
CC(C)(C)c1ccccc1,8.4,215.3,2.128231706
CC(C)(C)c1ccccc1,8.41,215,2.129421474
Cc1ccc(C(C)C)cc1,9.67,204.2,2.269028309
COP(=S)(NC(C)C)Oc1ccc(Cl)cc1Cl,29.25,321.5,3.375879574
CCOP(=S)(OCC)Oc1ccc([N+](=O)[O-])cc1,15.72,278.1,2.754933787
O=[N+]([O-])C1([N+](=O)[O-])C2CC3CC(C2)CC1C3,5.06,491.2,1.621366483
CCCc1nc2c(=O)n(C)c(=O)n(C)c2[nH]1,33.3,534.3,3.505557397
CC(C)c1nc2c(=O)n(C)c(=O)n(C)c2[nH]1,34.4,569.3,3.538056564
CC(O)Cn1cnc2c1c(=O)n(C)c(=O)n2C,24.7,408.2,3.206803244
CC(O)Cn1cnc2c1c(=O)n(C)c(=O)n2C,20.8,389.2,3.034952987
Cn1c(=O)c2c(ncn2CC(O)CO)n(C)c1=O,32.8,434.5,3.490428515
Cn1c(=O)c2c(ncn2CC(O)CO)n(C)c1=O,39.3,435.7,3.671224519
Cn1c(=O)c2c(ncn2C[C@H](O)CO)n(C)c1=O,31.7,438.9,3.456316681
Cn1c(=O)c2c(ncn2C[C@@H](O)CO)n(C)c1=O,31.7,438.9,3.456316681
CC(C)(C)c1ccc(O)cc1,14.52,373.2,2.675527009
C=C(C)C1CC=C(C)C(=O)C1,8.98,231,2.194999882
C=C(C)C1CC=C(C)C(=O)C1,12.7,241.2,2.541601993
C=C(C)[C@@H]1CC=C(C)C(=O)C1,11.55,247.7,2.446685437
O=C1C2CC3CC(C2)CC1C3,11.77,557.5,2.465553921
CC(C)(C)c1ccc(O)c(O)c1,15.1,330.4,2.714694744
CC(C)(C)c1cc(O)ccc1O,27.74,350.9,3.322875415
CC1(C)C2CC[C@]1(C)C(=O)C2=O,6.07,473.2,1.803358605
CC12CCC(C(=O)OC1=O)C2(C)C,5.65,493.6,1.731655545
CC12CCC(C(=O)OC1=O)C2(C)C,8.7,495,2.163323026
CC12CCC(C(=O)OC1=O)C2(C)C,5.72,493.9,1.743968805
Cc1ccccc1OC[C@@H](O)CO,34.4,364.2,3.538056564
Cc1ccccc1OCC(O)CO,29.8,343.1,3.394508394
BrC12CC3CC(CC(C3)C1)C2,3.97,391.8,1.378766095
BrC12CC3CC(CC(C3)C1)C2,3.83,396.5,1.342864803
BrC1C2CC3CC(C2)CC1C3,3.21,413.4,1.166270937
ClC12CC3CC(CC(C3)C1)C2,5.53,439.7,1.710187816
ClC12CC3CC(CC(C3)C1)C2,4.87,442.5,1.583093937
ClC1C2CC3CC(C2)CC1C3,5.3,467.5,1.667706821
IC12CC3CC(CC(C3)C1)C2,10.22,347,2.324346585
C=C(C)C1CC=C(C)/C(=N/O)C1,17.03,365.1,2.834976495
CN[C@@H](C)[C@@H](O)c1ccccc1,31.95,392.4,3.464172181
CN[C@@H](C)[C@H](O)c1ccccc1,17.33,312.9,2.852439104
CNC(C)C(O)c1ccccc1,29.09,350.7,3.370394473
O=[N+]([O-])C12CC3CC(CC(C3)C1)C2,4.18,435.2,1.430311247
O=[N+]([O-])C1C2CC3CC(C2)CC1C3,4.23,452.2,1.442201993
N=c1nc(O)c2ncn(CCC(CO)CO)c2[nH]1,35.74,551.2,3.57627051
C1CC2C3CCC(C3)C2C1,3.07,345.3,1.121677562
C1CC2C3CCC(C3)C2C1,2.95,352,1.08180517
C1CC2C3CCC(C3)C2C1,1.2,183.2,0.182321557
C1CC2C3CCC(C3)C2C1,3.48,356.8,1.247032294
C1C2CC3CC1CC(C2)C3,13.8,543.2,2.624668592
C1C2CC3CC1CC(C2)C3,10.9,541,2.388762789
C=C1C2CCC(C2)C1(C)C,2.7,317.6,0.993251773
C=C(C)C1CC=C(C)CC1,11.38,199.2,2.431857429
CC(C)N(C(=O)SCC(Cl)=C(Cl)Cl)C(C)C,27.11,306.4,3.299902664
COP(=S)(OC)Oc1ccc(S(=O)(=O)N(C)C)cc1,26.5,326.8,3.277144733
N#CCCCCCCCCC#N,28.2,281.2,3.339321978
CCC(C)(C)C(C#N)(C#N)CC,19.25,307.5,2.957511061
CCCCc1cn(C)c(=O)n(C)c1=O,22,312.1,3.091042453
CCN(CC)S(=O)(=O)c1ccc(N)cc1,19.4,378.8,2.965273066
CN1CC(O)N(c2nnc(C(C)(C)C)s2)C1=O,25.46,408.9,3.237108593
CN=C(NC#N)NCCSCc1[nH]cnc1C,36.6,417.7,3.60004824
CC12CCC(CC1=O)C2(C)C,4.9,448.5,1.589235205
CC1(C)[C@H]2CC[C@@]1(C)C(=O)C2,6.3,451.8,1.840549633
CC1(C)[C@H]2CC[C@@]1(C)C(=O)C2,6,450.8,1.791759469
CC1(C)[C@H]2CC[C@@]1(C)C(=O)C2,5.4,450,1.686398954
CC1(C)[C@H]2CC[C@@]1(C)C(=O)C2,5.3,452,1.667706821
CC12CCC(CC1=O)C2(C)C,5.9,448,1.774952351
CC12CCC(CC1=O)C2(C)C,5.6,443,1.722766598
CC12CCC(CC1=O)C2(C)C,6.86,452,1.925707442
CC1(C)C(=O)[C@@]2(C)CC[C@@H]1C2,17.4,278.6,2.856470206
OC12CC3CC(CC(C3)C1)C2,12.36,552.9,2.514465452
OC1C2CC3CC(C2)CC1C3,11.94,567.3,2.479894108
CC(C)=C[C@@H]1[C@@H](C(=O)O)C1(C)C,14.51,390.7,2.674838067
CC(=O)[C@H]1C[C@@H](CC(=O)[O-])C1(C)C,23.8,377.8,3.169685581
C1COC2(CCC3(CC2)OCCO3)O1,25.77,353.2,3.249211025
CC1(C)[C@@H](C(=O)[O-])CC[C@@]1(C)C(=O)[O-],19.6,455.2,2.975529566
CC12CCC(C/C1=N\O)C2(C)C,1.8,389,0.587786665
C1CCC(C2CCCC2)C1,13.4,237.8,2.595254707
C1CC[C@H]2CCCC[C@H]2C1,14.43,242.8,2.669309373
C1CC[C@H]2CCCC[C@@H]2C1,9.49,230.2,2.250238613
CN=C1NCCC2(CCCCC2)S1,14.1,340.6,2.646174797
CN(C)N1CN(N(C)C)CN(N(C)CC(=O)O)C1,29.83,431,3.395514599
CC1(C)O[C@]2(C)CC[C@H]1CC2,13.8,274.1,2.624668592
CC1(C)C2CCC1(C)C(O)C2,7.4,480.8,2.00148
CC1(C)C2CCC1(C)C(O)C2,7.3,480.2,1.987874348
CC1=CC[C@@H](C(C)(C)O)CC1,15.78,308.5,2.758743315
CCCC(=O)OC1CCCCC1,16.57,219.6,2.807593831
CC1=CC[C@@H](C(C)(C)O)C[C@H]1O,34.69,423.6,3.546451461
CC1=CCC(C(C)(C)O)CC1O,34.39,404.9,3.537765824
CC1=CC[C@H](C(C)(C)O)C[C@@H]1O,25.86,378.9,3.252697373
CC12COC(C(C)(C)C)(OC1)OC2,16.4,375.2,2.797281335
CCOC(=O)CCS(=O)(=O)CCC(=O)OCC,38,359.7,3.63758616
C=C(C)C(=O)OCCN(CC)CC,13.08,207.5,2.571084346
CCCCC1CCCCC1,14.2,198,2.653241965
CCCCC1CCCCC1,14.16,198.4,2.650421088
CCC(C)C1CCCCC1,8.07,178.4,2.088153482
C=CCCCCCCCC,13.81,206.9,2.625392967
CC(C)(C)C=CC(C)(C)C,10.25,268.9,2.327277706
CCN(CC)C(=O)C(=O)N(CC)CC,17,310.2,2.833213344
N=C(O)CCCCCCCCC(=N)O,68.7,484.3,4.229749199
CCN(C)N1CN(N(C)C)CN(N(C)C)C1,21.3,384,3.058707073
CN(C)N1CN(N(C)C)CN(N(C)CCO)C1,17.32,373.3,2.851861903
CC(C)[C@@H]1CC[C@@H](C)C[C@H]1O,12.83,316.7,2.551786179
CC(C)[C@@H]1CC[C@@H](C)C[C@H]1O,14.1,316.1,2.646174797
CC(C)[C@@H]1CC[C@@H](C)C[C@H]1O,11.88,316.2,2.474856314
CC(C)[C@@H]1CC[C@@H](C)C[C@H]1O,10.25,301.2,2.327277706
CCCCCCCCCC=O,30.6,268.2,3.421000009
CCCCCCCCCC,26.48,243.5,3.276389731
CCCCCCCCCC,27.6,243,3.317815773
CCCCCCCCCC,28.78,243.1,3.359680701
CCCCCCCC(C)C,17.49,198.8,2.861629289
CCCCCCC(C)CC,18.7,188.5,2.928523524
CCCCCC(C)CCC,15.19,174.7,2.720637317
CCCCC(C)CCCC,16.65,186.7,2.812410216
CCCCCCCCCNC(=N)O,38.9,380.3,3.660994251
CCCCCCCCCCO,29.66,280.1,3.389799337
CCCCCCCCCCO,28.8,280.6,3.360375387
CCCCCCCCCCO,31.4,278.67,3.446807893
CCCCCCCCCCO,33.67,280,3.516607233
CCCCCCCCCCO,28.8,280.2,3.360375387
OCCCCCCCCCCO,45,345.8,3.80666249
OCCCCCCCCCCO,44.2,345.6,3.788724789
OCCCCCCCCCCO,45.8,345.7,3.824284091
OCCCCCCCCCCO,41.7,345.5,3.730501129
CCCCCCCOCC(O)CO,28.8,288,3.360375387
CCCCCCCCCCS,33.3,247.9,3.505557397
NCCCCCCCCCCN,57.81,332.9,4.057161771
N#CC(C#N)(C#N)Cc1ccccc1,29.29,411.2,3.377246161
N#Cc1ccsc1Nc1ccccc1[N+](=O)[O-],30.4,407.8,3.414442608
O=C1c2cc([N+](=O)[O-])c(C(F)(F)F)cc2OCN1CCO[N+](=O)[O-],28.9,384.7,3.363841595
c1ccc2c(c1)[nH]c1cnccc12,25.5,471.5,3.238678452
O=C(O)c1cccc2ccccc12,25.78,434.8,3.249598998
O=C(O)c1cccc2ccccc12,19.89,434.2,2.990217093
O=C(O)c1ccc2ccccc2c1,23.54,458.2,3.158701102
CC1=CC(=O)c2ccccc2C1=O,20.33,380.2,3.012097628
O=S(=O)(Nc1ncccc1Cl)c1ccccc1,28.1,404.1,3.335769576
O=c1[nH]nc2n(c1=O)CCN2c1cccc(Cl)c1,22.68,578.2,3.121483479
OC(=Nc1cccc(Cl)c1)OCC#CCCl,26.91,344.1,3.292497965
c1ccc(-c2ccncc2)cc1,19.95,346.9,2.993229143
Cc1cccc2ccccc12,6.95,242.7,1.93874166
Cc1ccc2ccccc2c1,11.8,306.9,2.468099531
Cc1ccc2ccccc2c1,12.13,307.7,2.495681723
Cc1ccc2ccccc2c1,12.04,307.8,2.48823444
Cc1ccc2ccccc2c1,11.97,307.2,2.48240352
c1ccc2oc(C3=NCCN3)cc2c1,25.95,412.7,3.25617161
c1ccc2oc(C3=NCCN3)cc2c1,28.53,420.3,3.350956165
C(=N\Nc1ccccn1)\c1ccccn1,28,455.3,3.33220451
O=c1[nH]nc2n(c1=O)CCN2c1ccccc1,26.13,574.2,3.26308408
OCc1cccc2ccccc12,15.57,333,2.745345986
O=C1C2C3CC4C2C(=O)C2C1C3C42,5.23,516.8,1.654411278
CC(=O)c1ccc2ccccc2c1O,22.52,371.8,3.114403803
CC(=O)c1c(O)ccc2ccccc12,21.34,336.9,3.060583246
C=C(C)C(=O)Oc1ccc(C(=O)O)cc1,34,455,3.526360525
CCC(Oc1cc(Cl)c(Cl)cc1Cl)C(=O)OC,28.87,316.5,3.362802994
CC(C)C(O)=Nc1ccc([N+](=O)[O-])c(C(F)(F)F)c1,28.4,383.1,3.346389145
Cc1ccc2nc(C)ccc2c1,20.4,330.8,3.015534901
N=c1cccc(NS(=O)(=O)c2ccccc2)[nH]1,49.41,510,3.900152833
N=c1cccc(NS(=O)(=O)c2ccccc2)[nH]1,40,498,3.688879454
N=c1cccc(NS(=O)(=O)c2ccccc2)[nH]1,45.69,508.4,3.821879456
CCCCOC(=O)c1c([N+](=O)[O-])cc([N+](=O)[O-])cc1[N+](=O)[O-],28.13,395.2,3.336836623
O=[N+]([O-])c1ccc(C(O)C(CO)N=C(O)C(Cl)Cl)cc1,41.5,425,3.725693427
COC(=O)CCCOc1ccc(Cl)cc1Cl,22,309.7,3.091042453
COC(=O)CCCOc1ccc(Cl)cc1Cl,32.64,309.6,3.48553853
CCC(Cc1c(I)cc(I)c(N)c1I)C(=O)O,30,425.6,3.401197382
CCC(Cc1c(I)cc(I)c(N)c1I)C(=O)O,27.7,427,3.321432413
Cc1cc(=O)n(-c2ccccc2)n1C,25.18,384,3.226050029
Cc1cc(=O)n(-c2ccccc2)n1C,24.5,383.7,3.198673118
c1ccc2sc(SN3CCOCC3)nc2c1,17.99,357,2.889816048
Cc1ccc2c(c1)C(=O)N(CCO[N+](=O)[O-])CO2,27.1,351.2,3.299533728
COc1ccc(NS(=O)(=O)c2ccc(N)cc2)nn1,22.3,453.4,3.104586678
COc1ncc[nH]c1=NS(=O)(=O)c1ccc(N)cc1,32.4,448.4,3.478158423
c1ccc(C2CC23OCCO3)cc1,22.6,303.1,3.117949906
COc1cccc2c1CCCC2=O,22.2,362.5,3.100092289
COc1ccc2c(c1)CCCC2=O,22.8,351.3,3.126760536
COc1ccc2c(c1)C(=O)CCC2,23.2,334.8,3.144152279
O=C([O-])CC(CC(=O)[O-])c1ccccc1,26.31,318.2,3.269949095
COC(=O)/C=C/c1ccc(O)c(OC)c1,25.84,335.7,3.251923679
Cc1cc(Cl)ccc1OCCCC(=O)O,32.02,373.5,3.466360708
CC(O)=Nc1cc(NS(=O)(=O)C(F)(F)F)c(C)cc1C,37.66,457.3,3.628598523
CCN(CC)c1c([N+](=O)[O-])cc(C(F)(F)F)c(N)c1[N+](=O)[O-],29.13,372.1,3.371768571
OC[C@@H](O)COc1cc2ccccc2[nH]1,34.7,394.7,3.546739687
OCC(O)COc1cc2ccccc2[nH]1,20.8,370.7,3.034952987
CN=C(O)Oc1cccc2c1OC(C)(C)O2,29.45,402.6,3.38269391
Cc1cn2c(=O)c3ncn(COCCO)c3[nH]c2n1,36.06,465.4,3.585184218
CC1(C)CCc2ccccc21,11.99,227.4,2.484072969
Cc1cc(C)c2c(c1)CCC2,12.88,256.5,2.555675721
Cc1ccc(C)c2c1CCC2,13.52,272.7,2.604170071
CC(C)N(C(=O)CCl)c1ccccc1,26.05,351.4,3.260017768
N#CC1([N+](=O)[O-])C2CC3CC(C2)CC1C3,4.98,470.2,1.605429891
O=C(O)CCCCc1ccccc1,23.4,332,3.152736022
CC(C)(C)c1ccc(C(=O)O)cc1,17.91,440,2.885359216
CCCCOC(=O)c1ccc(O)cc1,26.12,342.2,3.262701304
CCCCOC(=O)c1ccc(O)cc1,25.54,340.5,3.240245851
CCCCOC(=O)c1ccc(O)cc1,25.9,340.7,3.254242969
CCCCOC(=O)c1ccc(O)cc1,26.6,341.8,3.280911216
CCCCOC(=O)c1ccc(N)cc1,23.9,330.6,3.173878459
CCCCOC(=O)c1ccc(N)cc1,20.46,331.1,3.018471761
CCOC(=O)c1ccc(N(C)C)cc1,20.76,336.8,3.033028058
CN=C(O)Oc1ccccc1C(C)C,26.14,369.3,3.263466708
CN=C(O)Oc1cc(C)c(SC)c(C)c1,30.36,393.8,3.413125953
CC(C)(C)Cc1ccc(C(=O)O)c(O)n1,19.33,469.2,2.961658293
CCCCCC(O)=NC(=O)c1cnccn1,35.95,351.7,3.582129084
CC(C)(C)Cc1ccccc1,15.38,255.4,2.733067964
Cc1cc(C)c(C)c(C)c1C,11.6,324.7,2.451005098
Cc1cc(C)c(C)c(C)c1C,10.67,328.2,2.367436065
Cc1cc(C)c(C)c(C)c1C,12.34,327.5,2.512846018
CCSC(=NC)NS(=O)(=O)c1ccc(C)cc1,26.5,414.2,3.277144733
CCCCc1nc2c(=O)n(C)c(=O)n(C)c2[nH]1,32.3,509.2,3.47506723
C[C@H](CN1CC(=O)N=C(O)C1)N1CC(=O)N=C(O)C1,37.82,467.6,3.632838063
CC(CN1CC(=O)N=C(O)C1)N1CC(=O)N=C(O)C1,44.98,507.4,3.806217947
Cc1ccc(O)c(C(C)(C)C)c1,17.19,325.5,2.844327819
Cc1ccc(C(C)(C)C)c(O)c1,14.85,296.1,2.697999865
Cc1cccc(C(C)(C)C)c1O,17.32,302.5,2.851861903
O=C(O)C12CC3CC(CC(C3)C1)C2,16.2,447,2.785011242
CCc1ccccc1OCC(O)CO,34.8,324.1,3.549617387
CCc1ccccc1OC[C@@H](O)CO,35,342.1,3.555348061
C[C@@H]([C@H](O)c1ccccc1)[NH+](C)C,21.8,358.6,3.08190997
C[C@H]([C@@H](O)c1ccccc1)N(C)C,26.6,336,3.280911216
CC12CC3CC(CC(C3)C1)C2,3.71,392,1.311031877
N#CCCCCCCCCCC#N,26,266.1,3.258096538
CCCC(C)C1(CC)C(O)=NC(=O)N=C1O,19.7,402.6,2.980618636
CCCC(C)C1(CC)C(O)=NC(=O)N=C1O,30.8,386.7,3.42751469
CCCC(C)C1(CC)C(O)=NC(=O)N=C1O,22,382.5,3.091042453
CN=C(O)Oc1ccccc1OC(C)C,22.96,362.7,3.133753571
CC(C)(C)c1csc(C(C)(C)C)n1,10.5,258.2,2.351375257
CCCCc1c(O)nc(=NCC)[nH]c1C,20.32,432.5,3.011605623
CCSc1nc(=NC(C)C)[nH]c(=NC(C)C)[nH]1,23.94,377.7,3.1755507
CCN=C1NCCC2(CCCCC2)S1,24.5,378.4,3.198673118
CN(C)c1nc(N(C)C)nc(N2CCCC2)n1,25.61,403.1,3.2429829
CCCCC(=O)OC1CCCCC1,18.32,222.4,2.907993359
O=C(O)CCCCCCCCCC(=O)O,41.2,380.1,3.718438256
O=C(O)CCCCCCCCCC(=O)O,39.65,385,3.680090948
C=CCCCCCCCCC,16.99,224,2.832624936
N=C(O)CCCCCCCCCC(=N)O,64.4,451.2,4.165113633
CCCCCCCCCC(C)=O,36.34,285.26,3.592919063
CCCCCCCCCCC(=O)O,30.2,302,3.407841924
CCCCCCCCCCC(=O)O,25.98,301.6,3.257327011
CCCCCCCCCCC(=O)O,25.1,301.4,3.222867846
CCCCCCCCCCCBr,33.47,263.3,3.510649515
CCCCCCCCCCC,22.4,247,3.109060959
CCCCCCCCCCC,22.5,247.6,3.113515309
CCCCCCCCCCC,22.31,247.2,3.105035008
CCCCCCCCC(C)C,25.08,224.3,3.222070716
CCCCCCCCCCNC(=N)O,38.3,385.3,3.645449896
CCCCCCCCCCOC,31.71,243.5,3.456632089
OCCCCCCCCCCCO,45.9,334.1,3.826465117
CCCCCCCCSCC(O)CO,39.8,306.5,3.683866912
CCCCCCCCOCC(O)CO,33.4,296.1,3.5085559
CCCCCCCCNCC(O)CO,45.1,335.9,3.808882247
Clc1c(Cl)c(Cl)c2c(oc3c(Cl)c(Cl)c(Cl)c(Cl)c32)c1Cl,28,526.3,3.33220451
Clc1c(Cl)c(Cl)c2c(c1Cl)Oc1c(Cl)c(Cl)c(Cl)c(Cl)c1O2,40.3,596.7,3.696351469
Clc1cc(Cl)c(Cl)c(-c2c(Cl)c(Cl)c(Cl)c(Cl)c2Cl)c1Cl,22.6,455.8,3.117949906
Clc1cc(Cl)c(Cl)c(-c2c(Cl)c(Cl)cc(Cl)c2Cl)c1Cl,22.8,433.8,3.126760536
Clc1cc(Cl)c(-c2cc(Cl)c(Cl)c(Cl)c2Cl)cc1Cl,24.8,383.4,3.210843653
Clc1ccc(-c2c(Cl)cc(Cl)c(Cl)c2Cl)c(Cl)c1Cl,20.3,395.4,3.010620886
Clc1ccc(-c2cc(Cl)c(Cl)c(Cl)c2Cl)c(Cl)c1Cl,26.9,412.2,3.292126287
Clc1cc(-c2c(Cl)ccc(Cl)c2Cl)c(Cl)c(Cl)c1Cl,24.4,400.5,3.194583132
Brc1cc(Br)c(Oc2cc(Br)c(Br)cc2Br)cc1Br,30.2,436.6,3.407841924
Clc1cc2c(cc1Cl)Oc1cc(Cl)c(Cl)cc1O2,38.9,578.2,3.660994251
Clc1cc(Cl)c(-c2cc(Cl)c(Cl)cc2Cl)cc1Cl,22.9,375.3,3.131136911
Clc1cc(Cl)c(-c2c(Cl)cc(Cl)cc2Cl)c(Cl)c1,17.5,386.7,2.862200881
Clc1cc(Cl)c(-c2c(Cl)ccc(Cl)c2Cl)cc1Cl,20.2,348.8,3.005682604
Clc1ccc(-c2cc(Cl)c(Cl)c(Cl)c2Cl)c(Cl)c1,21.5,352.6,3.068052935
Clc1ccc(-c2ccc(Cl)c(Cl)c2Cl)c(Cl)c1Cl,29.2,424.9,3.374168709
Clc1ccc(Cl)c(-c2c(Cl)ccc(Cl)c2Cl)c1Cl,21.1,385.2,3.04927304
Brc1ccc(Oc2cc(Br)c(Br)cc2Br)c(Br)c1,27.5,355,3.314186005
Clc1ccc2c(c1)Oc1cc(Cl)cc(Cl)c1O2,30.8,421.7,3.42751469
Clc1ccc(-c2cc(Cl)c(Cl)cc2Cl)cc1Cl,26.6,382.3,3.280911216
Clc1ccc(Cl)c(-c2cc(Cl)c(Cl)cc2Cl)c1,18.6,381.1,2.923161581
Clc1ccc(Cl)c(-c2cc(Cl)c(Cl)cc2Cl)c1,18.8,350.1,2.93385687
Clc1ccc(Cl)c(-c2c(Cl)ccc(Cl)c2Cl)c1,23.3,367.7,3.148453361
Clc1cc(Cl)c(-c2cccc(Cl)c2Cl)c(Cl)c1,20.4,367.7,3.015534901
Clc1c(Cl)c(Cl)c(-c2ccccc2)c(Cl)c1Cl,21.8,397.6,3.08190997
Clc1ccc(-c2c(Cl)ccc(Cl)c2Cl)cc1Cl,16.2,322.4,2.785011242
Clc1ccc(-c2cc(Cl)c(Cl)c(Cl)c2)cc1Cl,27.1,430.7,3.299533728
Brc1ccc(Oc2ccc(Br)cc2Br)c(Br)c1,17.3,356.9,2.850706502
Clc1cc2c(cc1Cl)Oc1ccccc1O2,27.1,431.6,3.299533728
Clc1ccc(Cl)c(-c2cc(Cl)ccc2Cl)c1,20.8,357.1,3.034952987
Clc1ccc(Cl)c(-c2cccc(Cl)c2Cl)c1,18.3,320.4,2.90690106
Clc1cc(-c2ccccc2)c(Cl)c(Cl)c1Cl,25.2,363.9,3.226843995
Clc1ccc(-c2ccc(Cl)c(Cl)c2)c(Cl)c1,27.9,398.4,3.328626689
Clc1ccc(Cl)c(-c2ccc(Cl)c(Cl)c2)c1,27.5,376.7,3.314186005
Clc1ccc(-c2cc(Cl)ccc2Cl)c(Cl)c1,23.4,339.1,3.152736022
Clc1ccc(-c2ccc(Cl)c(Cl)c2)cc1Cl,34.5,451.2,3.540959324
O=S(=O)(c1ccc(Cl)cc1)c1cc(Cl)c(Cl)cc1Cl,28.94,419.9,3.365224721
O=C1OC(=O)c2cccc3cccc1c23,23.32,542.3,3.149311361
Clc1cccc2c1Oc1ccccc1O2,23.2,378.2,3.144152279
Clc1ccc2c(c1)Oc1ccccc1O2,23.1,362.2,3.139832618
O=[N+]([O-])c1ccc(Oc2ccc(Cl)cc2Cl)cc1,22.96,342,3.133753571
Clc1ccc(-c2cccc(Cl)c2Cl)cc1,20.2,344,3.005682604
Clc1cc(Cl)c(-c2ccccc2)cc1Cl,22.8,349.5,3.126760536
Clc1cc(Cl)c(-c2ccccc2)c(Cl)c1,16.5,334.3,2.803360381
Clc1ccc(-c2cc(Cl)ccc2Cl)cc1,19.8,336.5,2.985681938
Clc1ccc(Cl)c(-c2ccccc2Cl)c1,18.9,316.6,2.939161922
Clc1ccc(-c2ccc(Cl)cc2Cl)cc1,19.7,329.3,2.980618636
Clc1ccc(-c2ccccc2Cl)cc1Cl,19.5,332.3,2.970414466
Oc1cc(Cl)ccc1Oc1ccc(Cl)cc1Cl,17.75,331.1,2.876385516
C1=Cc2cccc3cccc1c23,10.96,362,2.394252282
C1=Cc2cccc3cccc1c23,6.95,362.6,1.93874166
Brc1ccc(-c2ccc(Br)cc2)cc1,28.38,440.7,3.345684672
Brc1ccc(Oc2ccc(Br)cc2)cc1,18.4,331.9,2.912350665
Clc1ccccc1-c1ccccc1Cl,16.6,330.9,2.809402695
Clc1ccc(-c2ccccc2Cl)cc1,18,316.7,2.890371758
Clc1cccc(Cl)c1-c1ccccc1,12.6,307.9,2.533696814
Clc1ccc(-c2ccc(Cl)cc2)cc1,22.8,421.1,3.126760536
O=S(=O)(c1ccc(Cl)cc1)c1ccc(Cl)cc1,24.4,422,3.194583132
O=S(=O)(Oc1ccc(Cl)cc1)c1ccc(Cl)cc1,23.63,360,3.162517091
ClC1=C(Cl)C2(Cl)C3C4C=CC(C4)C3C1(Cl)C2(Cl)Cl,4.15,562.4,1.423108334
ClC1=C(Cl)C2(Cl)C3C4CC(C5OC45)C3C1(Cl)C2(Cl)Cl,3.04,452.9,1.111857515
c1cnc2c(c1)ccc1ncccc12,25.6,351.7,3.242592351
c1cnc2c(c1)ccc1cccnc12,13.4,390.9,2.595254707
c1cnc2c(c1)ccc1cccnc12,15.5,391.7,2.740840024
c1cnc2c(c1)ccc1cccnc12,11.8,391.1,2.468099531
c1cnc2c(c1)ccc1cccnc12,15,398,2.708050201
c1cnc2ccc3ncccc3c2c1,22.4,444.1,3.109060959
c1ccc2nc3ccccc3nc2c1,19.3,446.6,2.960105096
c1ccc2nc3ccccc3nc2c1,23.5,447.2,3.157000421
c1ccc2nc3ccccc3nc2c1,23.6,448.2,3.161246712
c1ccc2nc3ccccc3nc2c1,24.92,447.9,3.215670694
c1ccc2nc3ccccc3nc2c1,20.92,450.2,3.040705639
c1ccc2c(c1)nnc1ccccc12,20.92,432.2,3.040705639
O=[N+]([O-])c1ccc(Oc2ccc([N+](=O)[O-])cc2)cc1,27.1,418.3,3.299533728
c1ccc2c(c1)oc1ccccc12,15.24,355.1,2.72392355
c1ccc2c(c1)oc1ccccc12,19.4,355.52,2.965273066
c1ccc2c(c1)oc1ccccc12,18.6,354.7,2.923161581
c1ccc2c(c1)oc1ccccc12,19,351.9,2.944438979
c1ccc2c(c1)oc1ccccc12,20.5,355.8,3.020424886
c1ccc2c(c1)oc1ccccc12,17.6,355.2,2.867898902
c1ccc2c(c1)oc1ccccc12,19.34,355.24,2.96217549
c1ccc2c(c1)oc1ccccc12,19.29,355.7,2.959586827
c1ccc2c(c1)Oc1ccccc1S2,19.43,329.6,2.966818263
c1ccc2c(c1)Oc1ccccc1S2,20.27,328.8,3.00914196
c1ccc2c(c1)Oc1ccccc1O2,23.9,389.9,3.173878459
c1ccc2c(c1)Oc1ccccc1O2,23.2,395.7,3.144152279
O=S1(=O)c2ccccc2-c2ccccc21,27.17,509.2,3.302113423
O=S1(=O)c2ccccc2-c2ccccc21,23.72,507.8,3.166318574
c1ccc2c(c1)sc1ccccc12,21.6,371.8,3.072693315
c1ccc2c(c1)sc1ccccc12,21.6,371,3.072693315
c1ccc2c(c1)sc1ccccc12,22.35,372.4,3.106826321
c1ccc2c(c1)Sc1ccccc1S2,27.55,429.6,3.316002536
c1ccc2c(c1)Sc1ccccc1S2,25.44,428.4,3.236322738
c1ccc2c(c1)SSc1ccccc1-2,19.3,386.2,2.960105096
c1csc(-c2ccc(-c3cccs3)s2)c1,20.7,365.3,3.0301337
c1cc(-c2ccc(-c3ccsc3)s2)cs1,29.9,461,3.39785848
Brc1ccc(-c2ccccc2)cc1,16.3,362.1,2.791165108
Clc1ccccc1-c1ccccc1,14.54,304.9,2.676903472
Clc1ccccc1-c1ccccc1,15.3,305.3,2.727852828
Clc1ccc(-c2ccccc2)cc1,13.32,348.6,2.589266665
Clc1ccc(N=Nc2ccccc2)cc1,27.2,361.2,3.303216973
O=S(=O)([O-])c1ccccc1-c1ccc(Cl)cc1,21.44,332.2,3.065258336
O=S(=O)(Nc1cccc(Cl)c1Cl)c1ccccc1,27.2,387.2,3.303216973
Cc1oncc1C(=O)Nc1ccc(C(F)(F)F)cc1,31.3,440.1,3.443618098
Cc1oncc1C(=O)Nc1ccc(C(F)(F)F)cc1,30.9,444.4,3.430756184
Cc1oncc1C(=O)Nc1ccc(C(F)(F)F)cc1,32.43,438.2,3.47908392
c1ccc2c(c1)[nH]c1ccccc12,27.7,517.1,3.321432413
c1ccc2c(c1)[nH]c1ccccc12,26.9,518.7,3.292126287
c1ccc2c(c1)[nH]c1ccccc12,27.08,518.3,3.298795448
c1ccc2c(c1)[nH]c1ccccc12,21.17,519.5,3.052585085
c1ccc2c(c1)[nH]c1ccccc12,27.2,521.1,3.303216973
c1ccc2c(c1)[nH]c1ccccc12,26.9,519.3,3.292126287
O=C(c1ccccc1)c1ccccn1,20.91,316.5,3.040227513
c1ccc2c(c1)Nc1ccccc1O2,21.49,430.7,3.067587711
c1ccc2c(c1)Nc1ccccc1S2,26.91,358.9,3.292497965
c1ccc2c(c1)Nc1ccccc1S2,28.4,457.2,3.346389145
c1ccc2c(c1)Nc1ccccc1S2,25.7,458.4,3.246490992
c1ccc2c(c1)Nc1ccccc1S2,26.92,458.2,3.292869505
Cc1cc(C#N)c(Nc2ccccc2[N+](=O)[O-])s1,27.2,383,3.303216973
Cc1cc(C#N)c(Nc2ccccc2[N+](=O)[O-])s1,25.1,388,3.222867846
Cc1cc(C#N)c(Nc2ccccc2[N+](=O)[O-])s1,25.5,385.9,3.238678452
Cc1cc(C#N)c(Nc2ccccc2[N+](=O)[O-])s1,26,379.4,3.258096538
c1cc2c3c(cccc3c1)CC2,21.02,367.2,3.045474365
c1cc2c3c(cccc3c1)CC2,21.5,366.4,3.068052935
c1cc2c3c(cccc3c1)CC2,21,367,3.044522438
c1cc2c3c(cccc3c1)CC2,21.54,366.6,3.069911672
c1cc2c3c(cccc3c1)CC2,21.8,363.1,3.08190997
c1cc2c3c(cccc3c1)CC2,20.4,366.5,3.015534901
c1ccc(-c2ccccc2)cc1,19.03,342.7,2.946016681
c1ccc(-c2ccccc2)cc1,18.78,341.4,2.932792474
c1ccc(-c2ccccc2)cc1,18.34,341.5,2.909084467
c1ccc(-c2ccccc2)cc1,18.54,342.1,2.91993056
c1ccc(-c2ccccc2)cc1,18.6,343.4,2.923161581
c1ccc(-c2ccccc2)cc1,19.7,342.3,2.980618636
c1ccc(-c2ccccc2)cc1,19.27,344.34,2.958549482
c1ccc(-c2ccccc2)cc1,18.58,342.2,2.922085733
c1ccc(-c2ccccc2)cc1,19.9,343.3,2.990719732
c1ccc(-c2ccccc2)cc1,18.8,344.1,2.93385687
c1ccc(-c2ccccc2)cc1,18.58,343,2.922085733
c1ccc(-c2ccccc2)cc1,18.59,342,2.922623802
c1ccc(-c2ccccc2)cc1,18.95,314.3,2.941803932
O=S(=O)(Nc1ccc(Cl)cc1)c1ccccc1,25.8,394.6,3.250374492
SC(=Nc1ccccc1Cl)Nc1ccccn1,28.3,429.7,3.342861805
SC(=Nc1ccccn1)Nc1ccc(Cl)cc1,34.3,462.2,3.535145354
CCNc1ccc2c(C(F)(F)F)cc(=O)oc2c1,30.47,432.5,3.416742593
CN(C)c1ccc2c(C(F)(F)F)cc(=O)oc2c1,26.25,420.5,3.267665989
CC1(C)N=C(O)N(c2ccc([N+](=O)[O-])c(C(F)(F)F)c2)C1=O,31.03,428,3.434954478
c1ccc(N=Nc2ccccc2)cc1,23,341,3.135494216
c1ccc(N=Nc2ccccc2)cc1,22.53,341.1,3.114847754
c1ccc(N=Nc2ccccc2)cc1,22.65,341.9,3.120159852
c1ccc(N=Nc2ccccc2)cc1,22.4,340.5,3.109060959
c1ccc(N=Nc2ccccc2)cc1,24.7,341.7,3.206803244
Oc1ccc(N=Nc2ccccc2)cc1,32.99,425.2,3.496204485
O=NN(c1ccccc1)c1ccccc1,11.06,340,2.403334996
O=[N+]([O-])c1ccccc1NS(=O)(=O)c1ccccc1,22.3,371.8,3.104586678
Nc1ccc(N=Nc2ccc([N+](=O)[O-])cc2)cc1,31.88,488.2,3.461978854
Cc1ccc(N2CCn3c2n[nH]c(=O)c3=O)cc1,28.28,600.2,3.342154841
COc1ccccc1N1CCn2c1n[nH]c(=O)c2=O,23.7,509.2,3.165475048
c1ccc(Oc2ccccc2)cc1,17.05,300.1,2.836150204
c1ccc(Oc2ccccc2)cc1,16.51,300.4,2.803966258
c1ccc(Oc2ccccc2)cc1,17.23,301,2.846652051
c1ccc(Oc2ccccc2)cc1,17.21,300,2.84549061
Oc1ccccc1-c1ccccc1,15.48,333.7,2.739548868
Oc1ccccc1-c1ccccc1,16.21,330.6,2.785628336
Oc1ccc(-c2ccccc2)cc1,31.5,439,3.449987546
Oc1ccc(-c2ccccc2)cc1,31.59,443.1,3.452840615
Oc1ccccc1-c1ccccc1O,25.36,386.7,3.23317313
Oc1ccc(-c2ccc(O)cc2)cc1,43.05,560.7,3.762362231
CC(=O)Oc1cccc2ccccc12,20.21,319.2,3.006177531
CC(=O)Oc1ccc2ccccc2c1,22.86,342,3.129388658
CC(=O)Oc1ccc2ccccc2c1,20.05,342.2,2.998229154
O=C(O)Cc1cccc2ccccc12,22.26,405.3,3.102791346
COC(=O)c1ccc2ccccc2c1,27.1,350.2,3.299533728
O=S(=O)(c1ccccc1)c1ccccc1,21.78,398.2,3.080992118
Oc1ccc(Sc2ccc(O)cc2)cc1,31.04,432.9,3.435276695
c1ccc(Sc2ccccc2)cc1,13.98,258,2.637627737
C#CC(C)(C)N=C(O)c1cc(Cl)cc(Cl)c1,28.68,428.4,3.356200016
C[C@@H]1C[C@]2(N=C(O)N=C2O)c2cc(F)ccc2O1,26.3,517.5,3.269568939
C[C@@H]1C[C@]2(N=C(O)N=C2O)c2cc(F)ccc2O1,31.3,501,3.443618098
Nc1ccc(S(=O)(=O)Nc2ccc(I)cc2)cc1,36.4,468.7,3.594568775
Nc1ccccc1-c1ccccc1,13.99,322.3,2.638342789
c1ccc(Nc2ccccc2)cc1,18.51,326.7,2.918311127
c1ccc(Nc2ccccc2)cc1,19.9,326.1,2.990719732
c1ccc(Nc2ccccc2)cc1,18.2,326.5,2.901421594
c1ccc(Nc2ccccc2)cc1,17.86,326.2,2.882563575
N=C(O)Cc1cccc2ccccc12,32.82,455.5,3.491038086
CN=C(O)Oc1cccc2ccccc12,24.51,416.3,3.199081198
O=S(=O)(Nc1ccccc1)c1ccccc1,23.5,383.5,3.157000421
Nc1ccc(N=Nc2ccccc2)cc1,18.1,397.2,2.895911938
Nc1ccc(N=Nc2ccccc2)cc1,21.7,398.2,3.077312261
C(=NNc1ccccn1)c1ccccc1,29,424.6,3.36729583
C(=NNc1ccccc1)c1ccccn1,34,448,3.526360525
Cc1ccc(NN=Cc2ccc([N+](=O)[O-])s2)cc1,15.15,429.2,2.718000532
Cc1ccc(NN=Cc2ccc([N+](=O)[O-])s2)cc1,25.3,430.2,3.230804396
O=P(O)(c1ccccc1)c1ccccc1,21.91,466.1,3.086943154
Cc1ccc(C)c2ccccc12,10.6,279.2,2.360854001
Cc1ccc(C)c2ccccc12,10.6,279.9,2.360854001
Cc1cccc2c(C)cccc12,20,355.2,2.995732274
Cc1ccc2c(C)cccc2c1,8.5,257,2.140066163
Cc1cccc2cccc(C)c12,18.53,338.2,2.91939104
Cc1cccc2cccc(C)c12,15.77,336.3,2.758109401
Cc1cc2ccccc2cc1C,23.97,377.2,3.176803048
Cc1cc2ccccc2cc1C,15.9,378,2.766319109
Cc1cc2ccccc2cc1C,18.87,377.6,2.937573359
Cc1ccc2cc(C)ccc2c1,25.3,385.2,3.230804396
Cc1ccc2cc(C)ccc2c1,25.06,383.3,3.221272949
Cc1ccc2ccc(C)cc2c1,22.2,370.2,3.100092289
Cc1ccc2ccc(C)cc2c1,23.35,368.8,3.150596984
Nc1ccc(Oc2ccc(N)cc2)cc1,37.86,462.7,3.633895146
CCn1cc(C(=O)O)c(=O)c2ccc(C)nc21,35.92,501.9,3.581294243
CCC1(c2ccccc2)C(O)=NC(=O)N=C1O,28,449,3.33220451
CCC1(c2ccccc2)C(O)=NC(=O)N=C1O,27.9,447,3.328626689
CCOc1ccc2c(C)cc(=O)oc2c1,25.81,387.5,3.250762014
COC(=O)C12C3C4C1C1C2C3C41C(=O)OC,38.1,438.2,3.640214282
COC(=O)C12C3C4C1C1C2C3C41C(=O)OC,41,437.8,3.713572067
COC(=O)c1cccc(C(=O)OC)c1C(=O)OC,32.7,375.7,3.487375078
CCCN(CCCl)c1c([N+](=O)[O-])cc(C(F)(F)F)cc1[N+](=O)[O-],23.08,318.4,3.138966442
c1ccc2c3c([nH]c2c1)CCCC3,17.85,391.3,2.882003508
Cc1cc(=O)oc2cc(N(C)C)ccc12,23.92,416.1,3.174714929
CC1=C(C(O)=Nc2ccccc2)SCCO1,28.19,365.3,3.338967305
CC1=C(C(O)=Nc2ccccc2)S(=O)(=O)CCO1,26.66,401.5,3.283164315
Cc1cc(C)nc(Nc2ccccc2)n1,21.23,370.8,3.055415276
Cc1ccc(Cl)cc1N=c1nc(CC(C)O)[nH]s1,31.3,374.5,3.443618098
Cc1ccc(N=c2nc(CC(C)O)[nH]s2)cc1Cl,29.6,402.3,3.387774361
O=[N+]([O-])c1cc(C2CCCCC2)c(O)c([N+](=O)[O-])c1,28.03,378.7,3.333275365
CC12COC(c3ccccc3)(OC1)OC2,20.9,410.2,3.039749159
CCOC(=O)c1ccccc1C(=O)OCC,17.99,269.9,2.889816048
CCOC(=O)c1ccc(C(=O)OCC)cc1,24.6,317.2,3.202746443
CC(=O)OC(C)(OC(C)=O)c1ccccc1,29.37,355.4,3.379973745
CCOP(=S)(OCC)SCn1c(=O)oc2cc(Cl)ccc21,30.03,320,3.402196882
C=C(C)C(=O)OCCNc1ccccc1,25.47,297.5,3.237501289
CN=C(O)Oc1cccc2c1OC(C)(C)C2,30.33,426.2,3.412137322
Cc1cc(C)cc(OCC2CN=C(O)O2)c1,30.3,395.1,3.411147713
Cc1cc(C)cc(OCC2CN=C(O)O2)c1,26.4,395.4,3.27336401
CCOP(=S)(OCC)Oc1cnc2ccccc2n1,25.4,304.1,3.234749174
Cc1cccc(N=c2nc(CC(C)O)[nH]s2)c1,26.8,361.5,3.288401888
COc1ccc(N=c2nc(CC(C)O)[nH]s2)cc1,28.8,363.4,3.360375387
Cc1c([N+](=O)[O-])c(C)c([N+](=O)[O-])c(C(C)(C)C)c1[N+](=O)[O-],20.79,386.7,3.034472102
c1ccc(C2CCCCC2)cc1,15.3,280.5,2.727852828
C1CC12C1(CC1)C1(CC1)C21CC1,21,394.9,3.044522438
CCCCN(C)C(O)=Nc1ccc(Cl)c(Cl)c1,27.23,374.3,3.304319307
CN(C)CCc1c[nH]c2ccccc12,17.3,331.2,2.850706502
CN(C)CCc1c[nH]c2ccccc12,18.5,319.2,2.917770732
CN=C(O)Oc1cc(C)c(N(C)C)c(C)c1,18.37,361.7,2.910718899
Cc1cc(C(C)(C)C)c([N+](=O)[O-])c(C)c1[N+](=O)[O-],16.68,340.4,2.814210397
CCCN(CCC)c1c([N+](=O)[O-])cc(S(C)(=O)=O)cc1[N+](=O)[O-],28.05,424.3,3.333988632
C=CCc1ccccc1OCC(O)CO,27.8,314.9,3.325036021
C=CCc1ccccc1OC[C@@H](O)CO,28.8,331.2,3.360375387
c1ccc2c(c1)OCCOCCOCCO2,23.1,321.2,3.139832618
CCCOC1=CC(=O)C(OCCC)=CC1=O,33.6,460.8,3.514526067
CN=C(O)Oc1cc(C)cc(C(C)C)c1,23.04,361.3,3.137231836
CCCCCOC(=O)c1ccc(N)cc1,23.97,325.5,3.176803048
CCCCCOC(=O)c1ccc(N)cc1,23.93,325.1,3.175132902
Cc1c(C)c(C)c(C)c(C)c1C,23.27,438.7,3.147164977
Cc1c(C)c(C)c(C)c(C)c1C,21.1,439.5,3.04927304
Cc1c(C)c(C)c(C)c(C)c1C,20.59,438.4,3.024805521
CC(C)c1ccc(NC(=O)N(C)C)cc1,21.33,427.4,3.060114532
CCCCN=C(O)NS(=O)(=O)c1ccc(C)cc1,26.24,402,3.267284964
CCCCN=C(O)NS(=O)(=O)c1ccc(C)cc1,27.2,400.2,3.303216973
CC(C)(C)c1ccc(Oc2ccccc2)cc1,21.99,327.8,3.090587805
CC(C)c1cccc(C(C)C)c1O,14.64,292.8,2.683757509
O=C1CCCCC1=C1CCCCC1,17.26,278.8,2.848391686
CCCCCCc1ccc(O)cc1O,19.04,341.5,2.946542029
CCCc1ccccc1OCC(O)CO,29.5,326.5,3.384390263
CCCc1ccccc1OC[C@H](O)CO,31.9,340.5,3.46260601
CC(C)c1ccccc1OC[C@H](O)CO,30.6,345,3.421000009
CNP(=O)(OC)Oc1ccc(C(C)(C)C)cc1Cl,21.98,332,3.090132949
CCC12CC3CC(CC(C3)C1)C2,11.28,225.6,2.423031246
CC12CC3CC(C1)CC(C)(C3)C2,1.54,247.8,0.431782416
CC12CC3CC(C1)CC(C)(C3)C2,0.94,244,-0.061875404
CC12CC3CC(C1)CC(C)(C3)C2,0.92,245,-0.083381609
N#CC1(N2CCCCC2)CCCCC1,25.44,339.2,3.236322738
N#CCCCCCCCCCCC#N,34.33,294.2,3.536019607
CC(C)[C@@H]1CC[C@@H](C)C[C@H]1OC(=O)C=[N+]=[N-],17.2,320.4,2.844909384
CN(C)c1nc(=O)n(C2CCCCC2)c(=O)n1C,20.36,389.6,3.013572192
O=C1CCCCC1C1CCCCC1,18,277,2.890371758
O=C1CCCCCC(=O)CCCCC1,15.77,405.2,2.758109401
O=C1CCCCC1C1(O)CCCCC1,20.81,306.8,3.03543364
CCCCCCCCOC(=O)/C=C\C(=O)[O-],33.2,304.3,3.502549876
C1CCC2C(C1)NC1CCCCC12,22.91,349.5,3.131573496
N#CCCCCCCCCCCC(=O)O,38.33,329.9,3.646232879
C1CCC(C2CCCCC2)CC1,6.86,276.8,1.925707442
C1CCC(C2CCCCC2)CC1,6.78,277.2,1.913977102
OC1=NCCCCCC(O)=NCCCCC1,49.3,617.8,3.897924081
O[C@@H]1CCCC[C@H]1C1CCCCC1,14.52,325.8,2.675527009
O=C1CCCCCCCCCCC1,16.85,335.6,2.824350657
C=CC(=O)OCCCCCCCCC,23.36,236.5,3.151025158
C=C(C)C(=O)OCCCCCCCC,24.09,230.3,3.181796817
CCCCOC(=O)CCC(=O)OCCCC,29.21,244.1,3.374511116
CCCCCCCCOC(=O)CCC(=O)[O-],41.8,309.7,3.73289634
OC[C@H]1O[C@@](CO)(O[C@H]2O[C@H](CO)[C@@H](O)[C@H](O)[C@H]2O)[C@@H](O)[C@@H]1O,45.21,457.2,3.811318301
OC[C@H]1O[C@@](CO)(O[C@H]2O[C@H](CO)[C@@H](O)[C@H](O)[C@H]2O)[C@@H](O)[C@@H]1O,39.39,453.3,3.673511977
OC[C@H]1O[C@@](CO)(O[C@H]2O[C@H](CO)[C@@H](O)[C@H](O)[C@H]2O)[C@@H](O)[C@@H]1O,46.2,459,3.832979798
C1CCC(SC2CCCCC2)CC1,5.68,284.2,1.736951233
CCCCCCCCCCCC#N,30.7,274.6,3.424262655
CCCCCCCCCC(O)=NCC(=O)O,42.2,387.6,3.742420221
C1CCCCCCCCCCC1,16.38,333.8,2.796061078
C=CCCCCCCCCCC,19.87,237.9,2.989211057
CCCN=C(O)CCCCC(O)=NCCC,36.11,452,3.586569835
N=C(O)CCCCCCCCCCC(=N)O,73.7,466.1,4.300002799
CCCCCCCCCCC(C)=O,39.48,294.3,3.675794215
CCCCCCCCCC(=O)OCC,32.29,253.6,3.474757585
C1CCOCOCCCCCOCOCC1,35.56,332,3.571221411
C1COCCOCCOCCOCCOCCO1,40,312.3,3.688879454
C1COCCOCCOCCOCCOCCO1,35.5,312.6,3.569532696
C1COCCOCCOCCOCCOCCO1,40.9,312.2,3.711130063
C1COCCOCCOCCOCCOCCO1,35.66,312.4,3.574029612
OC[C@H](O)[C@@H](O)[C@H](O)[C@H](O)CO[C@H]1O[C@H](CO)[C@@H](O)[C@H](O)[C@H]1O,56.4,439,4.032469159
OC[C@@H](O)[C@@H](O)[C@H](O)[C@H](O)CO[C@H]1O[C@H](CO)[C@@H](O)[C@H](O)[C@H]1O,55,440.8,4.007333185
CCCCCCCCCCCC(=N)O,36.3,373.3,3.591817741
CCCCCCCCCCCNC(=N)O,38.4,385.6,3.64805746
CCCCCCCCCCCCO,38.46,297.53,3.64961874
CCCCCCCCCCCCO,38.4,297.8,3.64805746
CCCCCCCCCCCCO,39.05,297.15,3.664842876
CCCCCCCCCCCCO,42.7,312,3.75419892
CCCCCCCCCCCCO,40.31,297.3,3.696599577
CCCCCCCCCCCCO,40.17,300.2,3.693120448
CCCCCCCCCCCCO,38.42,297,3.648578157
CC(C)C(O)(C(C)(C)C)C(C)(C)C,2.09,314,0.737164066
OCCCCCCCCCCCCO,54.2,352.9,3.992680908
OCCCCCCCCCCCCO,51.2,352,3.935739532
CCCCCCCCCOCC(O)CO,29.5,297.2,3.384390263
OCCCCOCCCCOCCCCO,39.37,306.7,3.673004105
NCCCCCCCCCCCCN,67.1,341.8,4.206184044
NCCCCCCCCCCCCN,67.1,340.5,4.206184044
O=c1c2cc([N+](=O)[O-])c([N+](=O)[O-])cc2oc2c([N+](=O)[O-])cc([N+](=O)[O-])cc12,33.56,514,3.513334882
O=c1c2cc([N+](=O)[O-])cc([N+](=O)[O-])c2oc2c([N+](=O)[O-])cc([N+](=O)[O-])cc12,32.2,593.9,3.471966453
O=C1c2cc([N+](=O)[O-])ccc2-c2c1cc([N+](=O)[O-])cc2[N+](=O)[O-],23.5,449.2,3.157000421
O=C1c2cc([N+](=O)[O-])ccc2-c2c1cc([N+](=O)[O-])cc2[N+](=O)[O-],23.01,450.2,3.135928904
O=c1c2cc([N+](=O)[O-])ccc2oc2cc([N+](=O)[O-])c([N+](=O)[O-])cc12,24.91,538.9,3.215269329
O=c1c2cc([N+](=O)[O-])ccc2oc2c([N+](=O)[O-])cc([N+](=O)[O-])cc12,31.4,477.8,3.446807893
Oc1c(Cl)cc(Cl)c(Cl)c1Cc1c(O)c(Cl)cc(Cl)c1Cl,33.26,437.5,3.504355474
O=c1c2cc([N+](=O)[O-])ccc2oc2c([N+](=O)[O-])cccc12,31.37,491.2,3.445852022
O=c1c2ccc([N+](=O)[O-])cc2oc2ccc([N+](=O)[O-])cc12,26.13,541,3.26308408
O=c1c2cc([N+](=O)[O-])ccc2oc2ccc([N+](=O)[O-])cc12,30.59,540,3.420673158
O=[N+]([O-])c1ccc(Oc2ccc(C(F)(F)F)cc2[N+](=O)[O-])cc1,18.44,364.6,2.914522218
O=c1c2ccccc2oc2ccc([N+](=O)[O-])cc12,26.75,477.9,3.286534473
O=c1c2ccccc2oc2cc([N+](=O)[O-])ccc12,25.37,448,3.233567374
Brc1ccc2c(c1)Cc1cc(Br)ccc1-2,22.7,438.8,3.122364924
Brc1ccc2c(c1)Cc1cc(Br)ccc1-2,22.08,439,3.094672221
O=C(Nc1ccc(Br)cc1)c1cc(Br)cc(Br)c1O,28.67,497.7,3.35585128
O=[N+]([O-])c1ccc(N=C(O)c2cc(Cl)ccc2O)c(Cl)c1,40.7,505.4,3.706228092
Clc1ccc2c(c1)Cc1cc(Cl)ccc1-2,19.44,398.1,2.967332799
O=C(c1ccc(Cl)cc1)c1ccc(Cl)cc1,21.65,338.4,3.075005454
O=C(c1ccc(Cl)cc1)c1ccc(Cl)cc1,30.12,420,3.405189403
O=C(O)c1cc(-c2ccc(F)cc2F)ccc1O,35.9,486,3.580737295
O=C(O)c1cc(-c2ccc(F)cc2F)ccc1O,35.8,485.5,3.577947893
O=C(O)c1cc(-c2ccc(F)cc2F)ccc1O,35.9,486.4,3.580737295
O=C(O)c1cc(-c2ccc(F)cc2F)ccc1O,35,483.2,3.555348061
N#CC1(C#N)C2C3CC4C2C4C3C1(C#N)C#N,14.47,467.9,2.672077541
O=C1c2ccccc2-c2ccccc21,17.6,356.2,2.867898902
O=C1c2ccccc2-c2ccccc21,16.36,356.5,2.794839331
O=C1c2ccccc2-c2ccccc21,14.85,353.3,2.697999865
O=C1c2ccccc2-c2ccccc21,18.12,356.4,2.897016301
O=c1c2ccccc2sc2ccccc12,28.4,486.6,3.346389145
O=c1c2ccccc2oc2ccccc12,27.48,448.8,3.313458467
O=c1c2ccccc2oc2ccccc12,26.6,448.3,3.280911216
O=c1c2ccccc2oc2ccccc12,26.12,449.7,3.262701304
Brc1ccc2c(c1)Cc1ccccc1-2,17.02,387.4,2.834389123
Brc1ccc2c(c1)Cc1ccccc1-2,16.02,382.3,2.773837942
BrC1c2ccccc2-c2ccccc21,13.36,373.7,2.592265168
ClC1c2ccccc2-c2ccccc21,14.21,361.2,2.653945942
OC(=NNc1c(Cl)cc(Cl)cc1Cl)c1ccccc1,32.71,439.7,3.487680842
OC(=Nc1ccc(Cl)c(Cl)c1)Nc1ccc(Cl)cc1,41.94,528.2,3.736240025
O=C(O)c1cccnc1Nc1cccc(C(F)(F)F)c1,33.1,477.9,3.499533282
O=C(O)c1cccnc1Nc1cccc(C(F)(F)F)c1,37,476.8,3.610917913
O=C(O)c1cccnc1Nc1cccc(C(F)(F)F)c1,30.54,478,3.4190373
O=C(O)c1cccnc1Nc1cccc(C(F)(F)F)c1,35.7,476.4,3.575150689
O=C(O)c1cccnc1Nc1cccc(C(F)(F)F)c1,32.73,477.2,3.488292089
O=C(O)c1cccnc1Nc1cccc(C(F)(F)F)c1,38,476,3.63758616
c1ccc2nc3ccccc3cc2c1,20.5,383,3.020424886
c1ccc2nc3ccccc3cc2c1,17,382.2,2.833213344
c1ccc2nc3ccccc3cc2c1,18.7,380.7,2.928523524
c1ccc2nc3ccccc3cc2c1,16.2,362.2,2.785011242
c1ccc2nc3ccccc3cc2c1,20.68,383.2,3.02916705
c1ccc2c(c1)cnc1ccccc12,22.83,379.7,3.128075461
c1ccc2c(c1)ccc1cccnc12,14.1,324.1,2.646174797
O=c1c2ccccc2[nH]c2ccccc12,32.5,640,3.481240089
O=[N+]([O-])c1ccc2c(c1)Cc1ccccc1-2,24.75,429.9,3.208825489
COc1ccc2c(ccc3oc([N+](=O)[O-])cc32)c1,28.7,460.4,3.356897123
c1ccc2c(c1)Cc1ccccc1-2,20.3,388,3.010620886
c1ccc2c(c1)Cc1ccccc1-2,19.4,386.7,2.965273066
c1ccc2c(c1)Cc1ccccc1-2,18.55,387.7,2.920469789
c1ccc2c(c1)Cc1ccccc1-2,19.4,387.78,2.965273066
c1ccc2c(c1)Cc1ccccc1-2,19.58,387.9,2.974508637
c1ccc2c(c1)Cc1ccccc1-2,19.65,389,2.978077338
c1ccc2c(c1)Cc1ccccc1-2,19.87,387,2.989211057
COP(=S)(Oc1cc(Cl)c(Br)cc1Cl)c1ccccc1,31.35,345.6,3.445214267
CN1/C(=C(/O)Nc2ccccn2)C(=O)c2sc(Cl)cc2S1(=O)=O,54.29,479.8,3.994340048
CN1/C(=C(/O)Nc2ccccn2)C(=O)c2sc(Cl)cc2S1(=O)=O,54.2,481.7,3.992680908
C(=Nc1ccccc1)=Nc1ccccc1,18.55,287.4,2.920469789
O=[N+]([O-])c1ccc(C=Nc2ccccc2)cc1,24.56,347.2,3.201119103
O=C1N=C(O)CCC1N1C(=O)c2ccccc2C1=O,39.97,546.7,3.688129173
O=C1N=C(O)CCC1N1C(=O)c2ccccc2C1=O,37.91,550.8,3.63521493
O=C1N=C(O)CCC1N1C(=O)c2ccccc2C1=O,36.02,548.2,3.58407434
NN=C(O)c1cccc2nc3ccccc3nc12,27.62,505,3.318540148
O=Cc1ccc(-c2ccccc2)cc1,21.09,332,3.048798994
O=C(c1ccccc1)c1ccccc1,18.47,321.3,2.916147794
O=C(c1ccccc1)c1ccccc1,18.81,321.2,2.934388643
O=C(c1ccccc1)c1ccccc1,18.19,324.2,2.900871993
O=C(c1ccccc1)c1ccccc1,16.9,321.4,2.827313622
c1ccc2c(c1)Cc1ccccc1O2,20.67,374.6,3.028683374
c1ccc2c(c1)Cc1ccccc1O2,15.87,374.3,2.764430535
c1ccc2c(c1)Cc1ccccc1O2,19.2,373.7,2.954910279
OC1c2ccccc2-c2ccccc21,24.2,428.7,3.186352633
O=C(O)c1ccc(-c2ccccc2)cc1,32.1,499.5,3.46885603
O=C(O)c1ccc(-c2ccccc2)cc1,32.26,500,3.473828073
O=C(c1ccccc1)c1ccccc1O,18.7,312.3,2.928523524
O=C(c1ccccc1)c1cccc(O)c1,27.4,390.5,3.310543013
O=C(c1ccccc1)c1ccc(O)cc1,24.4,407.7,3.194583132
O=C(c1ccccc1O)c1ccccc1O,20.07,334.5,2.999226163
O=C(Oc1ccccc1)c1ccccc1O,15.5,302,2.740840024
O=C(Oc1ccccc1)c1ccccc1O,19.5,315,2.970414466
O=C(Oc1ccccc1)c1ccccc1O,19.5,314.8,2.970414466
O=C(Oc1ccccc1)c1ccccc1O,19,314.9,2.944438979
O=C(Oc1ccccc1)c1ccccc1O,19.2,315.1,2.954910279
O=C(Oc1ccccc1)c1ccccc1O,18.4,312.7,2.912350665
O=C(Oc1ccccc1)c1ccccc1O,16.5,304.2,2.803360381
O=C(Oc1ccccc1)c1ccccc1O,18.6,315.2,2.923161581
O=C(Oc1ccccc1)c1ccccc1O,18.98,314.2,2.943385793
O=C(Oc1ccccc1)Oc1ccccc1,24.3,355.95,3.19047635
O=C(Oc1ccccc1)Oc1ccccc1,23.43,355,3.154017253
O=C(c1ccc(O)cc1)c1ccc(O)cc1O,31.3,482.6,3.443618098
O=C(c1ccc(O)cc1O)c1ccc(O)cc1O,28,472,3.33220451
c1ccc2c(c1)Cc1ccccc1S2,26.8,402.7,3.288401888
c1ccc2c(c1)Cc1ccccc1S2,26.1,401.8,3.261935314
CCOC(=O)c1cc2cc(Br)cc(CO)c2oc1=O,28.19,434.1,3.338967305
COc1ccc(N=Nc2ccc(Cl)cc2)c(O)c1,33.7,390,3.517497837
CCOC(=O)c1cc2cc(Cl)cc(CO)c2oc1=O,22.47,424,3.112181086
C(=Nc1ccccc1)c1ccccc1,20.42,329.7,3.016514813
Cn1c2ccccc2c2ccccc21,16.43,361,2.799108932
Cn1c2ccccc2c2ccccc21,17.15,362.5,2.841998174
Nc1ccc2c(c1)Cc1ccccc1-2,23.81,400.9,3.17010566
OC(=Nc1ccccc1)c1ccccc1,31.2,435,3.440418095
OC(=Nc1ccccc1)c1ccccc1,32.4,436.3,3.478158423
OC(=Nc1ccccc1)c1ccccc1,29.61,436.5,3.388112142
Nc1ccc(C(=O)c2ccccc2)cc1,21.2,395.2,3.054001182
Cc1ccc(Nc2sc(C)cc2C#N)c([N+](=O)[O-])c1,24.57,400.2,3.201526187
Cc1ccccc1-c1ccccc1,13.93,272.3,2.634044788
Cc1ccc(-c2ccccc2)cc1,12.29,320.3,2.508785924
c1ccc(Cc2ccccc2)cc1,19.01,298.4,2.944965157
c1ccc(Cc2ccccc2)cc1,14.7,298.2,2.687847494
c1ccc(Cc2ccccc2)cc1,18.58,298.3,2.922085733
c1ccc(Cc2ccccc2)cc1,19,299.4,2.944438979
Cc1ccc(NS(=O)(=O)c2cccc(Cl)c2)cc1,26.44,366.8,3.274878015
Cc1ccc(NS(=O)(=O)c2cccc(Cl)c2)cc1,18.16,364.8,2.899221373
Cc1ccc(S(=O)(=O)Nc2cccc(F)c2)cc1,18.61,385.1,2.923699071
Cc1ccc(S(=O)(=O)Nc2cccc(F)c2)cc1,18.83,384.4,2.935451343
OC(Cn1cncn1)(Cn1cncn1)c1ccc(F)cc1F,37.76,413.25,3.631250341
OC(=Nc1ccccc1)Nc1ccccc1,34.62,512.1,3.54443155
CCOC(=O)N1c2ccccc2C=CC1C#N,19.88,337,2.989714201
OC(c1ccccc1)c1ccccc1,23.7,339.4,3.165475048
OC(c1ccccc1)c1ccccc1,23,338.5,3.135494216
Oc1ccccc1Cc1ccccc1,17,288.2,2.833213344
OCc1ccccc1-c1ccccc1,19.7,324,2.980618636
OCc1ccccc1-c1ccccc1,18.5,326.8,2.917770732
OCc1ccc(-c2ccccc2)cc1,25.06,373,3.221272949
OCc1ccc(-c2ccccc2)cc1,27,375.5,3.295836866
Oc1ccc(Cc2ccc(O)cc2)cc1,36.8,436.2,3.605497845
CCCc1ccc(-c2ccc(Br)cc2)s1,15.7,360.4,2.753660712
Cc1ccc(-c2cc(N)ccc2S(N)(=O)=O)c(Cl)c1,31.7,428.8,3.456316681
Cc1c(S(N)(=O)=O)ccc(N)c1-c1ccc(Cl)cc1,35.7,446.5,3.575150689
COc1c(Cl)cccc1NS(=O)(=O)c1ccc(N)cc1,30.7,403.9,3.424262655
c1ccc(CNc2ccccc2)cc1,20.08,313.9,2.999724295
c1ccc(CNc2ccccc2)cc1,16.76,305.6,2.818995095
Cc1ccc2[nH]c3c(c2c1)CCCC3=O,26.9,468.5,3.292126287
COc1ccc(-c2ccc(C)cn2)cc1,20,328,2.995732274
N=C(Nc1ccccc1)Nc1ccccc1,22.52,421.15,3.114403803
CSc1cccc(N=C(O)Nc2ccccn2)c1,26.3,417.2,3.269568939
CSc1cccc(N=C(O)Nc2ccccn2)c1,34.5,426.2,3.540959324
CP(=O)(c1ccccc1)c1ccccc1,20.37,385.4,3.01406323
Nc1ccc(Cc2ccc(N)cc2)cc1,19.69,362.7,2.980110893
Nc1ccc(Cc2ccc(N)cc2)cc1,9.23,363.7,2.222459049
OCC(O)COc1cccc2ccccc12,32.2,370.1,3.471966453
COc1cc(Cc2c[nH]c(=N)[nH]c2=N)cc(OC)c1Br,49.9,505.4,3.910021003
Clc1ccc(N=C2SCC3CCCN2C3)cc1,11.8,411.8,2.468099531
Cn1c2c(c3ccccc31)CCCC2,14.67,323.8,2.685804592
CC1=C(C(O)=Nc2ccccc2)CCCO1,19.21,381.1,2.955430977
Cc1cc(OC(=O)N(C)C)n(-c2ccccc2)n1,21.39,324.3,3.062923523
CNC1(c2ccccc2Cl)CCCCC1=O,26.6,365.7,3.280911216
CCCN(CCC)c1c([N+](=O)[O-])cc(C(F)(F)F)cc1[N+](=O)[O-],22.32,321.4,3.105483138
N#CC(c1ccccc1)N1CCCCC1,19.71,335.2,2.981126121
CC(C)Oc1ccc2c(c1)OCN(CCO[N+](=O)[O-])C2=O,32.1,344.7,3.46885603
CC(=O)Oc1cc(C)c(OC(C)=O)c(C)c1C,22.32,381.6,3.105483138
N=C(O)OCCCCCC(Cl)c1ccc([N+](=O)[O-])cc1,30.31,360.8,3.411477691
CCOc1ccc(N=c2nc(CC(C)O)[nH]s2)cc1,27.5,385.1,3.314186005
Cc1cc(C)c2c(c1)C(C)(C)CC2,15.74,273.6,2.756205243
Cc1ccc(C)c2c1CCC2(C)C,11.28,245.6,2.423031246
Nc1c(Br)cc(Br)cc1CNC1CCC(O)CC1,31.46,372.7,3.448716898
CCCC(C)(C)C(=O)Nc1ccc(Cl)cc1,23.31,360.2,3.148882453
CCCC(C)C(O)=Nc1ccc(C)c(Cl)c1,16.35,353.2,2.794227897
C=CCN=C(NS(=O)(=O)c1ccc(C)cc1)SCC,28,335.2,3.33220451
CC(C)Cc1ccc(C(C)C(=O)O)cc1,29.77,353.3,3.393501175
CC(C)Cc1ccc(C(C)C(=O)O)cc1,24.7,352.2,3.206803244
CC(C)Cc1ccc(C(C)C(=O)O)cc1,26.2,348.3,3.265759411
CC(C)Cc1ccc(C(C)C(=O)O)cc1,25.69,347.5,3.246101811
CC(C)Cc1ccc(C(C)C(=O)O)cc1,25.8,349,3.250374492
CC(C)Cc1ccc(C(C)C(=O)O)cc1,26.3,349.5,3.269568939
CC(C)Cc1ccc(C(C)C(=O)O)cc1,25.3,347.6,3.230804396
CC(C)Cc1ccc(C(C)C(=O)O)cc1,28.92,347.4,3.364533397
CC(C)Cc1ccc(C(C)C(=O)O)cc1,25.99,348.2,3.257711849
CC(C)Cc1ccc(C(C)C(=O)O)cc1,31.7,351.7,3.456316681
CC(C)Cc1ccc(C(C)C(=O)O)cc1,26.48,350,3.276389731
CC(C)Cc1ccc(C(C)C(=O)O)cc1,25.47,348.5,3.237501289
CC(C)Cc1ccc(C(C)C(=O)O)cc1,25.47,348.6,3.237501289
CC(C)Cc1ccc(C(C)C(=O)O)cc1,26.6,346.4,3.280911216
CC(C)Cc1ccc(C(C)C(=O)O)cc1,26.65,348,3.282789151
CC(C)Cc1ccc(C(C)C(=O)O)cc1,25,348.4,3.218875825
CC(C)Cc1ccc(C(C)C(=O)O)cc1,25.5,347.2,3.238678452
CC(C)Cc1ccc(C(C)C(=O)O)cc1,25.7,350.9,3.246490992
CC(C)Cc1ccc(C(C)C(=O)O)cc1,25.7,348.7,3.246490992
CC(C)Cc1ccc(C(C)C(=O)O)cc1,26.9,344,3.292126287
CC(C)Cc1ccc([C@H](C)C(=O)O)cc1,18.3,324.5,2.90690106
CC(C)Cc1ccc([C@H](C)C(=O)O)cc1,28.3,326.9,3.342861805
CC(C)Cc1ccc([C@H](C)C(=O)O)cc1,18.05,324.2,2.893145685
CC(C)Cc1ccc([C@H](C)C(=O)O)cc1,15.4,323.5,2.734367509
CC(C)Cc1ccc([C@H](C)C(=O)O)cc1,17.9,327.2,2.884800713
CC(C)Cc1ccc([C@H](C)C(=O)O)cc1,18.7,325.5,2.928523524
CC(C)Cc1ccc([C@H](C)C(=O)O)cc1,19.9,319,2.990719732
CC(C)Cc1ccc([C@@H](C)C(=O)O)cc1,18.1,324.5,2.895911938
CCCCCCOc1cccc(C(=O)O)c1,22.72,343,3.123245594
CCOC1Oc2ccc(OS(C)(=O)=O)cc2C1(C)C,26.25,344.1,3.267665989
C[C@@H](c1ccccc1)N(C(=O)[O-])C(C)(C)C,29.73,359.5,3.392156637
CCCCCCN=C(O)Nc1ccc([N+](=O)[O-])cc1,25.47,384.4,3.237501289
CCC(CC)Nc1c([N+](=O)[O-])cc(C)c(C)c1[N+](=O)[O-],25.19,327.5,3.22644709
CCN(CC)CCOC(=O)c1ccc(N)cc1,26.07,428.6,3.260785228
CCN(CC)CCOC(=O)c1ccc(N)cc1,26.2,335,3.265759411
CSC(=NCC(C)C)NS(=O)(=O)c1ccc(C)cc1,29.4,363.2,3.380994674
CSC(=NC(C)(C)C)NS(=O)(=O)c1ccc(C)cc1,30.4,394.2,3.414442608
CCSC(=NC(C)C)NS(=O)(=O)c1ccc(C)cc1,29.1,392.2,3.370738174
CC12CC3CC(C)(C1)CC(C)(C3)C2,2.06,255.6,0.722705983
CC12CC3CC(C)(C1)CC(C)(C3)C2,1.92,255,0.652325186
CC12CC3CC(C)(C1)CC(C)(C3)C2,1.73,253.6,0.548121409
CN(C)C(O)=NC1CC2CC1C1CCCC21,21.74,436.5,3.079153882
CC1(C)CCCC(C)(C)CC(=O)OC(=O)C1,20.5,396.2,3.020424886
C=C(CC(=O)[O-])C(=O)OCCCCCCCC,43.7,331.2,3.777348102
OC(C1CCCCC1)C1CCCCC1,20.69,337.5,3.029650492
CCCCCCCC1CCCCC1,22.22,232.8,3.100992784
C1CCCCCCCCCCCC1,7.4,297.6,2.00148
CCCCCCCCCCCC(C)=O,44.03,301.75,3.78487122
CCCCCCCCCCC(=O)OCC,36.16,259.2,3.587953536
CCCCCCCCCCCCNC(=N)O,46.6,379.2,3.841600541
CC(C)(C)C(O)(C(C)(C)C)C(C)(C)C,3.43,390,1.232560261
CCCCCCCCCCOCC(O)CO,38.9,311,3.660994251
CCCCSC(SCCCC)[C@H](O)[C@@H](O)[C@@H](O)CO,41.5,380.4,3.725693427
O=C(O)c1cc(Oc2ccc(C(F)(F)F)cc2Cl)ccc1[N+](=O)[O-],37.67,436.6,3.628864022
O=C1c2ccccc2C(=O)c2c(Cl)cccc21,29.24,435.2,3.375537635
Brc1cccc2cc3c(Br)cccc3cc12,32.1,482.4,3.46885603
Brc1c(Br)c2ccccc2c2ccccc12,16.33,451.2,2.793003907
Brc1c2ccccc2c(Br)c2ccccc12,28.7,497.8,3.356897123
Brc1c2ccccc2c(Br)c2ccccc12,27,497.9,3.295836866
Brc1cc(Br)c(OCCOc2c(Br)cc(Br)cc2Br)c(Br)c1,36.8,500.4,3.605497845
O=C1c2cccc(Cl)c2C(=O)N1c1ccccc1,29.14,466.05,3.372111801
Clc1c2ccccc2c(Cl)c2ccccc12,25.1,486.5,3.222867846
Clc1c2ccccc2c(Cl)c2ccccc12,27.4,485,3.310543013
ClC(Cl)=C(c1ccc(Cl)cc1)c1ccccc1Cl,23.84,349.8,3.171364842
ClC(Cl)=C(c1ccc(Cl)cc1)c1ccc(Cl)cc1,23.55,360.4,3.15912582
O=C1C=CC(=O)c2cc3ccccc3cc21,31.4,500.8,3.446807893
O=C1c2ccccc2C(=O)c2ccccc21,36.3,556.8,3.591817741
O=C1c2ccccc2C(=O)c2ccccc21,33.2,558.7,3.502549876
O=C1c2ccccc2C(=O)c2ccccc21,34.26,557.53,3.533978493
O=C1c2ccccc2C(=O)c2ccccc21,34.8,556.9,3.549617387
O=C1c2ccccc2C(=O)c2ccccc21,32.57,558,3.483391619
O=C1c2cccc(O)c2C(=O)c2c(O)cccc21,20.06,471.2,2.998727783
Brc1ccc2cc3ccccc3cc2c1,26.23,493.6,3.266903794
Brc1c2ccccc2cc2ccccc12,19.2,375.9,2.954910279
Brc1cc2ccccc2c2ccccc12,14.91,335.2,2.702032129
Clc1cccc2cc3ccccc3cc12,14.14,355.2,2.64900766
Clc1ccc2cc3ccccc3cc2c1,27.2,495.7,3.303216973
Clc1c2ccccc2cc2ccccc12,22,376.6,3.091042453
Clc1c2ccccc2cc2ccccc12,18.66,379.2,2.926382195
Clc1cc2ccccc2c2ccccc12,14.99,320.1,2.707383312
OC1=Nc2ccc(Cl)cc2[C@@](C#CC2CC2)(C(F)(F)F)O1,18.2,414.6,2.901421594
O=C(O)c1cccc(Cl)c1C(=O)c1ccccc1,35.5,506.3,3.569532696
COC(=O)c1cc(Oc2ccc(Cl)cc2Cl)ccc1[N+](=O)[O-],26.31,358.3,3.269949095
ClC=C(c1ccc(Cl)cc1)c1ccc(Cl)cc1,25.52,337.9,3.239462458
Clc1ccc(C(c2ccc(Cl)cc2)C(Cl)(Cl)Cl)cc1,26.28,382.1,3.268808194
Clc1ccc(C(c2ccccc2Cl)C(Cl)(Cl)Cl)cc1,23.09,345.8,3.139399623
OC(c1ccc(Cl)cc1)(c1ccccc1Cl)C(Cl)(Cl)Cl,25.2,396.3,3.226843995
OC(c1ccc(Cl)cc1)(c1ccc(Cl)cc1)C(Cl)(Cl)Cl,19.56,347.2,2.973486665
Nc1cccc2c1C(=O)c1ccccc1C2=O,26.3,524.7,3.269568939
Nc1cccc2c1C(=O)c1ccccc1C2=O,28.78,524.2,3.359680701
O=[N+]([O-])c1c2ccccc2cc2ccccc12,20.1,420.4,3.000719815
c1ccc2cc3ccccc3cc2c1,27.4,490,3.310543013
c1ccc2cc3ccccc3cc2c1,24.96,489.5,3.217274544
c1ccc2cc3ccccc3cc2c1,27.8,487,3.325036021
c1ccc2cc3ccccc3cc2c1,28.2,489.7,3.339321978
c1ccc2cc3ccccc3cc2c1,29.8,492,3.394508394
c1ccc2cc3ccccc3cc2c1,31.5,491,3.449987546
c1ccc2cc3ccccc3cc2c1,28.8,489.4,3.360375387
c1ccc2cc3ccccc3cc2c1,29,490.6,3.36729583
c1ccc2cc3ccccc3cc2c1,28.97,491.3,3.366260812
c1ccc2cc3ccccc3cc2c1,29.37,488.9,3.379973745
c1ccc2c(c1)ccc1ccccc12,15.2,372,2.721295428
c1ccc2c(c1)ccc1ccccc12,16.1,371.1,2.778819272
c1ccc2c(c1)ccc1ccccc12,16.69,372.1,2.814809738
c1ccc2c(c1)ccc1ccccc12,14.09,371.3,2.645465326
c1ccc2c(c1)ccc1ccccc12,16.6,367.6,2.809402695
c1ccc2c(c1)ccc1ccccc12,16.2,372.9,2.785011242
c1ccc2c(c1)ccc1ccccc12,16.46,372.4,2.800933195
c1ccc2c(c1)ccc1ccccc12,15.72,373.8,2.754933787
c1ccc2c(c1)ccc1ccccc12,18,373.2,2.890371758
c1ccc2c(c1)ccc1ccccc12,17.5,372.2,2.862200881
c1ccc2c(c1)ccc1ccccc12,18.62,373,2.924236272
c1ccc2c(c1)ccc1ccccc12,17.15,371.4,2.841998174
c1ccc2c(c1)ccc1ccccc12,17.14,371.7,2.841414913
C(#Cc1ccccc1)c1ccccc1,21.04,332,3.046425388
C(#Cc1ccccc1)c1ccccc1,21.5,335,3.068052935
C(#Cc1ccccc1)c1ccccc1,20.5,334,3.020424886
C(#Cc1ccccc1)c1ccccc1,20,331.5,2.995732274
N#Cc1ccccc1-c1ccc(CBr)cc1,29.49,399.2,3.384051223
O=C(N=C(O)c1ccccc1F)Nc1ccc(Cl)cc1,32.9,465,3.493472658
O=C(N=C(O)c1cccc(F)c1)Nc1ccc(Cl)cc1,39.1,510,3.666122467
OC(=Nc1ccc(Cl)cc1)N=C(O)c1ccc(F)cc1,41.6,532,3.728100167
O=C(N=C(O)c1ccccc1Cl)Nc1ccc(Cl)cc1,35.5,471,3.569532696
OC(=Nc1ccc(Cl)cc1)N=C(O)c1ccc(Cl)cc1,40.8,518,3.708682081
O=C(O)C(c1ccc(Cl)cc1)c1ccc(Cl)cc1,31.66,440.2,3.455054054
Clc1ccc(C(c2ccc(Cl)cc2)C(Cl)Cl)cc1,27.31,382.1,3.307252935
O=C(O)c1ccccc1Nc1cccc(C(F)(F)F)c1,27.13,408,3.300640127
O=C(O)c1ccccc1Nc1cccc(C(F)(F)F)c1,26.7,407,3.284663565
O=C(O)c1ccccc1Nc1cccc(C(F)(F)F)c1,27,407.3,3.295836866
Nc1ccc(N)c2c1C(=O)c1ccccc1C2=O,24.2,484.2,3.186352633
O=C1c2ccccc2C(=O)N1Nc1ccccc1,26.9,457,3.292126287
O=C1c2ccccc2Cc2ccccc21,22.4,429.5,3.109060959
O=C1c2ccccc2Cc2ccccc21,26.8,429,3.288401888
O=C(C(=O)c1ccccc1)c1ccccc1,22.76,369.6,3.125004609
O=C(C(=O)c1ccccc1)c1ccccc1,23.31,368,3.148882453
O=C(C(=O)c1ccccc1)c1ccccc1,23.19,368.2,3.143721151
O=C(C(=O)c1ccccc1)c1ccccc1,22.88,368.1,3.130263167
O=C(C(=O)c1ccccc1)c1ccccc1,23.8,369.2,3.169685581
O=C(O)C1c2ccccc2-c2ccccc21,30.24,503.8,3.409165551
O=C(OC(=O)c1ccccc1)c1ccccc1,17.15,313.2,2.841998174
O=C(OOC(=O)c1ccccc1)c1ccccc1,22.59,378,3.11750733
O=C(Oc1ccccc1)C(=O)Oc1ccccc1,31.38,403,3.446170747
O=C(O)c1ccccc1OCc1ccccc1O,29,430.2,3.36729583
Brc1ccc(NC2=Nc3ccccc3CS2)cc1,24.5,478.3,3.198673118
O=C(N=C(O)c1ccccc1)Nc1ccc(Cl)cc1,39.1,510,3.666122467
Clc1ccc(NC2=Nc3ccccc3CS2)cc1,27.5,476.4,3.314186005
FC(c1ccccc1)C(F)(F)c1ccccc1,28.37,354.2,3.345332249
CC(=O)n1c2ccccc2c2ccccc21,15.1,349.9,2.714694744
Cn1c2ccccc2c(=O)c2ccccc21,29.7,479,3.391147046
O=C(O)c1cccc(N=Cc2ccccc2O)c1,33.11,464,3.499835352
C=CCOC(=O)N1c2ccc([N+](=O)[O-])cc2C=CC1C#N,26.87,383.7,3.291010423
CC=COC(=O)N1c2ccc([N+](=O)[O-])cc2C=CC1C#N,26.27,389.4,3.268427604
CC1c2ccccc2-c2ccccc21,16.32,319.2,2.79239135
c1ccc2c(c1)CCc1ccccc1-2,12.8,306.5,2.549445171
COc1ccc(NC(=S)c2cccc(Br)c2)cc1,28.5,376.7,3.349904087
COc1ccc(NC(=S)c2cccc(Br)c2)cc1,22.6,373.2,3.117949906
Cc1cc(Nc2ccccc2C(=O)O)ccc1Cl,38.83,486,3.659193144
Cc1cc(Nc2ccccc2C(=O)O)ccc1Cl,41,484.2,3.713572067
Cc1cc(Nc2ccccc2C(=O)O)ccc1Cl,38.6,484.3,3.653252276
Cc1cc(Nc2ccccc2C(=O)O)ccc1Cl,41.2,485.3,3.718438256
Cc1cc(S(=O)(=O)c2ccccc2)ccc1NS(=O)(=O)C(F)(F)F,31.79,418.4,3.459151775
Cc1ccc2ccc3ccc(C)nc3c2n1,17.6,435.9,2.867898902
OC(=Nc1ccccc1)N=C(O)c1ccccc1,32.1,477,3.46885603
CN1C(=O)CCC(N2C(=O)c3ccccc3C2=O)C1=O,18.12,432.2,2.897016301
COc1cccc(C=Nc2cccc([N+](=O)[O-])c2)c1O,29.98,416.7,3.400530493
COc1cccc(C=Nc2cccc([N+](=O)[O-])c2)c1O,34.34,417.7,3.536310855
OCC1c2ccccc2-c2ccccc21,27.91,377.1,3.328985048
OCC1c2ccccc2-c2ccccc21,26.27,376.6,3.268427604
O=C(OCc1ccccc1)c1ccccc1,20.44,293.1,3.017493765
O=C(O)Cc1ccc(-c2ccccc2)cc1,29.76,437,3.39316521
O=C(O)C(c1ccccc1)c1ccccc1,31.18,420.3,3.439776864
O=C(O)C(c1ccccc1)c1ccccc1,29.9,420.4,3.39785848
COc1ccc(C(=O)c2ccccc2)c(O)c1,21.77,336.7,3.080532875
COc1ccc(C(=O)c2ccccc2O)c(O)c1,22,343,3.091042453
COc1ccc(C(=O)c2ccc(O)cc2O)cc1,35.6,436.8,3.572345638
COC(=O)c1ccc2ccccc2c1C(=O)OC,27.6,358.2,3.317815773
COC(=O)c1cc(C(=O)OC)c2ccccc2c1,30.5,378.7,3.417726684
COC(=O)c1ccc(C(=O)OC)c2ccccc12,20.4,340.2,3.015534901
COC(=O)c1cccc2c(C(=O)OC)cccc12,26.4,392,3.27336401
COC(=O)c1ccc2c(C(=O)OC)cccc2c1,22.1,371.8,3.095577609
COC(=O)c1ccc2cccc(C(=O)OC)c2c1,20,363.2,2.995732274
COC(=O)c1cc2ccccc2cc1C(=O)OC,20.2,324.2,3.005682604
COC(=O)c1ccc2ccc(C(=O)OC)cc2c1,26.6,410.2,3.280911216
COc1c2occc2c(OC)c2c(=O)cc(C)oc12,27.9,423.5,3.328626689
COc1c2occc2c(OC)c2c(=O)cc(C)oc12,32.32,426.5,3.475686234
CCOc1ccc(N=Nc2ccc(Cl)cc2)c(O)c1,34.3,421,3.535145354
CCn1c2ccccc2c2ccccc21,16.55,342.4,2.806386102
CCn1c2ccccc2c2ccccc21,15.1,343.1,2.714694744
CC(=O)N(c1ccccc1)c1ccccc1,23.4,374.4,3.152736022
CCCOC(=O)N1c2ccc([N+](=O)[O-])cc2C=CC1C#N,24.99,372.2,3.218475745
CC(C)OC(=O)N1c2ccc([N+](=O)[O-])cc2C=CC1C#N,27.75,402,3.32323584
Cc1cnc(N/C(O)=C2/C(=O)c3ccccc3S(=O)(=O)N2C)s1,49.9,536.7,3.910021003
Cc1cccc(-c2cccc(C)c2)c1,18.92,282.44,2.940219564
c1ccc(CCc2ccccc2)cc1,23.22,324.7,3.145013976
c1ccc(CCc2ccccc2)cc1,22.73,324.3,3.123685638
c1ccc2c3c(ccc2c1)CCCC3,11.17,302.6,2.413231613
C[C@@H]1c2cccc3cccc(c23)[C@@H]1C,22.59,325.2,3.11750733
C[C@@H]1c2cccc3cccc(c23)[C@H]1C,18.83,350.2,2.935451343
Cc1ccc2cccc3c2c1CC3C,12.55,283.2,2.529720666
Cc1cc2c3c(cccc3c1)C(C)C2,17.57,279.7,2.866192902
Cc1ccc2c3c(cccc13)C(C)C2,22.18,316.7,3.099190982
Cc1cc2c3c(cccc3c1)CC2C,14.23,288.2,2.655352412
Cc1ccc2cccc3c2c1C(C)C3,14.23,289.2,2.655352412
Cc1cc2cccc3c2c(c1C)CC3,17.57,357.2,2.866192902
Cc1ccc2ccc(C)c3c2c1CC3,17.99,341.7,2.889816048
Cc1cc2c3c(cc(C)cc3c1)CC2,15.06,314.2,2.712042222
Cc1ccc2c3c(ccc(C)c13)CC2,21.76,443.2,3.080073422
CC=COC(Cn1ccnc1)c1ccc(Cl)cc1Cl,30.5,322.6,3.417726684
CCN(CC)c1ccc2c(C(F)(F)F)cc(=O)oc2c1,23.3,360,3.148453361
CCOP(=S)(Oc1ccc([N+](=O)[O-])cc1)c1ccccc1,25.05,308.2,3.220873828
CN(c1ccc(Cc2ccccc2)cc1)[N+](=O)[O-],21.7,329.6,3.077312261
CCOC(=O)N1c2ccc(OC)cc2C=CC1C#N,22.37,359.1,3.107720776
CC(O)=Nc1ccc(S(=O)(=O)Nc2ccccc2)cc1,38.96,484.6,3.662535479
CCOC(=O)c1ccc(NS(=O)(=O)c2ccccc2)nc1,22.5,427.9,3.113515309
CC(O)(c1ccccc1)c1ccccc1,26.49,357.9,3.276767303
CC(c1ccc(O)cc1)c1ccc(O)cc1,27.9,399.3,3.328626689
COc1ccc2cc(C(C)C(=O)O)ccc2c1,35.3,429.2,3.563882964
COc1ccc2cc(C(C)C(=O)O)ccc2c1,29,426.7,3.36729583
COc1ccc2cc(C(C)C(=O)O)ccc2c1,32,432.1,3.465735903
COc1ccc2cc(C(C)C(=O)O)ccc2c1,30.3,428.7,3.411147713
COc1ccc2cc(C(C)C(=O)O)ccc2c1,31.7,429.4,3.456316681
COc1ccc2cc(C(C)C(=O)O)ccc2c1,33,428.8,3.496507561
COc1ccc2cc(C(C)C(=O)O)ccc2c1,32.4,431.4,3.478158423
COc1ccc2cc(C(C)C(=O)O)ccc2c1,24.3,427.7,3.19047635
COc1ccc2cc(C(C)C(=O)O)ccc2c1,32.76,429.6,3.489208259
COc1ccc2cc(C(C)C(=O)O)ccc2c1,32.24,429.8,3.473207918
COc1ccc2cc(C(C)C(=O)O)ccc2c1,32.2,429.9,3.471966453
COc1ccc2cc(C(C)C(=O)O)ccc2c1,31.73,429.3,3.457262606
COc1ccc2cc(C(C)C(=O)O)ccc2c1,31.5,428.5,3.449987546
COc1ccc2cc(C(C)C(=O)O)ccc2c1,31.5,431.9,3.449987546
COc1ccc2cc(C(C)C(=O)O)ccc2c1,29.41,439.2,3.381334753
COc1ccc2cc(C(C)C(=O)O)ccc2c1,33.2,429,3.502549876
CCOC(=O)c1cc2cc(C)cc(CO)c2oc1=O,29.58,429.8,3.387098457
CCOC(=O)c1cc2cc(OC)cc(CO)c2oc1=O,36.42,431.9,3.595118074
COC(=O)c1ccc(C(=O)OC)c(C(=O)OC)c1C(=O)OC,40.4,404.7,3.698829785
COC(=O)c1cc(C(=O)OC)c(C(=O)OC)c(C(=O)OC)c1,32.6,389.2,3.484312288
COC(=O)c1cc(C(=O)OC)c(C(=O)OC)cc1C(=O)OC,35.7,416.7,3.575150689
FC(F)(F)c1ccc(N=C2SCC3CCCN2C3)cc1,20.2,364.3,3.005682604
CCOc1ccc(-c2ccc(C)cn2)cc1,21,364,3.044522438
Cc1cccc(C)c1NS(=O)(=O)c1ccccc1,30.1,426.3,3.404525172
CN(C)c1ccc(N=Nc2ccccc2)cc1,23.08,389.2,3.138966442
CCc1ccc2cc(CC)ccc2c1,22.36,322,3.107273648
Cc1cccc(C)c1N(Cn1cccn1)C(=O)CCl,19.7,356.2,2.980618636
Cc1cccc(C)c1N(Cn1cccn1)C(=O)CCl,23,353.2,3.135494216
Cc1cccc(C)c1N(Cn1cccn1)C(=O)CCl,26.6,349.2,3.280911216
CC(C)(C)C(=O)C(Oc1ccc(Cl)cc1)n1cncn1,22.87,351.4,3.129826008
CCCN(CC1CC1)c1c([N+](=O)[O-])cc(C(F)(F)F)cc1[N+](=O)[O-],22.51,305.8,3.113959655
Cc1ccc(N=C2SCC3CCCN2C3)cc1Cl,22.7,406.6,3.122364924
CCOP(=S)(OCC)SC(CCl)N1C(=O)c2ccccc2C1=O,25.27,340,3.229617921
CCn1c2c(c3ccccc31)CCCC2,12.41,282.4,2.518502599
CCN(CC)c1ccc2c(C)cc(=O)oc2c1,17.88,343.8,2.88368277
c1c2c(cc3c1CCCC3)CCCC2,18.34,345.4,2.909084467
CC(C)(C)C(O)C(Oc1ccc(Cl)cc1)n1cncn1,24.47,377.8,3.197447877
CC(=O)c1c(C)c([N+](=O)[O-])c(C(C)(C)C)c([N+](=O)[O-])c1C,23.81,408.5,3.17010566
Cc1ccc(N=C2SCC3CCCN2C3)cc1,20.5,347.6,3.020424886
COc1cc(Cc2c[nH]c(=N)[nH]c2=N)cc(OC)c1OC,47.44,475,3.859465755
COc1cc(Cc2c[nH]c(=N)[nH]c2=N)cc(OC)c1OC,38.5,471.2,3.650658241
COc1cc(Cc2c[nH]c(=N)[nH]c2=N)cc(OC)c1OC,48.4,477.4,3.879499814
COc1cc(Cc2c[nH]c(=N)[nH]c2=N)cc(OC)c1OC,49.8,472.9,3.908014984
COc1cc(Cc2c[nH]c(=N)[nH]c2=N)cc(OC)c1OC,53.65,474,3.982481469
CC1(C)COC2(CC2c2ccccc2)OC1,27.2,351.2,3.303216973
CC(C)(C)C(O)/C=C/c1ccc2c(c1)OCO2,29,348.2,3.36729583
Cc1c(C)c2c(c(C)c1O)CCC(C)(C(=O)O)O2,38.7,465.5,3.6558396
O=C(O)CCCc1ccc(N(CCCl)CCCl)cc1,29.18,338.9,3.373483543
CN(C)C(C(=O)c1ccccc1)c1ccccc1,22.38,334.2,3.108167703
C1#CCCCCCC#CCCCCC1,22.6,370,3.117949906
CCc1cccc(CC)c1N(COC)C(=O)CCl,26.7,317.7,3.284663565
CCc1cccc(CC)c1N(COC)C(=O)CCl,25.31,315.9,3.231199575
CCOC(=O)c1cn2nc(OP(=S)(OCC)OCC)cc2nc1C,27.32,324.4,3.307619035
OC12CC3C4CC5CC3C(C1)C(C5)C4C2,16.4,484,2.797281335
CC(C)(C)C1=CC(=O)C(=O)C(C(C)(C)C)=C1,26.21,388.5,3.266141017
CC(C)(C)C1=CC(=O)C(=O)C(C(C)(C)C)=C1,26.53,387.9,3.278276168
Cc1c(C)c2c(c(C)c1O)CCC(C)(C)O2,27,367.5,3.295836866
CCCCOC1=CC(=O)C(OCCCC)=CC1=O,31.5,473.3,3.449987546
c1ccc2c(c1)OCCOCCOCCOCCO2,28.3,351.2,3.342861805
CCN1C2=CCCCC2C2CCCCC21,20.58,316,3.02431973
Cc1ccc(S(=O)(=O)NC(O)=NN2CCCCCC2)cc1,37.9,444,3.634951112
Cc1ccc(S(=O)(=O)NC(O)=NN2CCCCCC2)cc1,43.44,445,3.771380676
CCC(C)Nc1c([N+](=O)[O-])cc(C(C)(C)C)cc1[N+](=O)[O-],20.84,338.8,3.036874217
CC(C)(C)c1ccc(C(C)(C)C)cc1,22.48,341.5,3.112626025
CCCCCCCCc1ccccc1,29.96,234.2,3.399863159
CCN(CC)CC(O)=Nc1c(C)cccc1C,15.5,343.1,2.740840024
CCN(CC)CC(O)=Nc1c(C)cccc1C,16.7,341,2.815408719
CCN(CC)CC(O)=Nc1c(C)cccc1C,16.9,341.8,2.827313622
CCN(CC)CC(O)=Nc1c(C)cccc1C,16.78,341.5,2.820187701
CC(C)NC[C@@H](O)COc1ccc(CC(=N)O)cc1,36.77,420.3,3.604682295
CC(C)NCC(O)COc1ccc(CC(=N)O)cc1,37.6,425.9,3.62700405
CC(C)NCC(O)COc1ccc(CC(=N)O)cc1,37.5,426,3.624340933
CC(C)NCC(O)COc1ccc(CC(=N)O)cc1,36.6,424.5,3.60004824
CC(C)NCC(O)COc1ccc(CC(=N)O)cc1,36.5,427.9,3.597312261
CC(C)NCC(O)COc1ccc(CC(=N)O)cc1,38.7,426.1,3.6558396
CC(C)NCC(O)COc1ccc(CC(=N)O)cc1,35.66,423.4,3.574029612
CCCCCCCc1nc2c(=O)n(C)c(=O)n(C)c2[nH]1,33,472.7,3.496507561
CCCN(CCC)c1c([N+](=O)[O-])cc(S(=O)(=O)N(C)C)cc1[N+](=O)[O-],32.57,413.6,3.483391619
CC(C)(C)c1cccc(C(C)(C)C)c1O,16.57,310.7,2.807593831
CC(C)(C)c1cc(O)c(O)c(C(C)(C)C)c1,24.1,372.8,3.18221184
CC12CC3(C)CC(C)(C1)CC(C)(C2)C3,9.82,337.2,2.284421122
C1CCC2C(C1)CCC1CCCCC12,11.83,283,2.470638678
N#CCCCCCCCCCCCCC#N,40.17,309.6,3.693120448
O=C1CCCCCCC(=O)CCCCCC1,27.53,417.2,3.315276319
CC1(C)CCCC(C)(C)CCC(=O)CC1,16.32,378.2,2.79239135
C=C(C)C(=O)OCCCCCCCCCC,30.55,250.7,3.419364686
O=C(O)CCCCCCCCCCCCC(=O)O,56.9,398,4.041295341
O=C(O)CCCCCCCCCCCCC(=O)O,56.5,397.3,4.034240638
CCCCOC(=O)CCS(=O)(=O)CCC(=O)OCCCC,31.4,344,3.446807893
CCCCCCCCCCCC(O)=NCC(=O)O,48.4,393.1,3.879499814
CCCCCCCC(O)=N[C@@H](CC(C)C)C(=O)O,29.3,398.1,3.377587516
CCCCCCCC(O)=NC(CC(C)C)C(=O)O,27.2,367.1,3.303216973
C1CCCCCCCCCCCCC1,9.3,329.3,2.2300144
CC(C)(C)[C@H]1CC[C@H](C(C)(C)C)CC1,17.15,363.2,2.841998174
CC(C)(C)[C@H]1CC[C@@H](C(C)(C)C)CC1,8.79,293.2,2.173614712
CCCN(CCC)C(=O)C(=O)N(CCC)CCC,21,317.2,3.044522438
N=C(O)CCCCCCCCCCCCC(=N)O,77.45,469.3,4.349632567
CCCCCCCCCCCCC(C)=O,49.12,306.7,3.894266284
CC1(C)OCCCCOC(C)(C)OCCCCO1,30.5,409.4,3.417726684
CCCCCCCCCCCCCNC(=N)O,46,384.6,3.828641396
OCCCCCCCCCCCCCCO,63.5,359.2,4.151039906
OCCCCCCCCCCCCCCO,61.9,360.4,4.12552018
CCCCCCCCCCCOCC(O)CO,43.1,311.7,3.763522997
CCCCSC(SCCCC)[C@H](O)[C@H](O)[C@@H](O)[C@H](C)O,37.9,389.9,3.634951112
CCCCSC(SCCCC)[C@H](O)[C@@H](O)[C@H](O)[C@H](O)CO,50.2,399,3.916015027
CCCCSC(SCCCC)[C@H](O)[C@@H](O)[C@@H](O)[C@H](O)CO,46.4,399.2,3.837299459
CCCCCCCCCCCNCC(O)CO,58.2,348.8,4.063885355
N#Cc1c2ccccc2cc2ccccc12,25.19,445.2,3.22644709
OC1=Nc2ccc(Cl)cc2C(c2ccccc2F)=NC1,30.7,481.2,3.424262655
O=C=Nc1ccc(Cc2ccc(N=C=O)cc2)cc1,27.3,313.6,3.306886702
O=Cc1c2ccccc2cc2ccccc12,17.9,379.4,2.884800713
O=Cc1c2ccccc2cc2ccccc12,17.61,377.2,2.868466923
O=C(O)c1ccc2cc3ccccc3cc2c1,36.9,559.1,3.608211551
O=C(O)c1c2ccccc2cc2ccccc12,34.7,495.6,3.546739687
O=c1c(-c2ccccc2)coc2cc(O)ccc12,24.6,487.3,3.202746443
O=c1c(-c2ccccc2)coc2cc(O)ccc12,30.1,488,3.404525172
CCOc1cc(Oc2ccc(C(F)(F)F)cc2Cl)ccc1[N+](=O)[O-],30.07,358.8,3.403527997
OC1=Nc2ccc(Cl)cc2C(c2ccccc2)=NC1,24.45,494.5,3.196630216
OC1=Nc2ccc(Cl)cc2C(c2ccccc2)=NC1,34,489.9,3.526360525
OC1=Nc2ccc(Cl)cc2C(c2ccccc2)=NC1,27.4,489.2,3.310543013
OC1=Nc2ccc(Cl)cc2C(c2ccccc2)=NC1,33.62,487.4,3.515121128
OC1=Nc2ccc(Cl)cc2C(c2ccccc2)=NC1O,84.11,467.5,4.432125466
CNc1cccc2c1C(=O)c1ccccc1C2=O,28.81,443.2,3.360722549
Cc1cccc2ccc3ccccc3c12,14.04,324.9,2.641910399
CC(C)(c1cc(Br)c(O)c(Br)c1)c1cc(Br)c(O)c(Br)c1,29.1,451.5,3.370738174
c1ccc(-c2nc[nH]c2-c2ccccc2)cc1,32.34,505,3.476304854
N=C(O)N1c2ccccc2C=Cc2ccccc21,29.1,449.2,3.370738174
N=C(O)N1c2ccccc2C=Cc2ccccc21,26.2,465.2,3.265759411
N=C(O)N1c2ccccc2C=Cc2ccccc21,25.6,465.3,3.242592351
N=C(O)N1c2ccccc2C=Cc2ccccc21,26.3,463.7,3.269568939
N=C(O)N1c2ccccc2C=Cc2ccccc21,25.7,464.3,3.246490992
N=C(O)N1c2ccccc2C=Cc2ccccc21,25.52,466.7,3.239462458
N=C(O)N1c2ccccc2C=Cc2ccccc21,26.82,464.4,3.289147878
N=C(O)N1c2ccccc2C=Cc2ccccc21,24.89,464.7,3.214466116
N=C(O)N1c2ccccc2C=Cc2ccccc21,24.5,464.5,3.198673118
OC1=NC(c2ccccc2)(c2ccccc2)C(O)=N1,38.85,576.2,3.659708077
OC1=NC(c2ccccc2)(c2ccccc2)C(O)=N1,38.5,571.2,3.650658241
OC1=NC(c2ccccc2)(c2ccccc2)C(O)=N1,40.1,568.8,3.691376334
OC1=NC(c2ccccc2)(c2ccccc2)C(O)=N1,36.29,574,3.591542221
CN(N=C(O)c1ccccc1C(=N)O)c1ccccc1,21.7,399,3.077312261
N=C(O)N1c2ccccc2CC(=O)c2ccccc21,33.3,491.4,3.505557397
N=C(O)N1c2ccccc2CC(=O)c2ccccc21,26.07,486.2,3.260785228
COc1cc(N)c2c(c1N)C(=O)c1ccccc1C2=O,35.29,515.2,3.563599638
C(=N/Nc1ccc2ccccc2n1)\c1ccccn1,38,475.4,3.63758616
COC(=O)c1nnc(-c2ccccn2)n1-c1ccccc1,24.4,465.2,3.194583132
O=C1c2ccccc2CCc2ccccc21,17.15,305.5,2.841998174
O=C1Cc2ccccc2-c2ccccc2C1,18.16,350.3,2.899221373
Cc1ccccc1C(O)=NC(=O)Nc1ccc(Cl)cc1,35.2,474,3.561046083
Cc1ccc(C(O)=NC(O)=Nc2ccc(Cl)cc2)cc1,38.9,511,3.660994251
Cc1cc(Cl)ccc1NC1=Nc2ccccc2CS1,17.5,495.8,2.862200881
CC(C(c1ccc(Cl)cc1)c1ccc(Cl)cc1)[N+](=O)[O-],21.39,354.3,3.062923523
CC(C(=O)O)c1ccc(-c2ccccc2)c(F)c1,28.2,387.1,3.339321978
CC(C(=O)O)c1ccc(-c2ccccc2)c(F)c1,27.41,388,3.31090791
CC(C(=O)O)c1ccc(-c2ccccc2)c(F)c1,27.8,387,3.325036021
CC(C(=O)O)c1ccc(-c2ccccc2)c(F)c1,28,387.9,3.33220451
CC(C(=O)O)c1ccc(-c2ccccc2)c(F)c1,27.9,386.7,3.328626689
C[C@@H](C(=O)O)c1ccc(-c2ccccc2)c(F)c1,23.3,380.6,3.148453361
Cc1ccc2c(c1)c(=O)c1ccccc1n2C,22.4,426,3.109060959
CCn1c2ccccc2c(=O)c2ccccc21,27.5,434,3.314186005
O=C(c1ccccc1)c1ccc2n1CCC2C(=O)O,28.62,431.2,3.354105774
CN1/C(=C(/O)Nc2ccccn2)C(=O)c2ccccc2S1(=O)=O,35.85,473.7,3.579343567
CN1/C(=C(/O)Nc2ccccn2)C(=O)c2ccccc2S1(=O)=O,34.4,473.4,3.538056564
CN1/C(=C(/O)Nc2ccccn2)C(=O)c2ccccc2S1(=O)=O,35,473.9,3.555348061
CN1/C(=C(/O)Nc2ccccn2)C(=O)c2ccccc2S1(=O)=O,35,474.5,3.555348061
CN1/C(=C(/O)Nc2ccccn2)C(=O)c2ccccc2S1(=O)=O,34.5,473,3.540959324
c1ccc2c(c1)CCc1ccccc1C2,23.33,348,3.149740086
Cc1ccc(NC2=Nc3ccccc3CS2)cc1,19.9,448.4,2.990719732
Cc1ccnc2c1N=C(O)c1cccnc1N2C1CC1,27.03,518.3,3.29694736
Cc1ccnc2c1N=C(O)c1cccnc1N2C1CC1,19.5,515.9,2.970414466
Cc1ccnc2c1N=C(O)c1cccnc1N2C1CC1,22.89,514.3,3.130700134
O=C(Cc1ccccc1)Cc1ccccc1,27,307.2,3.295836866
OC1c2ccccc2CCc2ccccc21,19,365.2,2.944438979
c1ccc(C2(c3ccccc3)OCCO2)cc1,15.9,328.1,2.766319109
O=C(O)C(c1ccccc1)c1ccccc1,33.1,446.1,3.499533282
O=C(O)Cc1ccc(OCc2ccccc2)cc1,29.3,396.1,3.377587516
COc1ccc(C(=O)c2ccc(OC)cc2O)cc1,37.6,390.4,3.62700405
C=CCOc1ccc(OC(=O)c2ccc(OC)s2)cc1,66.94,336.9,4.203796696
COc1ccc(C(=O)c2ccc(OC)cc2O)c(O)c1,33.2,412.3,3.502549876
CN(C)C(=O)Nc1ccc(Oc2ccc(Cl)cc2)cc1,34.87,425.8,3.551626861
CCCOc1ccc(N=Nc2ccc(Cl)cc2)c(O)c1,29.8,371,3.394508394
CCOC(=O)c1cc2c(C)c(Cl)c(C)c(CO)c2oc1=O,25.08,456.4,3.222070716
CCCn1c2ccccc2c2ccccc21,19.57,320.4,2.973997781
CC(C)n1c2ccccc2c2ccccc21,18.26,393.9,2.904712875
CC(C)n1c2ccccc2c2ccccc21,17.73,395.2,2.87525812
CN=C(O)C(c1ccccc1)c1ccccc1,30.23,439.8,3.408834809
CC(O)=Nc1cccc(-c2ccc(C)cc2)c1,29,422.4,3.36729583
CC(O)=Nc1ccc(-c2ccc(C)cc2)cc1,28.9,498.3,3.363841595
COc1ccc(N=Cc2ccc(O)c(OC)c2)cc1,18.53,408,2.91939104
COc1ccc(C(O)(c2cncnc2)C2CC2)cc1,26.63,383.1,3.2820384
COc1cccc(N=C(O)Nc2cccc(OC)c2)c1,36.76,443.2,3.604410297
CCCOC(=O)N1c2ccc(OC)cc2C=CC1C#N,15.6,339.9,2.747270914
CC(C)(c1ccc(O)cc1)c1ccc(O)cc1,31.6,431.2,3.453157121
CC(C)(c1ccc(O)cc1)c1ccc(O)cc1,30.1,433,3.404525172
COC(OC)(c1ccccc1)c1ccccc1,27.8,380,3.325036021
COC(=O)C(C)c1ccc2cc(OC)ccc2c1,28.1,367.7,3.335769576
CC(C)(Sc1ccccc1)Sc1ccccc1,24.4,329,3.194583132
CCCCCCCC(=O)Oc1c(Br)cc(C#N)cc1Br,26.49,318.3,3.276767303
CCCCC(C#N)(Cn1cncn1)c1ccc(Cl)cc1,30.93,348.8,3.431726587
Cc1cccc(S(=O)(=O)Nc2c(C)cccc2C)c1,15.91,394,2.766947842
Cc1cccc(S(=O)(=O)Nc2c(C)cccc2C)c1,25.79,397.5,3.24998682
CC(C)Oc1cc(-n2nc(C(C)(C)C)oc2=O)c(Cl)cc1Cl,26.39,360.6,3.272985151
C/C=C1\C2C=C(C)CC1(N)c1ccc(O)nc1C2,19.5,505.6,2.970414466
C/C=C1\C2C=C(C)CC1(N)c1ccc(O)nc1C2,22.3,497.8,3.104586678
CCC(C)c1cc([N+](=O)[O-])cc([N+](=O)[O-])c1OC(=O)C=C(C)C,18.89,341.3,2.938632682
O=c1c2cccc3ccc4cccc1c4c32,16.3,443.9,2.791165108
CCCCCCCCOC(=O)c1c([N+](=O)[O-])cc([N+](=O)[O-])cc1[N+](=O)[O-],29.16,396.7,3.372797907
CC(=O)c1ccc(S(=O)(=O)NC(O)=NC2CCCCC2)cc1,41.08,457,3.715521385
c1ccc(NC2=NCCC3(CCCCC3)S2)cc1,21.6,386.5,3.072693315
CCc1ccc(N=C2SCC3CCCN2C3)cc1,16.4,394.6,2.797281335
Cc1cn(CCCCCn2cc(C)c(O)nc2=O)c(=O)nc1O,32.03,524,3.466672964
CCOC(=O)C1(c2ccccc2)CCN(C)CC1,24.6,308.2,3.202746443
COCC(=O)N(c1c(C)cccc1C)C(C)C(=O)OC,26.46,345.5,3.275634159
Cc1ccc(S(=O)(=O)NC(O)=NN2CC3CCCC3C2)cc1,44.2,444.6,3.788724789
CCc1cccc(C)c1N(C(=O)CCl)C(C)COC,17,299,2.833213344
N=C(O)OCCCCCCCC(O)c1ccc([N+](=O)[O-])cc1,44.07,386.9,3.785779279
CCCCCCCCOc1cccc(C(=O)O)c1,33.12,347.1,3.50013733
CC(C)(C)c1cc(C(=O)O)c(O)c(C(C)(C)C)c1,22.92,437.5,3.132009892
C[C@@H]1CC[C@H]2[C@@H](C)C(=O)O[C@@H]3O[C@@]4(C)CC[C@@H]1[C@]32OO4,21,424.6,3.044522438
C[C@@H]1CC[C@H]2[C@@H](C)C(=O)O[C@@H]3O[C@@]4(C)CC[C@@H]1[C@]32OO4,19.9,427.1,2.990719732
C[C@@H]1CC[C@H]2[C@@H](C)C(=O)O[C@@H]3O[C@@]4(C)CC[C@@H]1[C@]32OO4,22.8,428.2,3.126760536
C[C@@H]1CC[C@H]2[C@@H](C)C(=O)O[C@@H]3O[C@@]4(C)CC[C@@H]1[C@]32OO4,23.41,428.1,3.153163282
C=CCc1ccccc1OCC(O)CNC(C)C,23.78,298.5,3.168844891
C=CCc1ccccc1OCC(O)CNC(C)C,35.61,331.2,3.572626497
CCN1CCCC1CN=C(O)c1cc(S(N)(=O)=O)ccc1OC,42.01,459.5,3.737907685
CCCCNc1ccc(C(=O)OCCN(C)C)c(O)c1,26.8,319.4,3.288401888
Cc1cc(C(C)(C)C)c(O)c(C(C)(C)C)c1,19.08,345,2.948640666
Cc1cc(C(C)(C)C)c(O)c(C(C)(C)C)c1,19.85,341.7,2.988204007
Cc1cc(C(C)(C)C)c(O)c(C(C)(C)C)c1,23.85,343.7,3.171784217
COc1cc(C(C)(C)C)c(O)cc1C(C)(C)C,26.9,374.4,3.292126287
O=C1CCCCCCCCCCCCCCO1,7,309.5,1.945910149
O=C1CCCCCCCCCCCCCCO1,6.99,308.5,1.944480556
CCCCCCCCCCC1CCCC1,33.14,251,3.500741012
C1CCCCCCCCCCCCCC1,8.5,336.6,2.140066163
CCCCCCCCCCCCCC(C)=O,54.39,312.2,3.996180313
CCCCCCCCCCCCCCNC(=N)O,50.9,387.4,3.929862924
CCCCCCCCCCCCOCC(O)CO,51.4,323,3.939638172
CCCCCCCCCCCCNCC(O)CO,62.1,351.9,4.128745989
O=C1OC(=O)c2cc(Oc3ccc4c(c3)C(=O)OC4=O)ccc21,35.77,501.75,3.577109553
Clc1ccc2ccc3cccc4ccc1c2c34,11.6,393.3,2.451005098
O=[N+]([O-])c1ccc2ccc3cccc4ccc1c2c34,18.9,425.9,2.939161922
O=[N+]([O-])c1ccc2c3c(cccc13)-c1ccccc1-2,22.6,435,3.117949906
c1ccc2c(c1)-c1cccc3cccc-2c13,19.4,382.5,2.965273066
c1ccc2c(c1)-c1cccc3cccc-2c13,18.87,381,2.937573359
c1ccc2c(c1)-c1cccc3cccc-2c13,18.74,383.4,2.930660277
c1cc2ccc3cccc4ccc(c1)c2c34,17.4,423.9,2.856470206
c1cc2ccc3cccc4ccc(c1)c2c34,16.18,424,2.783775912
c1cc2ccc3cccc4ccc(c1)c2c34,17.4,422.2,2.856470206
c1cc2ccc3cccc4ccc(c1)c2c34,16.7,422.4,2.815408719
c1cc2ccc3cccc4ccc(c1)c2c34,17.28,425.4,2.849549763
c1cc2ccc3cccc4ccc(c1)c2c34,17.36,423.8,2.854168709
c1ccc2c(c1)ccc1c3ccccc3oc21,13.7,315.9,2.617395833
c1ccc2c(c1)ccc1c3ccccc3oc21,20.9,373.7,3.039749159
c1ccc2c(c1)ccc1sc3ccccc3c12,19,375.5,2.944438979
N#CC1c2ccccc2C=Cc2ccccc21,13.9,374.2,2.63188884
N#CC1C=Cc2ccccc2N1C(=O)c1cccnc1,31.01,412.5,3.434309733
c1ccc(-c2cccc3ccccc23)cc1,15.55,297.5,2.744060639
c1ccc(-c2ccc3ccccc3c2)cc1,22.62,374.8,3.118834471
c1ccc(-c2ccc3ccccc3c2)cc1,17.9,373.5,2.884800713
N#CC1=C(N)Cc2ccccc2-c2ccccc21,14.86,374.1,2.698673039
C1=C(c2ccccc2)SC(c2ccccc2)=CS1,20.9,336.6,3.039749159
C1=C(c2ccccc2)SC(c2ccccc2)=CS1,24.6,350.7,3.202746443
CN1C(=O)CN=C(c2ccccc2)c2cc(Cl)ccc21,26.12,404.1,3.262701304
CN1C(=O)CN=C(c2ccccc2)c2cc(Cl)ccc21,24.7,404.8,3.206803244
CN1C(=O)CN=C(c2ccccc2)c2cc(Cl)ccc21,25.49,403.6,3.238286218
CN1C(=O)C(O)N=C(c2ccccc2)c2cc(Cl)ccc21,27.97,433.9,3.331132507
CN1C(=O)C(O)N=C(c2ccccc2)c2cc(Cl)ccc21,26.46,432.5,3.275634159
CN1C(=O)C(O)N=C(c2ccccc2)c2cc(Cl)ccc21,20.75,411.7,3.032546247
CN1C(=O)C(O)N=C(c2ccccc2)c2cc(Cl)ccc21,27.4,432.6,3.310543013
CCOc1ccc(C#Cc2ccc([N+](=O)[O-])cc2)cc1,26.02,388.1,3.258865473
CC(=O)Oc1ccccc1C(=O)Oc1cccc(CO[N+](=O)[O-])c1,33.79,335.2,3.520164901
CC(=O)Oc1ccccc1C(=O)Oc1cccc(CO[N+](=O)[O-])c1,26.83,328.5,3.289520664
c1cc2c3c(c1)CCc1cccc(c1-3)CC2,17.09,412.8,2.838493497
COC(=O)C(C)Oc1ccc(Oc2ccc(Cl)cc2Cl)cc1,27.08,314.4,3.298795448
Cn1nc(-c2ccccc2)cc1-c1ccccc1,17.46,332.9,2.85991255
CC(=O)c1ccc(NC2=Nc3ccccc3CS2)cc1,16.1,436.2,2.778819272
Cc1onc(-c2ccccc2)c1-c1ccc(S(N)(=O)=O)cc1,30.35,446.4,3.412796518
C/C(=N\Nc1ccc2ccccc2n1)c1ccccn1,31,416.6,3.433987204
O=C(CCC(=O)c1ccccc1)c1ccccc1,38.99,418.6,3.663305203
C[C@H](C(=O)O)c1cccc(C(=O)c2ccccc2)c1,22.78,348.6,3.125882958
COC(=O)[C@@H]1c2cccc3cccc(c23)[C@H]1C(=O)OC,27.61,388.7,3.318178026
COC(=O)c1ccc2cccc3c2c1CC3C(=O)OC,23.01,371.2,3.135928904
COC(=O)c1ccc2c3c(cccc13)C(C(=O)OC)C2,28.87,386.7,3.362802994
COC(=O)c1cc2ccccc2c(C(=O)OC)c1C(=O)OC,23.7,362.7,3.165475048
COC(=O)c1cc(C(=O)OC)c2ccccc2c1C(=O)OC,32.1,393.7,3.46885603
COC(=O)c1ccc2c(C(=O)OC)cccc2c1C(=O)OC,25.5,363,3.238678452
COC(=O)c1ccc2c(C(=O)OC)c(C(=O)OC)ccc2c1,35.9,416.7,3.580737295
COC(=O)c1ccc2ccc(C(=O)OC)c(C(=O)OC)c2c1,36.1,427.2,3.586292865
COC(=O)c1ccc2cccc(C(=O)OC)c2c1C(=O)OC,24.8,366.7,3.210843653
COC(=O)c1cc(C(=O)OC)c2cccc(C(=O)OC)c2c1,25.9,402.7,3.254242969
COC(=O)c1ccc2c(C(=O)OC)cc(C(=O)OC)cc2c1,37.4,469.7,3.621670704
COC(=O)c1cc(C(=O)OC)c2cc(C(=O)OC)ccc2c1,37.2,446.7,3.616308761
COC(=O)c1cc(C(=O)OC)c2c(C(=O)OC)cccc2c1,27.7,388.2,3.321432413
COC(=O)c1ccc(C(=O)OC)c2c(C(=O)OC)cccc12,26.5,402.2,3.277144733
COC(=O)c1ccc2c(C(=O)OC)ccc(C(=O)OC)c2c1,30.2,409.2,3.407841924
COC(=O)c1cc2cccc(C(=O)OC)c2cc1C(=O)OC,41,401.7,3.713572067
COC(=O)c1ccc2cc(C(=O)OC)c(C(=O)OC)cc2c1,34.4,399.2,3.538056564
COc1ccc([C@@H]2CC(=O)c3c(O)cc(O)cc3O2)cc1O,35.9,499.2,3.580737295
C=CCCOc1ccc(-c2ccc(Br)cc2)cc1,15.8,396.8,2.76000994
CCc1ccccc1C(O)=NC(=O)Nc1ccc(Cl)cc1,23.9,436,3.173878459
CCC(C(c1ccc(Cl)cc1)c1ccc(Cl)cc1)[N+](=O)[O-],15.41,330.3,2.735016649
COc1ccc(C(c2ccccc2OC)C(Cl)(Cl)Cl)cc1,22.45,347.6,3.111290614
COc1ccc(C(c2ccc(OC)cc2)C(Cl)(Cl)Cl)cc1,27.48,360.6,3.313458467
CCCc1ccc(-c2ccc(C#N)cc2)cc1,22.7,338.8,3.122364924
CCCc1ccc(-c2ccc(C#N)cc2)cc1,19.9,338.4,2.990719732
CCCc1ccc(-c2ccc(C#N)cc2)cc1,16.7,326.3,2.815408719
CCOc1ccc(C(=O)Cc2ccc([N+](=O)[O-])cc2)cc1,28.2,390.3,3.339321978
c1cc2c3c(ccc4c3c1CCC4)CCC2,18.09,407.7,2.895359299
c1cc2cc(c1)CCc1ccc(cc1)CC2,12.76,354,2.546315278
C=C(c1ccc(C)cc1)c1ccc(C)cc1,23.31,334.1,3.148882453
O=C1C=CC=C/C1=C/NCCN/C=C1/C=CC=CC1=O,34.09,397.9,3.529004086
COc1ccc(/C=N/N=C/c2ccc(OC)cc2)cc1,29.75,442,3.392829132
CCOC(O)=Nc1cccc(OC(O)=Nc2ccccc2)c1,32.75,394.1,3.488902962
Cc1nc(-c2ccc(OCC(C)C)c(C#N)c2)sc1C(=O)O,27.59,486.5,3.317453388
Cc1nc(-c2ccc(OCC(C)C)c(C#N)c2)sc1C(=O)O,32.37,481.5,3.477232068
Cc1nc(-c2ccc(OCC(C)C)c(C#N)c2)sc1C(=O)O,31.04,477,3.435276695
COC(O)=Nc1cccc(OC(O)=Nc2cccc(C)c2)c1,39.62,423.8,3.679334041
OC[C@@H]1c2ccccc2-c2ccccc2[C@H]1CO,30.3,450.8,3.411147713
COC(OC)(C(=O)c1ccccc1)c1ccccc1,20.86,338.5,3.03783345
COC(=O)c1cc(C(=O)OC)c(C(=O)OC)c(C(=O)OC)c1C(=O)OC,38,424.7,3.63758616
O=[N+]([O-])c1ccc(N=Nc2ccc(N(CCO)CCO)cc2Cl)cc1,29.78,463.2,3.393837027
CC(F)(Cc1ccccc1)Cc1ccccc1,29.7,332.7,3.391147046
CCCCn1c2ccccc2c2ccccc21,22.8,330.6,3.126760536
CN(C)C(=O)C(c1ccccc1)c1ccccc1,25.43,407.1,3.235929579
CC(C)(C)c1ccc(-c2ccccc2)cc1,19.87,324.7,2.989211057
COc1ccc2c(c1)C=CC(C#N)N2C(=O)OCC(C)C,24.45,346.4,3.196630216
O=[N+]([O-])c1ccc(N=Nc2ccc(N(CCO)CCO)cc2)cc1,32.43,484.2,3.47908392
CCOC(=O)C(C)c1ccc2cc(OC)ccc2c1,27.1,355.5,3.299533728
COc1ccc2cc(C(C)C(=O)OCCO)ccc2c1,27.6,337.9,3.317815773
FC(F)(F)c1ccc(NC2=NCCC3(CCCCC3)S2)cc1,32.8,422.8,3.490428515
CCCCOc1ccc(-c2ccc(C)cn2)cc1,33,363,3.496507561
CCN(CC)c1ccc(N=Nc2ccccc2)cc1,25.7,371,3.246490992
OCCN(CCO)c1ccc(N=Nc2ccccc2)cc1,29.96,407,3.399863159
CC(C)c1ccc2cc(C(C)C)ccc2c1,18.84,343,2.935982269
O=S(=O)(NC12CC3CC(CC(C3)C1)C2)c1ccc(Cl)cc1,25.3,459.9,3.230804396
O=S(=O)(NC12CC3CC(CC(C3)C1)C2)c1ccc(F)cc1,18.8,419.3,2.93385687
N#CC(C1CC1)(C1CC1)C(C#N)(C1CC1)C1CC1,22.3,390,3.104586678
CC1(C(=O)O)CCC(C(=O)c2ccccc2)C1(C)C,20.35,387.6,3.013080912
CC(C)NC[C@H](O)COc1cccc2ccccc12,36.25,344.7,3.590439381
CC(C)NC[C@H](O)COc1cccc2ccccc12,34.2,344.6,3.532225644
CC(C)NCC(O)COc1cccc2ccccc12,38.1,365.2,3.640214282
CCOC(=O)CN(C(=O)CCl)c1c(CC)cccc1CC,23.84,318,3.171364842
COCCOc1c(OC)cc(Cc2c[nH]c(=N)[nH]c2=N)cc1OC,46.36,423.3,3.836437018
Cc1cc(C)c(C=NC2CCCCC2)c(C)c1,25.61,339.4,3.2429829
CCN(CC)C(C#N)c1ccc(C(C)(C)C)cc1,24.39,327.2,3.194173212
CCN1CCCCC1C(O)=Nc1c(C)cccc1C,19.9,408.2,2.990719732
CCN(CC)C(=S)c1ccccc1C(=O)N(C)C,28.79,353.5,3.360028105
CCCCCCCCCOC(=O)Nc1ccc([N+](=O)[O-])cc1,37,378.6,3.610917913
CCN(CC)C(=S)c1ccccc1C(=S)N(CC)CC,23.39,388.4,3.152308581
CN(C)N1CN(N(C)C)CN(N(C)CCc2ccccc2)C1,20.04,334.2,2.997730276
CCCCCOC1=CC(=O)C(OCCCCC)=CC1=O,36.5,414.6,3.597312261
CCCCCCCCCOC(O)=Nc1ccccc1,28.07,327,3.33470139
CCCCCCCCCCCCOC(=O)/C=C\C(=O)[O-],52,324.5,3.951243719
O=C1CCCCCCCCCCCCCCCO1,7.7,309.2,2.041220329
O=C(O)CCCCCCCCCCCCCCC(=O)O,60.1,396.4,4.096009842
O=C(O)CCCCCCCCCCCCCCC(=O)O,52.2,395.4,3.955082495
CCCCCCCCCCCCOC(=O)CCC(=O)[O-],53.1,319,3.972176928
CCCCCCCCCCCCCC(O)=NCC(=O)O,47.4,396.6,3.858622229
CCCCCCCCCC(O)=NC(CC(C)C)C(=O)O,28.9,357.1,3.363841595
CCCCCCCCCCC1CCCCC1,38.62,271.4,3.653770277
C=CCCCCCCCCCCCCCC,30.21,277.5,3.408172995
C1CCCCCCCCCCCCCCC1,7.6,333.7,2.028148247
C1CCCCCCCCCCCCCCC1,4.18,332.2,1.430311247
CC1(C)CCOCOCCC(C)(C)CCOCOCC1,29.71,358.6,3.391483689
CC1(C)OCCCCCOC(C)(C)OCCCCCO1,25.94,371.3,3.255786179
C1COCCOCCOCCOCCOCCOCCOCCO1,34.5,292.2,3.540959324
CCCCCCCCCCCCCCCCI,46.2,295.4,3.832979798
CCCCCCCCCCCCCCCC(=N)O,45.4,376,3.815512105
CCCCCCCCCCCC(O)=NCCCC,39,322.1,3.663561646
CCCCCCCCCCCCCCCC,53.2,290.9,3.974058396
CCCCCCCCCCCCCCCC,57.7,291.4,4.055257174
CCCCCCCCCCCCCCCC,53.25,290.6,3.974997805
CCCCCCCCCCCCCCCC,53,290.7,3.970291914
CCCCCCCCCCCCCCCC,53.35,291.3,3.976873978
CCCCCCCCCCCCCCCC,51.54,291.1,3.942358205
OCCCCCCCCCCCCCCCCO,64.2,365.4,4.162003211
CCCCCCCCCCCCCOCC(O)CO,51.4,324.2,3.939638172
CCCCCSC(SCCCCC)[C@H](O)[C@H](O)[C@@H](O)[C@H](C)O,46.5,388.2,3.839452313
CCCCCSC(SCCCCC)[C@H](O)[C@@H](O)[C@H](O)[C@H](O)CO,49.1,389,3.893859035
CCCCCSC(SCCCCC)[C@H](O)[C@@H](O)[C@@H](O)[C@H](O)CO,41.1,392.1,3.716008122
CCCCCCCCCCCCCNCC(O)CO,68.7,354.9,4.229749199
O=C1c2ccccc2-c2cccc3cccc1c23,26.36,446.8,3.27184771
O=C1C=CC=c2ccc3c(c21)C=c1ccccc1=3,15.6,406.9,2.747270914
O=Cc1ccc2ccc3cccc4ccc1c2c34,11,399.9,2.397895273
c1ccc2nc3ccc4ccccc4c3cc2c1,21.9,402.8,3.086486637
c1ccc2nc3c(ccc4ccccc43)cc2c1,20.3,381.4,3.010620886
c1ccc2c(c1)Cc1c-2ccc2ccccc12,18.4,462.8,2.912350665
c1ccc2c(c1)Cc1cc3ccccc3cc1-2,23.4,489.7,3.152736022
N#CC1C=Cc2ccccc2N1C(=O)Oc1ccccc1,31.52,399,3.450622265
C#Cc1ccc(COc2ccc(C#C)cc2)cc1,21.2,371.2,3.054001182
O=C(c1ccccc1)c1ccc(O)c2ccccc12,28.64,440.6,3.354804342
O=C(c1ccccc1)c1c(O)ccc2ccccc12,31.35,414.1,3.445214267
O=C(c1ccccc1)c1ccc2ccccc2c1O,20.18,343.9,3.004692015
O=C(Oc1cccc2ccccc12)c1ccccc1,16.98,329.2,2.832036181
O=C(Oc1ccc2ccccc2c1)c1ccccc1,26.23,381.2,3.266903794
Cc1nnc2n1-c1ccc(Cl)cc1C(c1ccccc1)=NC2,32,501.8,3.465735903
Cc1nnc2n1-c1ccc(Cl)cc1C(c1ccccc1)=NC2,30.68,500.2,3.423610976
CC(C)(c1ccc(OC#N)cc1)c1ccc(OC#N)cc1,26.69,355.8,3.284288963
COC(=O)C=C1NN=C(c2ccccn2)N(c2ccccc2)C1=O,21.6,420.6,3.072693315
CS(=O)(=O)c1ccc(C2=C(c3ccccc3)C(=O)OC2)cc1,11.98,482.1,2.483238593
CC(=O)CC(c1ccco1)c1c(O)c2ccccc2oc1=O,33.88,391.8,3.52282487
CC(C(=O)O)c1ccc(N2Cc3ccccc3C2=O)cc1,36.04,485,3.584629433
CC(C(=O)O)c1ccc(N2Cc3ccccc3C2=O)cc1,40.3,484.6,3.696351469
C=CCCCOc1ccc(OC(=O)c2ccc(C#N)s2)cc1,72.8,337.6,4.287715955
CC(C)OC(=O)C(O)(c1ccc(Br)cc1)c1ccc(Br)cc1,24.55,348.1,3.200711854
CC(=O)OC(OC(C)=O)(c1ccccc1)c1ccccc1,27.32,392.9,3.307619035
COc1cc(OC)c2c(c1Cl)O[C@]1(C2=O)C(OC)CC(=O)C[C@H]1C,39.3,489.5,3.671224519
COc1cc(OC)c2c(c1Cl)O[C@]1(C2=O)C(OC)CC(=O)C[C@H]1C,42.3,493.2,3.744787086
COc1cc(OC)c2c(c1Cl)O[C@]1(C2=O)C(OC)CC(=O)C[C@H]1C,35.6,478.2,3.572345638
COc1cc(OC)c2c(c1Cl)O[C@]1(C2=O)C(OC)CC(=O)C[C@H]1C,37.8,494.2,3.632309103
COc1cc(OC)c2c(c1Cl)O[C@]1(C2=O)C(OC)CC(=O)C[C@H]1C,36.7,489.9,3.602776755
COc1cc(OC)c2c(c1Cl)O[C@]1(C2=O)C(OC)CC(=O)C[C@H]1C,44.7,491.2,3.799973502
COc1cc(OC)c2c(c1Cl)O[C@]1(C2=O)C(OC)CC(=O)C[C@H]1C,41.2,493,3.718438256
COc1cc(OC)c2c(c1Cl)O[C@]1(C2=O)C(OC)CC(=O)C[C@H]1C,39.39,495.2,3.673511977
CC(O)=Nc1cc(NCC(C)O)c(Cl)cc1N=Nc1ccc([N+](=O)[O-])cc1Cl,38.87,471.2,3.660222745
CCCOc1ccc(C(=O)Cc2ccc([N+](=O)[O-])cc2)cc1,31.97,372.4,3.464797963
O=C(O)[C@H](Cc1ccccc1)N=C(O)OCc1ccccc1,31.77,358.8,3.458522448
O=C(O)[C@H](Cc1ccccc1)N=C(O)OCc1ccccc1,27.3,359.1,3.306886702
CC(C)=CCOc1cc(N=C(S)c2ccoc2C)ccc1Cl,36.94,400.8,3.609294975
COc1ccc(C(O)=NC(S)=NCc2cccc(OC)c2)cc1,31.02,389.2,3.434632158
CCN(C(=O)N(CC)c1ccc([N+](=O)[O-])cc1)c1ccc([N+](=O)[O-])cc1,35.6,420.5,3.572345638
CCOc1ccc(C(=O)c2ccc(OCC)cc2O)cc1,34.7,373.6,3.546739687
COc1ccc2cc(C(C)C(=O)OCC(C)=O)ccc2c1,32.4,355.2,3.478158423
C=CCCCOc1ccc(OC(=O)c2ccc(OC)s2)cc1,74.48,333.7,4.310530633
O=C(/C=C/C=C/c1ccc2c(c1)OCO2)N1CCCCC1,31.38,405.7,3.446170747
O=C(/C=C/C=C/c1ccc2c(c1)OCO2)N1CCCCC1,25.1,401.2,3.222867846
O=C(/C=C/C=C/c1ccc2c(c1)OCO2)N1CCCCC1,24.69,389.7,3.206398303
CCOC(O)=NCCOc1ccc(Oc2ccccc2)cc1,28.46,326.7,3.348499593
COc1cccc(CN=C(S)NCc2cccc(OC)c2)c1,33.22,354.7,3.503152104
CCOC(OCC)(c1ccccc1)c1ccccc1,19.9,323.2,2.990719732
CCCOC(=O)C(C)c1ccc2cc(OC)ccc2c1,25.3,327.1,3.230804396
COc1ccc2cc(C(C)C(=O)OC(C)C)ccc2c1,26,338.3,3.258096538
COc1ccc2cc(C(C)C(=O)OCC(C)O)ccc2c1,26.6,341.5,3.280911216
COc1ccc2cc(C(C)C(=O)OCC(O)CO)ccc2c1,29,343.9,3.36729583
COc1ccc(C(=O)C2CCC(C)(C(=O)O)C2(C)C)cc1Cl,29.1,440.2,3.370738174
CCN(CC)C(=O)C(C)Oc1cccc2ccccc12,24.57,345.3,3.201526187
CN1CC[C@]23c4c5ccc(O)c4O[C@H]2[C@@H](O)CC[C@H]3[C@H]1C5,35.61,539.2,3.572626497
COc1ccc(C(=O)C2CCC(C)(C(=O)O)C2(C)C)cc1[N+](=O)[O-],32.36,426.9,3.476923092
Cc1cc(N(CCO)CCO)ccc1N=Nc1ccccc1,31.9,384.2,3.46260601
CC(=O)c1ccc(NC2=NCCC3(CCCCC3)S2)cc1,32.5,436.6,3.481240089
Cc1ccc(C(=O)C2CCC(C)(C(=O)O)C2(C)C)cc1,30.07,468.2,3.403527997
CSc1ccc(C(=O)[C@H]2CC[C@@](C)(C(=O)O)C2(C)C)cc1,23.56,393.7,3.159550359
Cc1ccc(S(=O)(=O)NC23CC4CC(CC(C4)C2)C3)cc1,25.9,437.8,3.254242969
COc1ccc(C(=O)C2CCC(C)(C(=O)O)C2(C)C)cc1N,41.32,498.6,3.721346644
CCCCCCCCCCOc1cccc(C(=O)O)c1,33.88,345.1,3.52282487
COc1ccc(C(CN(C)C)C2(O)CCCCC2)cc1,27.2,348.1,3.303216973
COc1ccc(C(CN(C)C)C2(O)CCCCC2)cc1,26.4,349.7,3.27336401
COc1ccc(C(CN(C)C)C2(O)CCCCC2)cc1,24.4,351.3,3.194583132
CCCCCCCCCCN=C(O)Nc1ccc([N+](=O)[O-])cc1,37.92,390.6,3.635478677
CCCCCCCCN=C(S)NCc1cccc(OC)c1,37.94,350.7,3.636005965
C=C(CC(=O)[O-])C(=O)OCCCCCCCCCCCC,57.2,347.8,4.046553898
CCCCCCCCCCCCNC(C(=O)O)C(C)C,64.4,364.6,4.165113633
CCCCCCCCCCCCCC(O)=N[C@@H](C)C(=O)O,52.3,367.1,3.956996371
CCCCCCCCC(=O)CCCCCCCC,66.68,323.9,4.199905058
CCCCCCCCCCCCCC(O)CCC,35.7,311.5,3.575150689
CCCCCCCCCCCC(O)CCCCC,49,315.8,3.891820298
CCCCCCCCC(O)CCCCCCCC,43.2,330.2,3.765840495
CCCCCCCCCCCCCCOCC(O)CO,62.1,331.3,4.128745989
CCCCCCCCCCCCCCNCC(O)CO,64.9,356.2,4.172847624
c1cc2c3c(c1)ccc1ccc4cccc-2c4c13,11.8,424,2.468099531
Brc1cc2c3ccccc3c(Br)cc2c2ccccc12,23.81,543.2,3.17010566
Brc1c2ccccc2cc2c1ccc1ccccc12,23.64,425.7,3.162940193
O=[N+]([O-])c1cc2c3ccccc3ccc2c2ccccc12,28.4,486.6,3.346389145
O=C1c2ccccc2C(=O)C1c1nc2ccccc2cc1O,30.89,539.2,3.430432507
c1ccc2cc3c(ccc4ccccc43)cc2c1,20.1,433.5,3.000719815
c1ccc2cc3c(ccc4ccccc43)cc2c1,23.49,434.3,3.156574799
c1ccc2cc3c(ccc4ccccc43)cc2c1,22.3,431.2,3.104586678
c1ccc2c(c1)c1ccccc1c1ccccc21,23,471.2,3.135494216
c1ccc2c(c1)c1ccccc1c1ccccc21,24.19,471.1,3.185939325
c1ccc2c(c1)c1ccccc1c1ccccc21,24.74,471,3.208421367
c1ccc2c(c1)ccc1ccc3ccccc3c12,15.5,339.2,2.740840024
c1ccc2c(c1)ccc1ccc3ccccc3c12,16.32,334.7,2.79239135
Cc1coc2c1C(=O)C(=O)c1c-2ccc2c(C)cccc12,22.09,495.4,3.095125017
COc1ccc2c(c1)C=CC(C#N)N2C(=O)Oc1ccc(Cl)cc1,22.35,374.2,3.106826321
c1ccc(-c2ccccc2-c2ccccc2)cc1,17,329.4,2.833213344
c1ccc(-c2ccccc2-c2ccccc2)cc1,16.9,327.8,2.827313622
c1ccc(-c2ccccc2-c2ccccc2)cc1,17.2,328.4,2.844909384
c1ccc(-c2cccc(-c3ccccc3)c2)cc1,25.5,361.8,3.238678452
c1ccc(-c2cccc(-c3ccccc3)c2)cc1,31,361.2,3.433987204
c1ccc(-c2cccc(-c3ccccc3)c2)cc1,22.59,360,3.11750733
c1ccc(-c2ccc(-c3ccccc3)cc2)cc1,32.9,490.9,3.493472658
c1ccc(-c2ccc(-c3ccccc3)cc2)cc1,35.3,482.4,3.563882964
c1ccc(-c2ccc(-c3ccccc3)cc2)cc1,35.3,487,3.563882964
c1ccc(-c2ccc(-c3ccccc3)cc2)cc1,41.6,493.1,3.728100167
c1ccc(-c2ccc(-c3ccccc3)cc2)cc1,35.5,486.3,3.569532696
Clc1ccc(COC(Cn2ccnc2)c2ccc(Cl)cc2Cl)c(Cl)c1,32.77,359,3.489513463
CC(O)(CS(=O)(=O)c1ccc(F)cc1)C(O)=Nc1ccc(C#N)c(C(F)(F)F)c1,49.5,465.5,3.90197267
CC(O)(CS(=O)(=O)c1ccc(F)cc1)C(O)=Nc1ccc(C#N)c(C(F)(F)F)c1,53.8,469.2,3.985273467
CC(O)(CS(=O)(=O)c1ccc(F)cc1)C(O)=Nc1ccc(C#N)c(C(F)(F)F)c1,48.3,466.4,3.877431561
CC(O)(CS(=O)(=O)c1ccc(F)cc1)C(O)=Nc1ccc(C#N)c(C(F)(F)F)c1,42.9,463.8,3.758871826
CC(O)(CS(=O)(=O)c1ccc(F)cc1)C(O)=Nc1ccc(C#N)c(C(F)(F)F)c1,47.77,465.2,3.866397827
CC(O)(CS(=O)(=O)c1ccc(F)cc1)C(O)=Nc1ccc(C#N)c(C(F)(F)F)c1,43.04,462.2,3.762129916
CC(O)(CS(=O)(=O)c1ccc(F)cc1)C(O)=Nc1ccc(C#N)c(C(F)(F)F)c1,46.7,468.2,3.843744165
COc1ccc2c(c1)C=CC(C#N)N2C(=O)c1ccccc1,23.11,396,3.140265424
COc1ccc2c(c1)C=CC(C#N)N2C(=O)Oc1ccccc1,22.88,384,3.130263167
O=C(C=Cc1ccccc1)OC(=O)C=Cc1ccccc1,32.77,321.2,3.489513463
Cc1cccc2c3c(ccc12)C1=C(C(=O)C3=O)C(C)CO1,22.22,490.3,3.100992784
Cc1ccc(-c2ncc(Cl)cc2-c2ccc(S(C)(=O)=O)cc2)cn1,25.91,408.3,3.254628995
Cc1ccc(-c2ncc(Cl)cc2-c2ccc(S(C)(=O)=O)cc2)cn1,32.3,413.1,3.47506723
Cc1ccc(-c2ncc(Cl)cc2-c2ccc(S(C)(=O)=O)cc2)cn1,30.43,407.1,3.415428964
c1ccc(N(c2ccccc2)c2ccccc2)cc1,24.89,400.2,3.214466116
O=P(c1ccccc1)(c1ccccc1)c1ccccc1,23.4,429.6,3.152736022
O=P(c1ccccc1)(c1ccccc1)c1ccccc1,24.22,431.9,3.187178738
O=P(c1ccccc1)(c1ccccc1)c1ccccc1,23.8,429,3.169685581
c1ccc(P(c2ccccc2)c2ccccc2)cc1,19.69,354.4,2.980110893
c1ccc(P(c2ccccc2)c2ccccc2)cc1,19.2,353,2.954910279
CCCCc1ccc(C(=O)Oc2ccc(C#N)c(F)c2)cc1,22.22,288.4,3.100992784
CC(C)(C)c1ccc2c(c1)C(=O)c1ccccc1C2=O,19.12,376.2,2.950734908
C1=C(c2ccccc2)CC2(c3ccccc3)OOCOC12,21.7,371.2,3.077312261
COC(=O)c1c(C(=O)OC)c(C(=O)OC)c2ccccc2c1C(=O)OC,35.9,423.7,3.580737295
COC(=O)c1cc(C(=O)OC)c2c(C(=O)OC)cccc2c1C(=O)OC,36.4,438.2,3.594568775
COC(=O)c1ccc2c(C(=O)OC)c(C(=O)OC)ccc2c1C(=O)OC,42.1,470.2,3.740047741
COC(=O)c1cc2ccc(C(=O)OC)c(C(=O)OC)c2cc1C(=O)OC,34.2,407.2,3.532225644
COC(=O)c1cc2cc(C(=O)OC)c(C(=O)OC)cc2cc1C(=O)OC,42.2,458.2,3.742420221
CCOC(=O)C(C)N(C(=O)c1ccccc1)c1ccc(Cl)c(Cl)c1,27.06,341.7,3.298056623
CCCCOc1ccc(C#Cc2ccc([N+](=O)[O-])cc2)cc1,21.84,374.7,3.083743151
CC[C@@H](C(=O)O)c1ccc(N2Cc3ccccc3C2=O)cc1,39.4,455.3,3.673765816
CC[C@H](C(=O)O)c1ccc(N2Cc3ccccc3C2=O)cc1,33.4,471.9,3.5085559
COc1ccc(/C=C/C(O)=Nc2ccccc2C(=O)O)cc1OC,48.87,486.4,3.889163711
Cc1cccc2c1ccc1cc(C(C)C)ccc12,18.03,369,2.892037037
CN(C)CC/C=C1/c2ccccc2Sc2ccc(Cl)cc21,27.82,370.3,3.325755186
CN(C)CC/C=C1/c2ccccc2Sc2ccc(Cl)cc21,28.9,370.5,3.363841595
Cc1cc(CCCOc2c(C)cc(-c3noc(C(F)(F)F)n3)cc2C)on1,29.3,336.5,3.377587516
Cc1cc(CCCOc2c(C)cc(-c3noc(C(F)(F)F)n3)cc2C)on1,32.7,333.4,3.487375078
O=C1c2ccccc2C(=O)c2c(NCCO)ccc(NCCO)c21,32.34,521.2,3.476304854
CC(=O)C(C(C)=O)C(c1ccccc1)c1ccccc1,27.02,387.2,3.296577333
CCCCOC(=O)C1(O)c2ccccc2-c2ccccc21,25.56,343.9,3.24102863
c1ccc(C2(C3(c4ccccc4)OCCO3)OCCO2)cc1,32.1,456.1,3.46885603
CN1CCN(C2=c3ccccc3=Nc3ccc(Cl)cc3N2)CC1,35.9,457.1,3.580737295
CCOC(=O)C1=C(C)NC(C)=C(C(=O)OC)C1c1cccc(Cl)c1Cl,32.12,416,3.469478889
CCOC(=O)C1=C(C)NC(C)=C(C(=O)OC)C1c1cccc(Cl)c1Cl,31.5,417,3.449987546
CCOC(=O)C1=C(C)NC(C)=C(C(=O)OC)C1c1cccc(Cl)c1Cl,27.6,408,3.317815773
CCOC(=O)C1=C(C)NC(C)=C(C(=O)OC)C1c1cccc(Cl)c1Cl,29.1,416.9,3.370738174
CCOC(=O)C1=C(C)NC(C)=C(C(=O)OC)C1c1cccc(Cl)c1Cl,30.96,420,3.432696049
CCOC(=O)C1=C(C)NC(C)=C(C(=O)OC)C1c1cccc(Cl)c1Cl,34.8,412.3,3.549617387
CCOC(=O)C1=C(C)NC(C)=C(C(=O)OC)C1c1cccc(Cl)c1Cl,30.8,414.8,3.42751469
CCOC(=O)C1=C(C)NC(C)=C(C(=O)OC)C1c1cccc(Cl)c1Cl,32.1,416.7,3.46885603
CCOC(=O)C1=C(C)NC(C)=C(C(=O)OC)C1c1cccc(Cl)c1Cl,31.5,417.4,3.449987546
CCOC(=O)C1=C(C)NC(C)=C(C(=O)OC)C1c1cccc(Cl)c1Cl,26.7,405.7,3.284663565
CCOC(=O)C1=C(C)NC(C)=C(C(=O)OC)C1c1cccc(Cl)c1Cl,35.21,414.9,3.561330133
CCCCOc1ccc(C(=O)Cc2ccc([N+](=O)[O-])cc2)cc1,24.94,336.1,3.21647294
c1cc2ccc1CCCc1ccc(cc1)CCC2,11.76,377,2.464703942
CCc1ccc(C(c2ccc(CC)cc2)C(Cl)Cl)cc1,23.34,331.6,3.150168627
CCOC(=O)C1=C(C)NC(C)=C(C(=O)OC)C1c1cccc([N+](=O)[O-])c1,39.6,432.6,3.678829118
CCOC(=O)C1=C(C)NC(C)=C(C(=O)OC)C1c1cccc([N+](=O)[O-])c1,41.1,430.7,3.716008122
CC/C(=C(/CC)c1ccc(O)cc1)c1ccc(O)cc1,31.76,443.8,3.458207636
CCCCOc1ccc(C(=O)c2ccc(OC)cc2)c(O)c1,33.7,345.6,3.517497837
CC(C)(C)C(=NCc1ccccc1)c1ccccc1,27.86,339.6,3.327191968
COc1ccc2c3c1O[C@H]1[C@@H](O)C=C[C@H]4[C@@H](C2)N(C)CC[C@@]341,24.85,429.6,3.212857753
COc1ccc2c3c1O[C@H]1[C@@H](O)C=C[C@H]4[C@@H](C2)N(C)CC[C@@]341,23.81,430.3,3.17010566
COc1ccc2c3c1O[C@H]1[C@@H](O)C=C[C@H]4[C@@H](C2)N(C)CC[C@@]341,18.28,428.2,2.905807566
COc1ccc2c3c1O[C@H]1C(=O)CC[C@@]4(O)[C@@H](C2)N(C)CC[C@]314,32.17,495.1,3.471034341
CC(C)(c1ccccc1)C(C)(C)c1ccccc1,25.52,392,3.239462458
O=P(NC1CCCCC1)(Oc1ccccc1)Oc1ccccc1,27.57,381.7,3.316728225
CC(C)(OOC(C)(C)c1ccccc1)c1ccccc1,28.14,312.4,3.337192052
COc1ccc2cc(C(C)C(=O)OC(C)(C)C)ccc2c1,33.8,365.6,3.520460802
COC(OC)(c1ccccc1)C(OC)(OC)c1ccccc1,20.1,328.5,3.000719815
C1=CCC2CCC(C1)C2=C1C2CC=CCC1CC2,9.1,441.7,2.208274414
CC12CC3CC(C)(C1)CC(NS(=O)(=O)c1ccc(F)cc1)(C3)C2,29.8,410.4,3.394508394
COC(=O)C1(C)CCC(C(=NO)c2ccc(OC)c([N+](=O)[O-])c2)C1(C)C,31.99,433,3.465423354
CCc1ccc(C(=O)C2CCC(C)(C(=O)O)C2(C)C)cc1,22.54,387.6,3.115291509
Cc1ccc(C(=O)C2CCC(C)(C(=O)O)C2(C)C)cc1C,32.31,460.6,3.47537678
Cc1ccc(C(=O)C2CCC(C)(C(=O)O)C2(C)C)c(C)c1,18.81,386.8,2.934388643
CCOc1ccc(C(=O)C2CCC(C)(C(=O)O)C2(C)C)cc1,22.05,394.6,3.093312602
CN(C)c1ccc(C(=O)C2CCC(C)(C(=O)O)C2(C)C)cc1,25.03,445,3.220075105
COC(=O)C1(C)CCC(C(=NO)c2ccc(OC)cc2)C1(C)C,36.99,433,3.610647606
N=C(O)OCCCCCCCCCC=Cc1ccc([N+](=O)[O-])cc1,43.81,376.4,3.779862102
CC(C)c1ccc(NC2=NCCC3(CCCCC3)S2)cc1,29.2,412.7,3.374168709
C[C@]12CC[C@H]3[C@@H](CCC4=CC(=O)CC[C@@H]43)[C@@H]1CC[C@@H]2O,20.6,397.2,3.025291076
N=C(O)OCCCCCCCCCCC(Br)c1ccc([N+](=O)[O-])cc1,58.56,395.6,4.07005187
CCCCCCOC1=CC(=O)C(OCCCCCC)=CC1=O,38.9,412.1,3.660994251
CC(C)(C)c1cc(C(C)(C)C)c([N+](=O)[O-])c(C(C)(C)C)c1,19.25,482.8,2.957511061
CC(C)NCC(O)COc1ccc(CCOCC2CC2)cc1,47.3,342.2,3.856510295
CCCCCCCCCCCCc1ccccc1,43.1,274.6,3.763522997
CCCCCCCCCCCc1nc2c(=O)n(C)c(=O)n(C)c2[nH]1,25.8,433.5,3.250374492
CC(C)(C)c1cc(C(C)(C)C)c(O)c(C(C)(C)C)c1,19.46,405.2,2.968361077
CCOC(C)(OCC)c1ccc(C(C)(OCC)OCC)cc1,23.5,326.2,3.157000421
CC(C)(C)c1cc(C(C)(C)C)c(N)c(C(C)(C)C)c1,19.38,426.4,2.964241606
CCCCC/C=C/C/C=C/CCCCCCCC(=O)O,47.7,303,3.864931398
CCCCCCCCCCCCCC#CCCC(=O)O,57.94,348,4.059407992
CCCCCCCCCCCCC#CCCCC(=O)O,54.41,325,3.99654796
CCCCCCCCCCCC#CCCCCC(=O)O,54.92,324,4.005877581
CCCCCCCCCCC#CCCCCCC(=O)O,53.61,322,3.981735618
CCCCCCCCCC#CCCCCCCC(=O)O,55.3,320,4.012772909
CCCCCCCCC#CCCCCCCCC(=O)O,54.87,319,4.004966751
CCCCCCCC#CCCCCCCCCC(=O)O,52.32,319,3.957378707
CCCCCCC#CCCCCCCCCCC(=O)O,55.97,320,4.024815833
CCCCCC#CCCCCCCCCCCC(=O)O,49.79,320,3.907814161
CCCCC#CCCCCCCCCCCCC(=O)O,55.51,322,4.016563185
CCCC#CCCCCCCCCCCCCC(=O)O,52.74,337,3.965374181
CC#CCCCCCCCCCCCCCCC(=O)O,60.1,347,4.096009842
C#CCCCCCCCCCCCCCCCC(=O)O,54.2,340,3.992680908
CCCCCC12CCC(CCCCC)(CC1)CC2,20.4,261.5,3.015534901
CCCCCCCCCCC/C=C\CCCCC(=O)O,59.9,302.3,4.092676505
CCCCCCCCCCC/C=C\CCCCC(=O)O,47.5,303.7,3.860729711
CCCCCCCCCCCCCC/C=C/CC(=O)O,57.15,334,4.04567939
CCCCCCCCCCCCC/C=C/CCC(=O)O,55.88,333,4.023206534
CCCCCCCCCCC/C=C/CCCCC(=O)O,60.15,326,4.096841442
CCCCCCC/C=C/CCCCCCCCC(=O)O,58.52,326,4.069368576
CCCCCC/C=C/CCCCCCCCCC(=O)O,58.49,317,4.068855799
CCCCC/C=C/CCCCCCCCCCC(=O)O,56.71,325,4.037950562
CCCC/C=C/CCCCCCCCCCCC(=O)O,55.62,318,4.018542849
CCC/C=C/CCCCCCCCCCCCC(=O)O,57.06,327,4.044103346
CC/C=C/CCCCCCCCCCCCCC(=O)O,58.98,331,4.077198403
CCCCCCCCCCCCCCCC(O)=NCC(=O)O,56.5,393.1,4.034240638
CCCCCCCCCCCCC1CCCCC1,45.84,258.8,3.825157072
C1CCCCCCCCCCCCCCCCC1,9.87,346.2,2.289499853
CC1(C)CCCCCCCCCCCCCCC1,14.23,290.2,2.655352412
CCCCCCCCCCCCCCCCCC(=N)O,54.8,379.7,4.003690194
CCCCCCCCCCCCCCCCCC(=N)O,59.83,377.2,4.091507207
CCCCCCCCCCCCCC(O)=NCCCC,45,336.1,3.80666249
CCCCCCCCCCCCCCCCCC,65.3,300.3,4.178992036
CCCCCCCCCCCCCCCCCC,56.8,301.6,4.039536326
CCCCCCCCCCCCCCCCCC,62,300.2,4.127134385
CCCCCCCCCCCCCCCCCC,61.65,301,4.12147323
CCCCCCCCCCCCCCCCCC,61.34,301.5,4.116432159
CCCCCCCCCCCCCCCCCC,63,303.6,4.143134726
CCCCCCCCCCCCCCCCCC,61.65,300.95,4.12147323
CCCCCCCCCCCCCCCCCC,59.1,300.9,4.079230924
CCCCCCCCCCCCCCCCCC,60.1,301.1,4.096009842
CCCCCCCCCCCCCCCCCC,60.67,300.7,4.105449342
CCCCCCCCCCCCCCCCCC,61.71,301.3,4.122445992
CCCCCCCCCCCCCCCCCC,61.4,301.4,4.117409835
OCCCCCCOCCCCCCOCCCCCCO,57.96,329.1,4.059753117
CCCCCCSC(SCCCCCC)[C@H](O)[C@H](O)[C@@H](O)[C@H](C)O,48.5,388.2,3.881563798
CCCCCCSC(SCCCCCC)[C@H](O)[C@@H](O)[C@H](O)[C@H](O)CO,44.6,377,3.797733859
CCCCCCSC(SCCCCCC)[C@H](O)[C@@H](O)[C@@H](O)CO,39.2,367.2,3.668676747
COCCOCCOCCOCCOCCOCCOCCOCCOC,60.1,276.2,4.096009842
O=C1c2cccc3ccc4ccc5cccc1c5c4c23,13.1,524.2,2.57261223
Cc1ccc2ccc3c4ccccc4ccc3c2c1,16.5,445,2.803360381
Cc1cccc2ccc3c4ccccc4ccc3c12,18.3,424,2.90690106
Cc1cc2ccccc2c2ccc3ccccc3c12,19,390.7,2.944438979
Cc1cc2c3ccccc3ccc2c2ccccc12,22.7,432.5,3.122364924
ClC(c1ccccc1)(c1ccccc1)c1ccccc1,27.9,376.8,3.328626689
O=C(Nc1ccccc1)c1ccc(S(=O)(=O)Nc2cccc(Cl)c2)cc1,44.81,498.4,3.802431329
c1ccc(N=C(c2ccccc2)c2ccccc2)cc1,29.14,392.3,3.372111801
c1ccc(C(c2ccccc2)c2ccccc2)cc1,20.7,367.2,3.0301337
c1ccc(C(c2ccccc2)c2ccccc2)cc1,21.97,365.3,3.089677886
c1ccc(C(c2ccccc2)c2ccccc2)cc1,20.92,365.6,3.040705639
c1ccc(C(c2ccccc2)c2ccccc2)cc1,18.2,365.5,2.901421594
O=C(Nc1ccc(S(=O)(=O)Nc2ccccc2)cc1)c1ccccc1,46.23,501.1,3.833628938
OC(c1ccccc1)(c1ccccc1)c1ccccc1,27.3,435.2,3.306886702
OC(c1ccccc1)(c1ccccc1)c1ccccc1,27.24,441.1,3.304686481
CC1(c2cccc3c2Cc2ccccc2-3)C(=O)CCC1=O,24.6,395.2,3.202746443
CCOC(=O)c1cc2cc(-c3ccccc3)cc(CO)c2oc1=O,43.08,474.8,3.763058852
O=C1CN=C(c2ccccc2)c2cc(Cl)ccc2N1CC1CC1,27.69,419,3.321071337
Cc1cccc(N(C)C(=S)Oc2ccc3ccccc3c2)c1,32.8,383.6,3.490428515
CCCCCOc1ccc(C(=O)Oc2ccc(C#N)cc2F)cc1,36.2,359.7,3.589059119
CCCCCOc1ccc(C(=O)Oc2ccc(C#N)c(F)c2)cc1,37.7,341.2,3.629660094
CN1c2ccccc2C(C)(C)C12C=Cc1cc([N+](=O)[O-])ccc1O2,34,453.1,3.526360525
O=C1OC[C@H]2[C@@H]1N(Cc1ccccc1)C(=O)N2Cc1ccccc1,30.29,391.9,3.410817625
CC1(C(c2ccccc2)c2ccccc2)C(=O)CCC1=O,34.3,394.2,3.535145354
Cc1coc2c1C(=O)C(=O)c1c-2ccc2c1CCCC2(C)C,29.17,486,3.373140784
Cc1coc2c1C(=O)C(=O)c1c-2ccc2c1CCCC2(C)CO,23.74,479.7,3.167161389
CCCCCc1ccc(C#Cc2ccc([N+](=O)[O-])cc2)cc1,21.46,342.7,3.066190737
CCCCCOc1ccc(C#Cc2ccc([N+](=O)[O-])cc2)cc1,33.56,359.9,3.513334882
CCOC(=O)c1[nH]cc2c1C1C=C(S(=O)(=O)c3ccccc3)C2CC1,29.8,453.3,3.394508394
O=C(OCCN1CCOCC1)c1cccnc1Nc1cccc(C(F)(F)F)c1,34.5,350,3.540959324
CC(=O)C(C)(C(C)=O)C(c1ccccc1)c1ccccc1,25.1,352.2,3.222867846
CC1COC2=C1C(=O)C(=O)c1c2ccc2c1CCCC2(C)C,26.46,464.6,3.275634159
CC12COC(C(c3ccccc3)c3ccccc3)(OC1)OC2,32.6,443.2,3.484312288
CCCCCc1ccc(C(=O)Cc2ccc([N+](=O)[O-])cc2)cc1,29.46,363.2,3.383033411
CCCCCOc1ccc(C(=O)Cc2ccc([N+](=O)[O-])cc2)cc1,27.07,353.4,3.298426104
O=C(CCCN1CCN(c2ccccn2)CC1)c1ccc(F)cc1,30.5,366.2,3.417726684
CCCCCCOc1ccc(N=Cc2ccccc2)cc1,30.91,321.6,3.431079756
O=C(C1CCCCC1)N1CC(=O)N2CCc3ccccc3C2C1,28.3,414.4,3.342861805
O=C(C1CCCCC1)N1CC(=O)N2CCc3ccccc3C2C1,30.7,416.3,3.424262655
O=C(C1CCCCC1)N1CC(=O)N2CCc3ccccc3C2C1,25.73,409.4,3.247657626
O=C(C1CCCCC1)N1CC(=O)N2CCc3ccccc3C2C1,27,415.7,3.295836866
O=C(C1CCCCC1)N1CC(=O)N2CCc3ccccc3C2C1,30.8,412.2,3.42751469
Cc1cc(C(C)c2ccccc2)c(O)c(C(C)(C)C)c1,31.38,337.7,3.446170747
CC1(C(=O)O)CCC(C(=O)c2ccc3c(c2)CCC3)C1(C)C,22.5,404.3,3.113515309
CCCCCOC(=O)C(C)c1ccc2cc(OC)ccc2c1,28,324.5,3.33220451
C[C@]12CCC(=O)C=C1CC[C@@H]1[C@@H]2CC[C@]2(C)C(=O)CC[C@@H]12,25.7,444.54,3.246490992
COc1cc(C)c(C(=O)C2CCC(C)(C(=O)O)C2(C)C)c(C)c1,28.31,416.7,3.343215099
COc1cc(OC)c(C(=O)C2CCC(C)(C(=O)O)C2(C)C)c(OC)c1,29.68,432.2,3.390473418
Cc1ccc(S(=O)(=O)NC23CC4CC(C)(CC(C)(C4)C2)C3)cc1,29.6,435.5,3.387774361
CC(C)[C@H]1CCC[C@H](C(O)=N[C@H](Cc2ccccc2)C(=O)O)C1,28.4,402.1,3.346389145
CC(C)[C@H]1CCC[C@H](C(O)=N[C@H](Cc2ccccc2)C(=O)O)C1,30.5,411.1,3.417726684
CCOc1ccc(C(=NO)C2CCC(C)(C(=O)OC)C2(C)C)cc1,36.75,401,3.604138226
COC(=O)C1(C)CCC(C(=NO)c2ccc(OC)c(OC)c2)C1(C)C,36.2,393,3.589059119
CCCCCCCCCCCCOC(=O)c1c([N+](=O)[O-])cc([N+](=O)[O-])cc1[N+](=O)[O-],29.55,394,3.386083744
CCCCCCCC1CCN(c2ccc(C#N)cc2)CC1,29.01,326.2,3.367640598
C[C@]12CC[C@H]3[C@@H](CCC4=CC(=O)CC[C@@]43C)[C@@H]1CC[C@@H]2O,28.2,426.5,3.339321978
C[C@]12CC[C@H]3[C@@H](CCC4=CC(=O)CC[C@@]43C)[C@@H]1CC[C@@H]2O,29.45,428,3.38269391
C[C@]12CC[C@H]3[C@@H](CCC4=CC(=O)CC[C@@]43C)[C@@H]1CC[C@@H]2O,25.7,427.1,3.246490992
C[C@]12CCC(=O)C[C@@H]1CC[C@@H]1[C@@H]2CC[C@]2(C)[C@@H](O)CC[C@@H]12,27.15,455.5,3.301377046
C[C@]12CCC(=O)C[C@@H]1CC[C@@H]1[C@@H]2CC[C@]2(C)[C@@H](O)CC[C@@H]12,23.07,454.2,3.138533072
C[C@]12CCC(=O)C[C@@H]1CC[C@@H]1[C@@H]2CC[C@]2(C)[C@@H](O)CC[C@@H]12,19.79,453,2.98517676
CCCCCCCCCCCCN=C(O)Nc1ccc([N+](=O)[O-])cc1,40.88,390.8,3.710640946
OC(C1CCCCC1)(C1CCCCC1)C1CCCCC1,23.8,367.2,3.169685581
C=CCOC(=O)CCCCCCCCCCCCCCC,49.4,295.6,3.899950424
CCCCCCCCCCCCCCCC(O)=N[C@@H](C)C(=O)O,65.3,374.1,4.178992036
C=CCCCCCCCCCCCCCCCCC,34.9,296.5,3.552486829
CCCCCCCCCCCCCCCCCC(C)=O,68.65,328,4.229021132
CCCCCCCCCC(=O)CCCCCCCCC,66.67,330,4.199755077
O=C(Oc1c(Br)cccc1Br)c1c2ccccc2nc2ccccc12,31.9,432,3.46260601
O=C(Oc1c(Cl)cccc1Cl)c1c2ccccc2nc2ccccc12,28.5,418,3.349904087
O=C(Oc1c(F)cccc1F)c1c2ccccc2nc2ccccc12,34.3,467,3.535145354
O=[N+]([O-])c1c2ccccc2c2ccc3cccc4ccc1c2c43,30.2,528.4,3.407841924
c1cc2cccc3c4cccc5cccc(c(c1)c23)c54,32.58,551.3,3.483698603
c1cc2cccc3c4cccc5cccc(c(c1)c23)c54,31.88,550.9,3.461978854
c1ccc2c(c1)cc1ccc3cccc4ccc2c1c34,11.25,449,2.420368129
c1ccc2c(c1)cc1ccc3cccc4ccc2c1c34,14.7,451.8,2.687847494
c1ccc2c(c1)cc1ccc3cccc4ccc2c1c34,13.32,447.6,2.589266665
c1ccc2c(c1)cc1ccc3cccc4ccc2c1c34,15.1,451.2,2.714694744
c1ccc2c(c1)cc1ccc3cccc4ccc2c1c34,17.32,454.2,2.851861903
c1ccc2c(c1)c1cccc3ccc4cccc2c4c31,13.8,451.3,2.624668592
c1ccc2c(c1)c1cccc3ccc4cccc2c4c31,16.57,454.4,2.807593831
c1ccc2cc3c(cc2c1)-c1cccc2cccc-3c12,32.4,489.7,3.478158423
c1ccc2cc3c(cc2c1)-c1cccc2cccc-3c12,27.5,490.6,3.314186005
c1ccc2c(c1)-c1cccc3c1c-2cc1ccccc13,19.6,441.5,2.975529566
c1ccc2c3c(ccc2c1)-c1cccc2cccc-3c12,17.9,438.3,2.884800713
O=C(Oc1ccccc1F)c1c2ccccc2nc2ccccc12,28.1,437,3.335769576
O=C(Oc1ccccc1I)c1c2ccccc2nc2ccccc12,32.4,438,3.478158423
O=C(Oc1ccccc1[N+](=O)[O-])c1c2ccccc2nc2ccccc12,24.4,422,3.194583132
Oc1ccc2ccc3c4ccccc4cc4ccc1c2c43,24.1,469.6,3.18221184
c1ccc2c(c1)ccc1[nH]c3ccc4ccccc4c3c12,20.1,429.8,3.000719815
O=C(Oc1ccccc1)c1c2ccccc2nc2ccccc12,39.2,464,3.668676747
Nc1c(Oc2ccccc2)cc(O)c2c1C(=O)c1ccccc1C2=O,30.79,458.2,3.427189962
O=[N+]([O-])c1ccccc1C=NN=C(O)c1cccc2nc3ccccc3nc12,47.47,540.2,3.860097933
O=[N+]([O-])c1ccc(C=NN=C(O)c2cccc3nc4ccccc4nc23)cc1,44.8,548.2,3.802208139
c1ccc(-c2c3ccccc3cc3ccccc23)cc1,25.5,427.6,3.238678452
c1ccc2c(c1)C1c3ccccc3C2c2ccccc21,30.29,527.2,3.410817625
c1ccc2c(-c3cccc4ccccc34)cccc2c1,19.2,431.2,2.954910279
c1ccc2c(-c3cccc4ccccc34)cccc2c1,30.5,418.2,3.417726684
OC(=NN=Cc1ccccc1)c1cccc2nc3ccccc3nc12,45.76,512.1,3.823410347
COc1ccc(Nc2c([N+](=O)[O-])cc(C(=O)[N-]c3ccc(Br)cc3)cc2[N+](=O)[O-])cc1,50.67,522.5,3.925334019
COc1ccc(Nc2c(C(=O)[N-]c3ccc(Br)cc3)cc([N+](=O)[O-])cc2[N+](=O)[O-])cc1,38,478.9,3.63758616
FC(F)(F)C(c1ccccc1)(c1ccccc1)c1ccccc1,30.33,440.3,3.412137322
C(=C(c1ccccc1)c1ccccc1)c1ccccc1,20.58,339.9,3.02431973
C(=C(c1ccccc1)c1ccccc1)c1ccccc1,20.35,341,3.013080912
CC1=C(CC(=O)O)c2cc(F)ccc2/C1=C\c1ccc(S(C)=O)cc1,30.3,465,3.411147713
CC1=C(CC(=O)O)c2cc(F)ccc2/C1=C\c1ccc(S(C)=O)cc1,22.8,459,3.126760536
CC1=C(CC(=O)O)c2cc(F)ccc2/C1=C\c1ccc(S(C)=O)cc1,33.4,460.2,3.5085559
CC1=C(CC(=O)O)c2cc(F)ccc2/C1=C\c1ccc(S(C)=O)cc1,29.8,456.2,3.394508394
Cc1ccc(-c2ccc(NC(=O)c3ccccc3)cc2)cc1,38.5,501.7,3.650658241
CC(c1ccccc1)(c1ccccc1)c1ccccc1,19.95,375.9,2.993229143
c1ccc(CC(c2ccccc2)c2ccccc2)cc1,24.39,328.2,3.194173212
CC1(c2cccc3c2Cc2ccccc2-3)C(=O)CCCC1=O,35.7,448.2,3.575150689
COc1ccc2cc(C(C)C(=O)Oc3ccccc3)ccc2c1,33.3,367,3.505557397
COC(=O)C(C(=O)OC)(C(=O)OC)C1c2ccccc2-c2ccccc21,32.3,407.2,3.47506723
CCCCCCOc1ccc(C(=O)Oc2ccc(C#N)c(F)c2)cc1,35.56,332.7,3.571221411
CCC1(C(c2ccccc2)c2ccccc2)C(=O)CCC1=O,28.2,382.2,3.339321978
CC1(C)OOC2(c3ccccc3)CC(c3ccccc3)=CC2O1,22.1,369.2,3.095577609
COC(=O)C(C(=O)OC)(C(=O)OC)C(c1ccccc1)c1ccccc1,36.1,414.2,3.586292865
CC(C)OC(=O)C(C)(C)Oc1ccc(C(=O)c2ccc(Cl)cc2)cc1,30.9,354.8,3.430756184
CC(C)OC(=O)C(C)(C)Oc1ccc(C(=O)c2ccc(Cl)cc2)cc1,32.4,353.2,3.478158423
CC(C)OC(=O)C(C)(C)Oc1ccc(C(=O)c2ccc(Cl)cc2)cc1,33.53,352.1,3.51244056
CC(C)OC(=O)C(C)(C)Oc1ccc(C(=O)c2ccc(Cl)cc2)cc1,32.82,355.1,3.491038086
CC(C)OC(=O)C(C)(C)Oc1ccc(C(=O)c2ccc(Cl)cc2)cc1,27.3,354.6,3.306886702
CC(C)OC(=O)C(C)(C)Oc1ccc(C(=O)c2ccc(Cl)cc2)cc1,33.03,354,3.497416239
CC(C)OC(=O)C(C)(C)Oc1ccc(C(=O)c2ccc(Cl)cc2)cc1,34,353.4,3.526360525
CC(C)OC(=O)C(C)(C)Oc1ccc(C(=O)c2ccc(Cl)cc2)cc1,32.4,353.7,3.478158423
C=CCCCCCCOc1ccc(OC(=O)c2ccc(C#N)s2)cc1,68.2,332.7,4.222444565
CN1C(C(O)=Nc2ccccn2)=C(OC(=O)C(C)(C)C)c2ccccc2S1(=O)=O,32.74,427,3.488597572
CCC(C(C)=O)(C(C)=O)C(c1ccccc1)c1ccccc1,34.7,388.2,3.546739687
C/C=C/C=C/COC(=O)C(C)c1ccc2cc(OC)ccc2c1,32.1,326.9,3.46885603
O=C(CCCN1CCN(c2ccccc2)CC1)c1ccc(F)cc1,34.7,363.7,3.546739687
COC(=O)C1=C(C)NC(C)=C(C(=O)OCC(C)C)C1c1ccccc1[N+](=O)[O-],28.2,421.1,3.339321978
COC(=O)C1=C(C)NC(C)=C(C(=O)OCC(C)C)C1c1ccccc1[N+](=O)[O-],30.5,422.8,3.417726684
C#C[C@]1(O)CC[C@H]2[C@@H]3CCc4cc(O)ccc4[C@H]3CC[C@@]21C,27.57,456.2,3.316728225
CC(=O)Oc1ccc2c(c1)CC[C@@H]1[C@@H]2CC[C@]2(C)C(=O)CC[C@@H]12,15,399,2.708050201
CC/C=C\CCOC(=O)C(C)c1ccc2cc(OC)ccc2c1,29.2,312.1,3.374168709
CC/C=C/CCOC(=O)C(C)c1ccc2cc(OC)ccc2c1,23.6,306.5,3.161246712
COc1ccc2cc(C(C)C(=O)OC3CCCCC3)ccc2c1,29.3,352.2,3.377587516
C=CCCCCCCOc1ccc(OC(=O)c2ccc(OC)s2)cc1,76.57,332.8,4.338205355
c1ccc2c(c1)OCCOCCOc1ccccc1OCCOCCO2,56,435.7,4.025351691
c1ccc2c(c1)OCCOCCOc1ccccc1OCCOCCO2,55.4,440,4.014579594
c1ccc2c(c1)OCCOCCOc1ccccc1OCCOCCO2,57.45,435.8,4.050915004
c1ccc2c(c1)OCCOCCOc1ccccc1OCCOCCO2,60.7,434.2,4.105943698
CC(C)(C)c1ccc(-c2ccc(C(C)(C)C)cc2)cc1,19.97,400.8,2.994231147
CC(C)(C)c1ccc(-c2ccc(C(C)(C)C)cc2)cc1,18.8,402,2.93385687
COCc1cc(C(C)c2ccccc2)c(O)c(C(C)(C)C)c1,29.4,371.7,3.380994674
CC1(C(=O)O)CCC(C(=O)c2ccc3c(c2)CCCC3)C1(C)C,22.94,421.3,3.132882112
CCCCCCOC(=O)C(C)c1ccc2cc(OC)ccc2c1,29.8,318.1,3.394508394
C[C@]12CC[C@H]3[C@@H](CCC4=CC(=O)CC[C@@]43C)[C@@H]1CC[C@@H]2OC=O,26.36,398,3.27184771
CCOc1ccc(C(=O)C2CCC(C)(C(=O)O)C2(C)C)cc1OCC,29.07,389.3,3.369706715
C1C2CC3CC1CC(C14CC5CC(CC(C5)C1)C4)(C2)C3,70,561,4.248495242
Cc1cn(CCCCCCCCCCn2cc(C)c(O)nc2=O)c(=O)nc1O,42.56,455,3.750914845
C[C@]12CCC(=O)C=C1CC[C@@H]1[C@@H]2CC[C@@]2(C)[C@H]1CC[C@]2(C)O,25.02,437.3,3.219675505
C[C@]12CCC(=O)C=C1CC[C@@H]1[C@@H]2CC[C@@]2(C)[C@H]1CC[C@]2(C)O,27.8,439,3.325036021
CC(C)C1=CC2=CC[C@@H]3[C@](C)(CCC[C@@]3(C)C(=O)O)[C@H]2CC1,19.45,450.9,2.96784707
CCCCCCCOC1=CC(=O)C(OCCCCCCC)=CC1=O,38.4,406.2,3.64805746
CC(C)CC(C#N)(CC(C)C)C(C#N)(CC(C)C)CC(C)C,34.31,360.2,3.535436857
CCCCCCCCCCCCCCCCOC(=O)/C=C\C(=O)[O-],71.4,345,4.268297869
CCCCCCCCCCCCCCCCOC(=O)CCC(=O)[O-],66.1,337.4,4.191168747
CCCCCCCCCCCCCC(O)=NC(CC(C)C)C(=O)O,54.8,349.6,4.003690194
CC1(C)CCCCCCCC(C)(C)CCCCCCC1,25.1,364.2,3.222867846
CC1(C)CCCCCCCCCCCCC(C)(C)CC1,25.1,303.2,3.222867846
CC1(C)CCCCCCCCCCCCCCCCC1,23.85,283.2,3.171784217
CCCCCCCCCCCCCCCCCCCC(=O)O,71.6,347.8,4.271095074
CCCCCCCCCCCCCCCCCCCC(=O)O,69.2,348.2,4.237000863
CCCCCCCCCCCCCCCCCCCC(=O)O,72,348.4,4.276666119
CCCCCCCCCCCCCCCCCC(=O)OCC,59.81,307.4,4.091172871
CCCCCCCCCCCCCCCCCC(=O)OCC,63.08,306.9,4.144403762
CCCCCCCCCCCCCCCCCC(=O)OCC,58.8,306.2,4.074141855
CCCCCCCCCCCCCCCCCC(=O)OCC,59.83,307,4.091507207
CCCCCCCCCCCCCCCCCC(=O)OCC,59.87,304.3,4.092175545
CCCCCCCCCCCCCCCCCCC(=O)OC,63.8,313.2,4.15575319
CC1(C)CCOC(C)(C)OCCC(C)(C)CCOC(C)(C)OCC1,24.69,406.9,3.206398303
CC1(C)OCCCCCCCOC(C)(C)OCCCCCCCO1,45.6,369.5,3.819907717
CC1=C(/C=C/C(C)=C/C=C/C(C)=C/C(=O)O)C(C)(C)CCC1,37.1,456.9,3.61361697
CC1=C(/C=C/C(C)=C/C=C/C(C)=C/C(=O)O)C(C)(C)CCC1,36.8,456.3,3.605497845
c1ccc2nc3c4ccccc4c4ccccc4c3cc2c1,27.8,477.4,3.325036021
c1ccc2c(c1)ccc1nc3c(ccc4ccccc43)cc12,30.6,499.7,3.421000009
c1ccc2cc3nc4ccc5ccccc5c4cc3cc2c1,29.6,483.5,3.387774361
c1ccc2c(c1)ccc1nc3ccc4ccccc4c3cc12,25.5,492.7,3.238678452
Cc1ccccc1OC(=O)c1c2ccccc2nc2ccccc12,30.5,415,3.417726684
Cc1cccc(OC(=O)c2c3ccccc3nc3ccccc23)c1,32,429,3.465735903
Cc1ccc(OC(=O)c2c3ccccc3nc3ccccc23)cc1,30.7,446,3.424262655
COc1ccccc1OC(=O)c1c2ccccc2nc2ccccc12,38.8,462,3.658420247
c1ccc2cc(Cc3cccc4ccccc34)ccc2c1,30.54,369.6,3.4190373
c1ccc(-c2nc(-c3ccccc3)c(-c3ccccc3)[nH]2)cc1,37.31,547.8,3.619261387
c1ccc(-c2nc(-c3ccccc3)c(-c3ccccc3)[nH]2)cc1,35.15,550.8,3.559624618
c1ccc(/C(=N/Nc2ccc3ccccc3n2)c2ccccn2)cc1,35,416.8,3.555348061
FC(F)CC(c1ccccc1)(c1ccccc1)c1ccccc1,28.74,370.2,3.358289881
O=C(O)CC(c1ccccc1)(c1ccccc1)c1ccccc1,35.4,454.3,3.56671182
FCCC(c1ccccc1)(c1ccccc1)c1ccccc1,26.44,344.2,3.274878015
O=c1c(O[C@@H]2O[C@H](CO)[C@@H](O)[C@H](O)[C@H]2O)c(-c2ccc(O)c(O)c2)oc2cc(O)cc(O)c12,49.8,471.2,3.908014984
Cc1ccc(N(c2ccc(C)cc2)c2ccc(C)cc2)cc1,19.95,388.8,2.993229143
Cc1ccc(N(c2ccc(C)cc2)c2ccc(C)cc2)cc1,22.96,388,3.133753571
Cc1ccc(N(c2ccc(C)cc2)c2cccc(C)c2)cc1,21.71,329.9,3.077772984
Cc1ccc(N(c2cccc(C)c2)c2cccc(C)c2)cc1,26.39,362.7,3.272985151
Cc1cccc(N(c2cccc(C)c2)c2cccc(C)c2)c1,13.07,313,2.570319528
CN(C)C(=O)CC1C=CC=CC1(c1ccccc1)c1ccccc1,25.43,402,3.235929579
COc1ccc(P(c2ccc(OC)cc2)c2ccc(OC)cc2)cc1,25.67,403.82,3.245322995
Cc1ccc(P(c2ccc(C)cc2)c2ccc(C)cc2)cc1,28.52,417.84,3.350605596
O=C(CCCN1CCC(O)(c2ccc(F)cc2)CC1)c1ccc(F)cc1,34,395.2,3.526360525
O=C(CCCN1CCC(O)(c2ccccc2)CC1)c1ccc(F)cc1,43.2,412.7,3.765840495
O=C(CCCN1CCC(O)(c2ccccc2)CC1)c1ccc(F)cc1,35.2,385.2,3.561046083
CCCC(C(C)=O)(C(C)=O)C(c1ccccc1)c1ccccc1,27.1,349.2,3.299533728
COc1ccccc1N1CCN(CCCC(=O)c2ccc(F)cc2)CC1,27.3,348.7,3.306886702
COc1ccccc1N1CCN(CCCC(=O)c2ccc(F)cc2)CC1,31.1,343.7,3.437207819
COc1ccccc1N1CCN(CCCC(=O)c2ccc(F)cc2)CC1,15.7,323.7,2.753660712
CCCCCCC(C)Oc1ccc(-c2ccc(C#N)cc2)cc1,19.51,287.6,2.970927155
CCCCCCC(C)Oc1ccc(-c2ccc(C#N)cc2)cc1,17.07,294.3,2.837322537
CCCCCCC(C)Oc1ccc(-c2ccc(C#N)cc2)cc1,20.8,287.8,3.034952987
Cc1c(Cl)cc(C(C)C)c(O)c1Cc1c(C)c(Cl)cc(C(C)C)c1O,36.55,400.5,3.598681186
Cc1c(Cl)cc(C(C)C)c(O)c1Cc1c(C)c(Cl)cc(C(C)C)c1O,28.94,373.8,3.365224721
C#C[C@]1(O)CC[C@H]2[C@@H]3CCc4cc(OC)ccc4[C@H]3CC[C@@]21C,34.55,424.1,3.54240755
CC(C)(C)c1ccc(CCC(O)COc2ccc(C(=O)O)cc2)cc1,38.1,415.2,3.640214282
CC(C)(C)c1ccc(CCC(O)COc2ccc(C(=O)O)cc2)cc1,49.1,408.2,3.893859035
C[C@]12C=CC(=O)C=C1CC[C@H]1[C@@H]3C[C@@H](O)[C@](O)(C(=O)CO)[C@@]3(C)C[C@H](O)[C@@]12F,42.56,543,3.750914845
CCCCCCCCOc1ccc(N=Cc2ccccc2)cc1,41.47,342.7,3.724970274
Cc1cnc(C(O)=NCCc2ccc(S(=O)(=O)NC(O)=NC3CCCCC3)cc2)cn1,55.4,471.5,4.014579594
C#C[C@]1(O)CC[C@H]2[C@@H]3[C@H](C)CC4=C(CCC(=O)C4)[C@H]3CC[C@@]21C,29.8,444.2,3.394508394
CC(=O)[C@@]12O[C@@H]1C[C@H]1[C@@H]3CCC4=CC(=O)CC[C@]4(C)[C@H]3CC[C@@]12C,26.4,328.5,3.27336401
CCCCCCCOC(=O)C(C)c1ccc2cc(OC)ccc2c1,23.3,300.2,3.148453361
C[C@]12C=CC(=O)C=C1CC[C@@H]1[C@@H]2[C@@H](O)C[C@@]2(C)[C@H]1CC[C@]2(O)C(=O)CO,38.86,513,3.659965444
C[C@]12CCC(=O)C=C1CC[C@@H]1[C@@H]2C(=O)C[C@@]2(C)[C@H]1CC[C@]2(O)C(=O)CO,36.86,495,3.607126952
CC(C)N(CCC(C(=N)O)(c1ccccc1)c1ccccn1)C(C)C,26.7,363.7,3.284663565
CC(=O)[C@H]1CC[C@H]2[C@@H]3CCC4=CC(=O)CC[C@]4(C)[C@H]3CC[C@]12C,27.8,403.2,3.325036021
CC(=O)[C@H]1CC[C@H]2[C@@H]3CCC4=CC(=O)CC[C@]4(C)[C@H]3CC[C@]12C,26.71,402.2,3.285038027
CC(=O)[C@H]1CC[C@H]2[C@@H]3CCC4=CC(=O)CC[C@]4(C)[C@H]3CC[C@]12C,24.78,394.8,3.210036876
CC(=O)[C@H]1CC[C@H]2[C@@H]3CCC4=CC(=O)CC[C@]4(C)[C@H]3CC[C@]12C,26.16,402.4,3.264231527
CC(=O)[C@H]1CC[C@H]2[C@@H]3CCC4=CC(=O)CC[C@]4(C)[C@H]3CC[C@]12C,21.42,395.4,3.064325065
CC(=O)[C@H]1CC[C@H]2[C@@H]3CCC4=CC(=O)CC[C@]4(C)[C@H]3CC[C@]12C,16.13,377,2.780680892
CC(=O)[C@H]1CC[C@H]2[C@@H]3CCC4=CC(=O)CC[C@]4(C)[C@H]3CC[C@]12C,26.99,404,3.295466427
CC(=O)[C@H]1CC[C@H]2[C@@H]3CCC4=CC(=O)CC[C@]4(C)[C@H]3CC[C@]12C,27.95,401,3.3304172
CC(=O)[C@H]1CC[C@H]2[C@@H]3CCC4=CC(=O)CC[C@]4(C)[C@H]3CC[C@]12C,23.43,395,3.154017253
CC(=O)[C@H]1CC[C@H]2[C@@H]3CCC4=CC(=O)CC[C@]4(C)[C@H]3CC[C@]12C,24.43,403.5,3.195811885
CC(=O)[C@H]1CC[C@H]2[C@@H]3CCC4=CC(=O)CC[C@]4(C)[C@H]3CC[C@]12C,21.32,396.2,3.059645599
C=C(C)[C@@H]1CCC(C)=CC1c1c(O)cc(CCCCC)cc1O,28.4,340.7,3.346389145
C[C@]12CC[C@H]3[C@@H](CCC4=CC(=O)CC[C@@]43C)[C@@H]1CC[C@@H]2C(=O)CO,21.3,414.4,3.058707073
C[C@]12CC[C@H]3[C@@H](CCC4=CC(=O)CC[C@@]43C)[C@@H]1CC[C@@H]2C(=O)CO,27.98,414,3.331489969
CC(=O)C1CC[C@H]2[C@@H]3CCC4=CC(=O)CC[C@]4(C)[C@H]3[C@H](O)C[C@]12C,33.3,438.6,3.505557397
CC(=O)O[C@H]1CC[C@H]2[C@@H]3CCC4=CC(=O)CC[C@]4(C)[C@H]3CC[C@]12C,27.88,413,3.327909586
C[C@]12C[C@H](O)[C@H]3[C@@H](CCC4=CC(=O)CC[C@@]43C)[C@@H]1CC[C@@H]2C(=O)CO,35.3,458.5,3.563882964
C[C@]12C[C@H](O)[C@H]3[C@@H](CCC4=CC(=O)CC[C@@]43C)[C@@H]1CC[C@@H]2C(=O)CO,33.8,457.4,3.520460802
C[C@]12C[C@H](O)[C@H]3[C@@H](CCC4=CC(=O)CC[C@@]43C)[C@@H]1CC[C@@H]2C(=O)CO,33.32,454,3.506157817
C[C@]12CCC(=O)C=C1CC[C@@H]1[C@@H]2CC[C@@]2(C)[C@H]1CC[C@]2(O)C(=O)CO,32.5,487.8,3.481240089
C[C@]12CCC(=O)C=C1CC[C@@H]1[C@@H]2[C@@H](O)C[C@@]2(C)[C@H]1CC[C@]2(O)C(=O)CO,45.5,492.4,3.817712326
C[C@]12CCC(=O)C=C1CC[C@@H]1[C@@H]2[C@@H](O)C[C@@]2(C)[C@H]1CC[C@]2(O)C(=O)CO,44.65,497.7,3.798854307
C[C@]12CCC(=O)C=C1CC[C@@H]1[C@@H]2[C@@H](O)C[C@@]2(C)[C@H]1CC[C@]2(O)C(=O)CO,41.3,494.8,3.7208625
C[C@]12CCC(=O)C=C1CC[C@@H]1[C@@H]2[C@@H](O)C[C@@]2(C)[C@H]1CC[C@]2(O)C(=O)CO,42.2,494.3,3.742420221
C[C@]12CCC(=O)C=C1CC[C@@H]1[C@@H]2[C@@H](O)C[C@@]2(C)[C@H]1CC[C@]2(O)C(=O)CO,35.84,486,3.579064588
CCCCCCCCCCCCOc1ccc2cnccc2c1,38.93,321.3,3.661765162
CCCCCCCCCCCCCCCC(O)=NC(=O)c1cnccn1,51.82,362.7,3.947776175
CCCCCCCCCCCCN=C(S)NCc1cccc(OC)c1,52.87,361.7,3.96783607
C=C(CC(=O)[O-])C(=O)OCCCCCCCCCCCCCCCC,74.6,358.8,4.312140507
CCCCCCCCCCCCCCCC(O)=N[C@H](C(=O)O)C(C)C,54.8,366.6,4.003690194
CCCCCCCCCCCCCCCC1CCCCC1,58.7,298.2,4.072439727
CCCCCCCCCCC(=O)CCCCCCCCCC,76.2,336.7,4.333361463
CCCCCCCCCCCCCCCCCCCC(=O)OC,74.3,319.2,4.308110952
CCCCCCCCCCCCCCCCCCCCC(=O)O,63,346.7,4.143134726
CCCCCCCCCCOC(=O)OCCCCCCCCCC,49.3,267.3,3.897924081
CCCCCCCCCCCCCCCCCC(O)=NCCC,50.04,354,3.912822686
CCCCCCCCCCCCCC(O)=NCCCCCCC,49.02,343,3.892228378
CCCCCCCCCCCCCCN=C(O)CCCCCC,52.68,334,3.964235877
CCCCCCCCCCCCCCCCCCN=C(O)CC,56.03,350,4.025887262
c1cc2ccc3ccc4ccc5cccc6c(c1)c2c3c4c56,17.37,554.2,2.85474458
c1ccc2c(c1)-c1ccc3c4c(ccc-2c14)-c1ccccc1-3,23.2,542.3,3.144152279
c1ccc2c(c1)-c1ccc3ccc4cccc5cc-2c1c3c45,18.6,437,2.923161581
c1ccc2c(c1)-c1ccc3ccc4cccc5cc-2c1c3c45,16.3,437.7,2.791165108
c1ccc2c(c1)-c1ccc3ccc4cccc5cc-2c1c3c45,21.51,435.2,3.068517943
c1ccc2cc3c4ccccc4c4ccccc4c3cc2c1,25.82,553.5,3.251149385
c1ccc2c(c1)ccc1cc3c(ccc4ccccc43)cc12,28.4,539.7,3.346389145
c1ccc2c(c1)ccc1cc3c(ccc4ccccc43)cc12,31.16,544.2,3.439135221
c1ccc2c(c1)ccc1c2ccc2ccc3ccccc3c21,22.7,398.5,3.122364924
c1ccc2c(c1)ccc1c2ccc2c3ccccc3ccc21,35.19,637.2,3.560761951
O=C(C(=O)c1ccc(C(=O)C(=O)c2ccccc2)cc1)c1ccccc1,32.3,425.1,3.47506723
Brc1ccc(CSc2nnc(SCc3ccc(Br)cc3)c3ccccc23)cc1,23.47,457.5,3.15572301
Clc1ccc(CSc2nnc(SCc3ccc(Cl)cc3)c3ccccc23)cc1,20.75,416,3.032546247
CCc1ccccc1OC(=O)c1c2ccccc2nc2ccccc12,30.4,393,3.414442608
Cc1ccc(C)c(OC(=O)c2c3ccccc3nc3ccccc23)c1,37.9,457,3.634951112
Cc1cccc(C)c1OC(=O)c1c2ccccc2nc2ccccc12,29.1,435,3.370738174
Cc1ccc(OC(=O)c2c3ccccc3nc3ccccc23)cc1C,29.2,442,3.374168709
Cc1cc(C)cc(OC(=O)c2c3ccccc3nc3ccccc23)c1,38.4,469,3.64805746
Brc1ccc(CN=c2[nH][nH]c(=NCc3ccc(Br)cc3)c3ccccc23)cc1,21.87,555.2,3.085115835
O=C1C(Cl)=C(C2CCC(c3ccc(Cl)cc3)CC2)C(=O)c2ccccc21,35,457.2,3.555348061
c1ccc(CSc2nnc(SCc3ccccc3)c3ccccc23)cc1,25.4,500,3.234749174
CC1(C)[C@H](C(=O)O[C@H](C#N)c2cccc(Oc3ccccc3)c2)[C@@H]1C=C(Br)Br,26.73,372.2,3.28578653
O=C1C(=O)c2ccccc2C(O)=C1C1CCC(c2ccc(Cl)cc2)CC1,35,493.2,3.555348061
c1ccc(CN=c2[nH][nH]c(=NCc3ccccc3)c3ccccc23)cc1,21,427.3,3.044522438
Cc1c(C(O)=NN2CCCCC2)nn(-c2ccc(Cl)cc2Cl)c1-c1ccc(Cl)cc1,30.75,428.3,3.425889994
Cc1c(C(O)=NN2CCCCC2)nn(-c2ccc(Cl)cc2Cl)c1-c1ccc(Cl)cc1,31.12,429.2,3.437850699
Cc1c(C(O)=NN2CCCCC2)nn(-c2ccc(Cl)cc2Cl)c1-c1ccc(Cl)cc1,36.1,427.9,3.586292865
FC(Cc1ccccc1)(Cc1ccccc1)Cc1ccccc1,24.35,363.6,3.19253185
O=C(CCCN1CC=C(n2c(O)nc3ccccc32)CC1)c1ccc(F)cc1,40,416,3.688879454
CCOC(=O)N1CCC(=C2c3ccc(Cl)cc3CCc3cccnc32)CC1,27.3,409,3.306886702
CCCC1(C)OOC2(c3ccccc3)CC(c3ccccc3)=CC2O1,16.6,351.2,2.809402695
CC[C@H]1CC[C@H](c2ccc(C(=O)Cc3ccc([N+](=O)[O-])cc3)cc2)CC1,37.32,445.1,3.619529376
c1ccc(C2(C3(c4ccccc4)CCCC3)CCCC2)cc1,31.38,414,3.446170747
C#C[C@]1(O)CC[C@H]2[C@@H]3CCC4=Cc5oncc5C[C@]4(C)[C@H]3CC[C@@]21C,35.5,501.8,3.569532696
CCC(=O)N(c1ccccc1)C1CCN(CCc2ccccc2)CC1,30.1,358.3,3.404525172
CCC(=O)N(c1ccccc1)C1CCN(CCc2ccccc2)CC1,22.51,357.2,3.113959655
C#C[C@]1(O)CCC2C3CCC4=CC(=O)CCC4C3C(=C)CC21CC,31.15,472.2,3.438814245
CCCC(=O)Oc1ccc2c(c1)CC[C@@H]1[C@@H]2CC[C@]2(C)C(=O)CC[C@@H]12,22,381,3.091042453
C#C[C@]1(OC(C)=O)CC[C@H]2[C@@H]3CCC4=CC(=O)CC[C@@H]4[C@H]3CC[C@@]21C,27.3,480,3.306886702
C[C@@H]1C[C@H]2[C@@H]3CCC4=CC(=O)C=C[C@]4(C)[C@@]3(F)[C@@H](O)C[C@]2(C)[C@@]1(O)C(=O)CO,42.02,539,3.738145695
CCCCCCCCOc1ccc(N=Cc2ccc(OC)cc2)cc1,42.29,377.3,3.744550651
CCCCCCCCOC(=O)C(C)c1ccc2cc(OC)ccc2c1,29.3,306.9,3.377587516
CCC(=O)O[C@H]1CC[C@H]2[C@@H]3CCC4=CC(=O)CC[C@]4(C)[C@H]3CC[C@]12C,25.64,393,3.244153632
Cc1cn(CCCCCCCCCCCCn2cc(C)c(O)nc2=O)c(=O)nc1O,43.95,462,3.783052624
CCCCCCCCOC1=CC(=O)C(OCCCCCCCC)=CC1=O,43,405.8,3.761200116
CCCCCCCCCCCCCCCC(O)=NC(CC(C)C)C(=O)O,60.6,355.1,4.104294893
CC1(C)CCCCCCCCC(C)(C)CCCCCCCC1,39.58,359.2,3.67832394
CCCCCCN=C(O)CCCCCCCCC(O)=NCCCCCC,53.56,415,3.980802521
CCCCCCCCCCCCCCCCCCCC(=O)OCC,68.62,315,4.228584037
CCCCCCCCCCCCCCCCCCCC(=O)OCC,68.6,313.6,4.228292535
CCCCCCCCCCCCCCCCCCCCC(=O)OC,75.1,321.2,4.318820559
CCCCCCCCCCCC(=O)OCCCCCCCCCC,63.67,293.2,4.153713494
CCCCCCCCCCCCCCCC(=O)OCCCCCC,56.19,287.6,4.028738805
CCCCCCCCCCCCCCCCCCCCCC(=N)O,63.3,383.3,4.147885329
CCCCCCCCCCCCCCCC(O)=NCCCCCC,57,343.1,4.043051268
OCCCCCCCCCCCCCCCCCCCCCCO,46.5,379.4,3.839452313
O=C1c2ccccc2C(=O)C1C(=O)C(c1ccccc1)c1ccc(Cl)cc1,34.54,416.5,3.542118073
CC(C)c1ccccc1OC(=O)c1c2ccccc2nc2ccccc12,29,396,3.36729583
Cc1cc(C)c(OC(=O)c2c3ccccc3nc3ccccc23)c(C)c1,24.4,405,3.194583132
O=C[C@@](C(=O)c1ccccc1)(c1ccccc1)C(C[N+](=O)[O-])c1ccccc1,32,408.8,3.465735903
C=C(C)[C@H]1Cc2c(ccc3c2O[C@@H]2COc4cc(OC)c(OC)cc4[C@@H]2C3=O)O1,35.64,437.9,3.573468603
O=S1(=O)c2cccc3cccc(c23)N1CCCN1CCN(c2ccc(F)cc2)CC1,25.6,366.3,3.242592351
O=S1(=O)c2cccc3cccc(c23)N1CCCN1CCN(c2ccc(F)cc2)CC1,27.8,375.1,3.325036021
O=S1(=O)c2cccc3cccc(c23)N1CCCN1CCN(c2ccc(F)cc2)CC1,29.4,374.8,3.380994674
CCOC(=O)C(C(=O)OCC)(C(=O)OCC)C(c1ccccc1)c1ccccc1,29.5,333.2,3.384390263
OC1=Nc2cc(OCCCCN3CCN(c4cccc(Cl)c4Cl)CC3)ccc2CC1,38.36,422.1,3.64701525
OC1=Nc2cc(OCCCCN3CCN(c4cccc(Cl)c4Cl)CC3)ccc2CC1,41.51,416.3,3.725934362
OC1=Nc2cc(OCCCCN3CCN(c4cccc(Cl)c4Cl)CC3)ccc2CC1,39.97,412.4,3.688129173
OC1=Nc2cc(OCCCCN3CCN(c4cccc(Cl)c4Cl)CC3)ccc2CC1,40.76,408.1,3.707701208
CCC[C@H]1CC[C@H](c2ccc(C(=O)Cc3ccc([N+](=O)[O-])cc3)cc2)CC1,38.87,436.5,3.660222745
CCCC=CCCCCCCOc1ccc(OC(=O)c2ccc(C#N)s2)cc1,52.72,346.1,3.96499489
COc1ccc(Cl)cc1C(O)=NCCc1ccc(S(=O)(=O)NC(O)=NC2CCCCC2)cc1,41.89,450.2,3.735047135
COc1ccc(Cl)cc1C(O)=NCCc1ccc(S(=O)(=O)NC(O)=NC2CCCCC2)cc1,55.4,446.9,4.014579594
COc1ccc(Cl)cc1C(O)=NCCc1ccc(S(=O)(=O)NC(O)=NC2CCCCC2)cc1,46.3,446.8,3.835141961
CCCCC(=O)Oc1ccc2c(c1)CC[C@@H]1[C@@H]2CC[C@]2(C)C(=O)CC[C@@H]12,25,398,3.218875825
CCCC=CCCCCCCOc1ccc(OC(=O)c2ccc(OC)s2)cc1,61.92,334.1,4.125843229
CC(=O)OCC(=O)[C@@]1(O)CC[C@H]2[C@@H]3CCC4=CC(=O)C=C[C@]4(C)[C@H]3[C@@H](O)C[C@@]21C,42.3,515,3.744787086
CC(=O)OCC(=O)[C@@]1(O)CC[C@H]2[C@@H]3CCC4=CC(=O)C=C[C@]4(C)[C@H]3[C@@H](O)C[C@@]21C,38.67,511,3.655064106
CC(=O)OCC(=O)[C@@]1(O)CC[C@H]2[C@@H]3CCC4=CC(=O)CC[C@]4(C)[C@H]3C(=O)C[C@@]21C,38.43,509,3.648838405
CCCCCCCCOc1ccc(N=Cc2cc(C)cc(C)c2)cc1,37.73,324.7,3.630455534
CCCCCCCCOc1ccc(N=Cc2cc(OC)cc(OC)c2)cc1,35.3,316.3,3.563882964
CC(C)CCOc1ccc(NC(=S)Nc2ccc(OCCC(C)C)cc2)cc1,38.1,415.3,3.640214282
Cc1cc(Cc2cc(C)cc(C(C)(C)C)c2O)c(O)c(C(C)(C)C)c1,29.33,403.7,3.378610883
CC(=O)OCC(=O)[C@H]1CC[C@H]2[C@@H]3CCC4=CC(=O)CC[C@]4(C)[C@H]3CC[C@]12C,29.66,430,3.389799337
CCCC(=O)O[C@H]1CC[C@H]2[C@@H]3CCC4=CC(=O)CC[C@]4(C)[C@H]3CC[C@]12C,24.75,382,3.208825489
CCCCCCCCCCCCCCCCOC(=O)c1c([N+](=O)[O-])cc([N+](=O)[O-])cc1[N+](=O)[O-],29.54,393.3,3.385745277
CC(C)(C)N=C(O)[C@H]1CC[C@H]2[C@@H]3CC[C@H]4N=C(O)C=C[C@]4(C)[C@H]3CC[C@]12C,33.2,530.2,3.502549876
N=C(O)OCCCCCCCCCCCCCCCC(Br)c1ccc([N+](=O)[O-])cc1,62.62,382.9,4.137084716
CCCCCCCCCCCCCCCCN=C(O)Nc1ccc([N+](=O)[O-])cc1,53.94,392.6,3.987872318
CCCCCCCCCCCC(=O)CCCCCCCCCCC,78.03,342.2,4.357093368
CCCCCCCCCCCCCCCCCCCCCCC(=O)O,75,352,4.317488114
OCCCCCCCCCCCCCCCCCCCCCCCO,46.5,380.7,3.839452313
c1cc2ccc3ccc4ccc5ccc6ccc1c1c2c3c4c5c61,19.2,710.5,2.954910279
c1ccc2c(c1)cc1c3ccccc3c3cccc4ccc2c1c43,32.1,517.9,3.46885603
c1ccc2c(c1)cc1c3ccccc3c3cccc4ccc2c1c43,30.5,520.2,3.417726684
c1ccc2c(c1)cc1ccc3cccc4c5ccccc5c2c1c34,24.68,501.2,3.205993199
c1ccc2c(c1)cc1ccc3cc4ccccc4c4ccc2c1c34,27.87,556.8,3.327550841
c1ccc2c(c1)-c1cc3ccccc3c3cc4ccccc4c-2c13,24,505.5,3.17805383
c1ccc(-c2cc(-c3ccccc3)cc(-c3ccccc3)c2)cc1,32.6,445.2,3.484312288
c1ccc(-c2cc(-c3ccccc3)cc(-c3ccccc3)c2)cc1,33.4,446,3.5085559
c1ccc(-c2ccccc2-c2ccccc2-c2ccccc2)cc1,27.2,390.6,3.303216973
c1ccc(-c2cccc(-c3cccc(-c4ccccc4)c3)c2)cc1,27.7,360,3.321432413
c1ccc(-c2ccc(-c3ccc(-c4ccccc4)cc3)cc2)cc1,53.4,594.4,3.977810746
c1ccc(-c2ccc(-c3ccc(-c4ccccc4)cc3)cc2)cc1,57.6,586.7,4.053522568
CC(C)(C)c1ccccc1OC(=O)c1c2ccccc2nc2ccccc12,39.8,462,3.683866912
O=C1[C@H](CC[C@H](O)c2ccc(F)cc2)[C@@H](c2ccc(O)cc2)N1c1ccc(F)cc1,38.24,435.2,3.643882088
O=C1[C@H](CC[C@H](O)c2ccc(F)cc2)[C@@H](c2ccc(O)cc2)N1c1ccc(F)cc1,38.59,437.6,3.652993176
COc1ccc(CSc2nnc(SCc3ccc(OC)cc3)c3ccccc23)cc1,30.4,403.4,3.414442608
COCc1c(C(=O)OC(C)C)ncc2[nH]c3ccc(OCc4ccccc4)cc3c12,38.83,424,3.659193144
Cc1c(C)c2c(c(C)c1O)CCC(C)(COc1ccc(CC3SC(=O)N=C3O)cc1)O2,48.8,412.4,3.887730313
CN=C(O)Cc1ccc2ccn(C3CCN(CCc4ccccc4F)CC3)c2c1,38.2,421.3,3.642835516
CN=C(O)Cc1ccc2ccn(C3CCN(CCc4ccccc4F)CC3)c2c1,35.2,413,3.561046083
CCCC[C@H]1CC[C@H](c2ccc(C(=O)Cc3ccc([N+](=O)[O-])cc3)cc2)CC1,36.4,426.9,3.594568775
COc1cc2c(cc1OC)C(=O)C(CC1CCN(Cc3ccccc3)CC1)C2,27.1,366.4,3.299533728
COc1cc2c(cc1OC)C(=O)C(CC1CCN(Cc3ccccc3)CC1)C2,29.4,369.6,3.380994674
COc1cc2c(cc1OC)C(=O)C(CC1CCN(Cc3ccccc3)CC1)C2,32,365.4,3.465735903
COc1cc2c(cc1OC)C(=O)C(CC1CCN(Cc3ccccc3)CC1)C2,33.2,371.4,3.502549876
C[C@]12CCC(=O)C=C1[C@@H]1C[C@@H]1[C@H]1[C@@H]3[C@@H]4C[C@@H]4[C@@]4(CCC(=O)O4)[C@@]3(C)CC[C@@H]12,22.1,472.6,3.095577609
CC(=O)OCC(=O)[C@@]1(O)[C@H](C)C[C@H]2[C@@H]3CCC4=CC(=O)C=C[C@]4(C)[C@@]3(F)[C@@H](O)C[C@@]21C,37.72,503,3.630190458
CCCCCC(=O)Oc1ccc2c(c1)CC[C@@H]1[C@@H]2CC[C@]2(C)C(=O)CC[C@@H]12,23,370,3.135494216
CC(=O)S[C@@H]1CC2=CC(=O)CC[C@]2(C)[C@H]2CC[C@@]3(C)[C@@H](CC[C@@]34CCC(=O)O4)[C@H]12,20.77,481.6,3.033509638
CC(=O)S[C@@H]1CC2=CC(=O)CC[C@]2(C)[C@H]2CC[C@@]3(C)[C@@H](CC[C@@]34CCC(=O)O4)[C@H]12,22.9,480,3.131136911
CC(=O)S[C@@H]1CC2=CC(=O)CC[C@]2(C)[C@H]2CC[C@@]3(C)[C@@H](CC[C@@]34CCC(=O)O4)[C@H]12,20,478,2.995732274
CC(=O)S[C@@H]1CC2=CC(=O)CC[C@]2(C)[C@H]2CC[C@@]3(C)[C@@H](CC[C@@]34CCC(=O)O4)[C@H]12,22.1,483,3.095577609
c1ccc2c(c1)OCCOCCOCCOc1ccccc1OCCOCCOCCO2,53.7,373.9,3.983413002
c1ccc2c(c1)OCCOCCOCCOc1ccccc1OCCOCCOCCO2,51.3,375.5,3.937690752
c1ccc2c(c1)OCCOCCOCCOc1ccccc1OCCOCCOCCO2,52.25,375.4,3.956039891
CCCCCCCCCCCC(c1ccccc1)c1ccccc1,38.83,281.4,3.659193144
CCCCC(=O)O[C@H]1CC[C@H]2[C@@H]3CCC4=CC(=O)CC[C@]4(C)[C@H]3CC[C@]12C,24.57,380,3.201526187
CCCCCCCCCCCC(c1ccccc1)C1CCCCC1,35.19,275.8,3.560761951
OCCN(CCO)c1nc(N2CCCCC2)c2nc(N(CCO)CCO)nc(N3CCCCC3)c2n1,33.2,441.9,3.502549876
OCCN(CCO)c1nc(N2CCCCC2)c2nc(N(CCO)CCO)nc(N3CCCCC3)c2n1,28,438.9,3.33220451
CCCCCCCCCOC1=CC(=O)C(OCCCCCCCCC)=CC1=O,47.1,402.7,3.852273001
CCCCCCCCCCCC(C1CCCCC1)C1CCCCC1,44.35,300.6,3.792112709
CCCCCCCC/C=C\CCCCCCCCCCCCCC(=O)O,60.3,315,4.099332104
CCCCCCCCCCC(=O)OCCN=C(O)CCCCCCCCCC,53.6,340.1,3.981549068
C1CCCCCCCCCCCCCCCCCCCCCCC1,10.8,322,2.379546134
CCCCCCCCCCCCCCCCCCCCCCCC(=O)O,84.5,356.5,4.436751534
OCCCCCCCCCCCCCCCCCCCCCCCCO,51.2,381.5,3.935739532
CCCCCCCCCSC(SCCCCCCCCC)[C@H](O)[C@H](O)[C@@H](O)[C@H](C)O,54.4,387.4,3.996364154
C[C@]12CC[C@@H]3c4ccc(OC(=O)c5ccccc5)cc4CC[C@H]3[C@@H]1CC[C@@H]2O,41.75,464.1,3.731699451
CC(=O)OCC(=O)[C@@]1(O)[C@H](OC(C)=O)C[C@H]2[C@@H]3CCC4=CC(=O)C=C[C@]4(C)[C@@]3(F)[C@@H](O)C[C@@]21C,38.31,508,3.645710959
CCC[C@H]1CC[C@H](CCc2ccc(C(=O)Cc3ccc([N+](=O)[O-])cc3)cc2)CC1,35.56,420,3.571221411
CCCCC[C@H]1CC[C@H](c2ccc(C(=O)Cc3ccc([N+](=O)[O-])cc3)cc2)CC1,34.48,415.8,3.540379446
C#C[C@]1(OC(=O)C(C)(C)C)CC[C@H]2[C@@H]3CCC4=CC(=O)CC[C@@H]4[C@H]3CC[C@@]21C,37.8,500,3.632309103
CCCCCCC(=O)Oc1ccc2c(c1)CC[C@@H]1[C@@H]2CC[C@]2(C)C(=O)CC[C@@H]12,21,338,3.044522438
CCC[C@@H]1O[C@@H]2C[C@H]3[C@@H]4CCC5=CC(=O)C=C[C@]5(C)[C@H]4[C@@H](O)C[C@]3(C)[C@]2(C(=O)CO)O1,34.7,534,3.546739687
CCC(C)(C)C(=O)O[C@H]1C[C@@H](C)C=C2C=C[C@H](C)[C@H](CC[C@@H]3C[C@@H](O)CC(=O)O3)[C@H]21,30.13,415.1,3.405521353
CCC(C)(C)C(=O)O[C@H]1C[C@@H](C)C=C2C=C[C@H](C)[C@H](CC[C@@H]3C[C@@H](O)CC(=O)O3)[C@H]21,30,412.3,3.401197382
CCC(C)(C)C(=O)O[C@H]1C[C@@H](C)C=C2C=C[C@H](C)[C@H](CC[C@@H]3C[C@@H](O)CC(=O)O3)[C@H]21,28.4,413.3,3.346389145
CCC(C)(C)C(=O)O[C@H]1C[C@@H](C)C=C2C=C[C@H](C)[C@H](CC[C@@H]3C[C@@H](O)CC(=O)O3)[C@H]21,30.4,414.1,3.414442608
CCC(C)(C)C(=O)O[C@H]1C[C@@H](C)C=C2C=C[C@H](C)[C@H](CC[C@@H]3C[C@@H](O)CC(=O)O3)[C@H]21,24.5,410.9,3.198673118
CCC(C)(C)C(=O)O[C@H]1C[C@@H](C)C=C2C=C[C@H](C)[C@H](CC[C@@H]3C[C@@H](O)CC(=O)O3)[C@H]21,28.3,411.7,3.342861805
CCC(C)(C)C(=O)O[C@H]1C[C@@H](C)C=C2C=C[C@H](C)[C@H](CC[C@@H]3C[C@@H](O)CC(=O)O3)[C@H]21,29.55,412.5,3.386083744
CCC(C)(C)C(=O)O[C@H]1C[C@@H](C)C=C2C=C[C@H](C)[C@H](CC[C@@H]3C[C@@H](O)CC(=O)O3)[C@H]21,32.17,412.6,3.471034341
CCC(C)(C)C(=O)O[C@H]1C[C@@H](C)C=C2C=C[C@H](C)[C@H](CC[C@@H]3C[C@@H](O)CC(=O)O3)[C@H]21,29.59,413.8,3.387436466
CCC(C)(C)C(=O)O[C@H]1C[C@@H](C)C=C2C=C[C@H](C)[C@H](CC[C@@H]3C[C@@H](O)CC(=O)O3)[C@H]21,31.8,415.2,3.45946629
CCC(C)(C)C(=O)O[C@H]1C[C@@H](C)C=C2C=C[C@H](C)[C@H](CC[C@@H]3C[C@@H](O)CC(=O)O3)[C@H]21,32.6,412.7,3.484312288
CCC(C)(C)C(=O)O[C@H]1C[C@@H](C)C=C2C=C[C@H](C)[C@H](CC[C@@H]3C[C@@H](O)CC(=O)O3)[C@H]21,22.4,410,3.109060959
CCCCCCCCCCCCCCCCCCOC(=O)c1c([N+](=O)[O-])cc([N+](=O)[O-])cc1[N+](=O)[O-],30,392.3,3.401197382
CCCCCCCCCCCC(O)=NC(=S)N=C(O)CCCCCCCCCCC,50.5,315.7,3.921973336
CCCCCCCCCCCCCCCCCCCC1CCCCC1,77.79,316.2,4.354012888
CCCCCCCCCCCCCCCCCCCCCCCCC,51.2,327.1,3.935739532
CCCCCCCCCCCCCCCCCCCCCCCCC,55.53,325.9,4.016923415
CCCCCCCCCCCCCCCCCCCCCCCCC,57.8,326.4,4.056988776
CCCCCCCCCCCCCCCCCCCCCCCCC,56.66,327,4.037068494
CCCCCCCCCCCCCCCCCCCCCCCCC,56.75,326.7,4.038655656
CC(C)(C)CCC(CCC(C)(C)C)(CCC(C)(C)C)CCC(C)(C)C,48.53,472.7,3.882182163
c1ccc2c(c1)c1ccc3cccc4c5cccc6ccc2c(c65)c1c34,17.28,541.5,2.849549763
c1ccc2c(c1)C(=C1c3ccccc3-c3ccccc31)c1ccccc1-2,36.9,519.2,3.608211551
c1ccc(C(=C(c2ccccc2)c2ccccc2)c2ccccc2)cc1,37.45,496.1,3.62300671
CC(=O)N1CCN(c2ccc(OC[C@@H]3CO[C@@](Cn4ccnc4)(c4ccc(Cl)cc4Cl)O3)cc2)CC1,57.7,421.7,4.055257174
CC(=O)N1CCN(c2ccc(OC[C@@H]3CO[C@@](Cn4ccnc4)(c4ccc(Cl)cc4Cl)O3)cc2)CC1,52.85,423,3.967457712
CC(=O)N1CCN(c2ccc(OC[C@@H]3CO[C@@](Cn4ccnc4)(c4ccc(Cl)cc4Cl)O3)cc2)CC1,48.2,422.5,3.875359021
CC/C(=C(\c1ccccc1)c1ccc(OCCN(C)C)cc1)c1ccccc1,34,371,3.526360525
COC(=O)C1=C(C)NC(C)=C(C(=O)OCCN(C)Cc2ccccc2)C1c1cccc([N+](=O)[O-])c1,46,444.5,3.828641396
CCCC[C@H]1CC[C@H](CCc2ccc(C(=O)Cc3ccc([N+](=O)[O-])cc3)cc2)CC1,35.9,408.6,3.580737295
CCOC(=O)C1=C(C)NC(C)=C(C(=O)OCC)C1c1ccccc1/C=C/C(=O)OC(C)(C)C,45.96,455.3,3.827771453
CCCOc1ccc(OCCC)c2cc3c(OCCC)ccc(OCCC)c3cc12,43.93,410.2,3.782597458
CCCCCCCC(=O)Oc1ccc2c(c1)CC[C@@H]1[C@@H]2CC[C@]2(C)C(=O)CC[C@@H]12,24,348,3.17805383
CCCCCCC(C)Oc1ccc2c(c1)CC[C@@H]1[C@@H]2CC[C@]2(C)C(=O)CC[C@@H]12,19,331,2.944438979
CCCCCCCCOc1ccc2c(c1)CC[C@@H]1[C@@H]2CC[C@]2(C)C(O)CC[C@@H]12,21,338,3.044522438
CC1(C)CCC(=O)CCC(C)(C)CCC(C)(C)CCC(=O)CCC(C)(C)CC1,50.6,492.2,3.923951576
CCCCCCCCCCCCCCCCCCCCCCOC(=O)/C=C\C(=O)[O-],87.1,355.2,4.467056884
CCCCCCCCCCCCCCCCCCCCCCOC(=O)CCC(=O)[O-],93,346.8,4.532599493
CCCCCCCCCCCC(O)=NCCN=C(O)CCCCCCCCCCC,54.3,311.7,3.994524227
CCCCCCCCCCCCCCOC(=O)CCCCCCCCCCC,82.5,311.3,4.412798293
CCCCCCCCCCCCCCCCOC(=O)CCCCCCCCC,73.9,302.6,4.302712828
CCCCCCCCCCCCCCCCCCCCCCCCCC(=O)O,88.5,358.8,4.483002552
CCCCCCCCCCCCCCCC(O)=NCCCCCCCCCC,63,347,4.143134726
CCCCCCCCCCCCCCCCCCCCCCCCCCO,67.78,351.7,4.216267166
CCCCCCCCCCSC(SCCCCCCCCCC)[C@H](O)[C@H](O)[C@@H](O)[C@H](C)O,53.2,385.2,3.974058396
c1ccc(-c2ccc(-c3ccc(-c4cnc(-c5ccccc5)o4)cc3)cc2)cc1,42,504.2,3.737669618
c1ccc(-c2ccc(-c3ccc(-c4ncc(-c5ccccc5)o4)cc3)cc2)cc1,37,485.2,3.610917913
CCCC(=O)O[C@]1(C(=O)COC(C)=O)CC[C@H]2C3C[C@H](F)C4=CC(=O)C=CC4(C)[C@@]3(F)[C@@H](O)CC21C,32.3,470.9,3.47506723
CCCC(=O)O[C@]1(C(=O)COC(C)=O)CC[C@H]2C3C[C@H](F)C4=CC(=O)C=CC4(C)[C@@]3(F)[C@@H](O)CC21C,33,464.6,3.496507561
CCCC(=O)O[C@]1(C(=O)COC(C)=O)CC[C@H]2C3C[C@H](F)C4=CC(=O)C=CC4(C)[C@@]3(F)[C@@H](O)CC21C,32.5,467.1,3.481240089
CCOC(=O)O[C@]1(C(=O)COC(=O)CC)CC[C@H]2[C@@H]3CCC4=CC(=O)C=C[C@]4(C)[C@H]3C(O)C[C@@]21C,35.8,460.4,3.577947893
CCOC(=O)O[C@]1(C(=O)COC(=O)CC)CC[C@H]2[C@@H]3CCC4=CC(=O)C=C[C@]4(C)[C@H]3C(O)C[C@@]21C,36.9,356.2,3.608211551
CCCCC(=O)O[C@]1(C(=O)CO)[C@@H](C)C[C@H]2[C@@H]3CCC4=CC(=O)C=C[C@]4(C)[C@@]3(F)[C@@H](O)C[C@@]21C,32.9,468.2,3.493472658
CCCCC(=O)O[C@]1(C(=O)CO)[C@@H](C)C[C@H]2[C@@H]3CCC4=CC(=O)C=C[C@]4(C)[C@@]3(F)[C@@H](O)C[C@@]21C,27,455.8,3.295836866
C#C[C@]1(OC(=O)CCCCCC)CC[C@H]2[C@@H]3CCC4=CC(=O)CC[C@@H]4[C@H]3CC[C@@]21C,21.6,340,3.072693315
CCCCCCCCC(=O)Oc1ccc2c(c1)CC[C@@H]1[C@@H]2CC[C@]2(C)C(=O)CC[C@@H]12,24,337,3.17805383
CCCCCCCCCCCCCCCC(=O)OC[C@@H](N=C(O)C(Cl)Cl)[C@H](O)c1ccc([N+](=O)[O-])cc1,51.04,367.3,3.932609639
CC(C)=CCCC(C)C1CCC2C3CC=C4CC(O)CCC4(C)C3CCC12C,15.9,388.2,2.766319109
CC(C)CCC[C@@H](C)[C@H]1CC[C@H]2[C@@H]3CC=C4C[C@@H](O)CC[C@]4(C)[C@H]3CC[C@]12C,28.5,421.7,3.349904087
CC(C)CCC[C@@H](C)[C@H]1CC[C@H]2[C@@H]3CC=C4C[C@@H](O)CC[C@]4(C)[C@H]3CC[C@]12C,25.1,423.2,3.222867846
CC(C)CCC[C@@H](C)[C@H]1CC[C@H]2[C@@H]3CC=C4C[C@@H](O)CC[C@]4(C)[C@H]3CC[C@]12C,26.5,422.5,3.277144733
CC(C)CCC[C@@H](C)[C@H]1CC[C@H]2[C@@H]3CC=C4C[C@@H](O)CC[C@]4(C)[C@H]3CC[C@]12C,28.4,422.3,3.346389145
CC(C)CCC[C@@H](C)[C@H]1CC[C@H]2[C@@H]3CC=C4C[C@@H](O)CC[C@]4(C)[C@H]3CC[C@]12C,27.41,420.2,3.31090791
CC(C)CCC[C@@H](C)[C@H]1CC[C@H]2[C@@H]3CC=C4C[C@@H](O)CC[C@]4(C)[C@H]3CC[C@]12C,29.8,425.2,3.394508394
CC(C)CCC[C@@H](C)[C@H]1CC[C@H]2[C@@H]3CC=C4C[C@@H](O)CC[C@]4(C)[C@H]3CC[C@]12C,29.8,422.2,3.394508394
CC(C)CCCC(C)C1CCC2C3CCC4CCCCC4(C)C3CCC12C,25.4,351.8,3.234749174
CCCCCCCCCCC(CCCCCCCCCC)c1ccccc1,64.77,294.3,4.170842533
CCCCCCCCCCCCCCCCCCN=C(S)NCc1cccc(OC)c1,64.17,375.2,4.161535812
CC(C)CCC[C@@H](C)[C@H]1CC[C@H]2[C@@H]3CC[C@H]4C[C@@H](O)CC[C@]4(C)[C@H]3CC[C@]12C,22.6,413.5,3.117949906
CC(C)CCC[C@@H](C)[C@H]1CC[C@H]2[C@@H]3CC[C@@H]4C[C@H](O)CC[C@]4(C)[C@H]3CC[C@]12C,15.8,385.8,2.76000994
CC(C)CCC[C@@H](C)[C@H]1CC[C@H]2[C@@H]3CC[C@@H]4C[C@@H](O)CC[C@]4(C)[C@H]3CC[C@]12C,16.1,373.8,2.778819272
C=C(CC(=O)[O-])C(=O)OCCCCCCCCCCCCCCCCCCCCCC,93.3,360.1,4.535820108
CCCCCCCCCCCCCCOC(=O)CCCCCCCCCCCC,85.38,313.2,4.447111881
CCCCCCCCCCCCCCCCCCCCCCCCCCC,62.8,331.6,4.139955073
CCCCCCCCCCCCCCCCCCCCCCCCCCC,61.7,332.4,4.122283931
CCCCCCCCCCCCCCCCCCCCCCCCCCC,59.05,332.1,4.078384543
CCCCCCCCCCCCCCCCCCCCCCCCCCC,60.42,332,4.101320176
CCCCCCCCCCCCCCCCCCCCCCCCCCC,58.1,332.2,4.062165664
c1ccc2c(c1)cc1c3ccccc3c3cc4ccccc4c4ccc2c1c43,28.8,608,3.360375387
c1ccc(-c2ccc(-c3ccc(-c4csc(-c5ccccc5)c4)cc3)cc2)cc1,43,561.2,3.761200116
c1ccc(-c2ccc(-c3ccc(-c4cc(-c5ccccc5)cs4)cc3)cc2)cc1,42,554.2,3.737669618
c1ccc(-c2ccc(-c3ccc(-c4ccc(-c5ccccc5)cc4)s3)cc2)cc1,39,595.2,3.663561646
Oc1nc2ccccc2n1C1CCN(CCCC(c2ccc(F)cc2)c2ccc(F)cc2)CC1,42.74,492,3.75513525
Oc1nc2ccccc2n1C1CCN(CCCC(c2ccc(F)cc2)c2ccc(F)cc2)CC1,46.9,493.5,3.848017675
COc1ccc(CCN2CCC(N=c3[nH]c4ccccc4n3Cc3ccc(F)cc3)CC2)cc1,51.1,447.6,3.933784497
CC(=O)OCC(=O)[C@@]12OC3(CCCC3)O[C@@H]1C[C@H]1[C@@H]3CCC4=CC(=O)C=C[C@]4(C)[C@@]3(F)[C@@H](O)C[C@@]12C,33.1,527.1,3.499533282
c1ccc(C2(C3(c4ccccc4)CCCCCCC3)CCCCCCC2)cc1,35.98,432,3.582963229
CCCCCCCCCC(=O)Oc1ccc2c(c1)CC[C@@H]1[C@@H]2CC[C@]2(C)C(=O)CC[C@@H]12,29,344,3.36729583
CC(C)CCC[C@@H](C)[C@H]1CC[C@H]2[C@@H]3CC=C4C[C@@H](OC=O)CC[C@]4(C)[C@H]3CC[C@]12C,21.9,370,3.086486637
CCCCCCCCCCCOC1=CC(=O)C(OCCCCCCCCCCC)=CC1=O,52.1,397.2,3.953164949
CC1(C)CCCC(C)(C)CCC(=O)CCC(C)(C)CCCC(C)(C)CCC(=O)CC1,36.8,418.2,3.605497845
CC1(C)CCCCCC(C)(C)CCCC(C)(C)CCCCCC(C)(C)CCC1,47.7,439.2,3.864931398
CCCCCCCCCCCCCCOC(=O)CCCCCCCCCCCCC,89.4,314.8,4.493120682
CCCCCCCCCCCCCCCCOC(=O)CCCCCCCCCCC,83,311.4,4.418840608
CCCCCCCCCCCCCCCCCCCCCCCCCCCC,67.47,333.25,4.211683055
CCCCCCCCCCCCCCCCCCCCCCCCCCCC,67.38,334.2,4.210348238
CCCCCCCCCCCCCCCCCCCCCCCCCCCC,63,333.4,4.143134726
CCCCCCCCCCCCCCCCCCCCCCCCCCCC,65.3,334.9,4.178992036
CCCCCCCCCCCCCCCCCCCCCCCCCCCC,66.5,334,4.197201948
CCCCCCCCCCCCCCCCCCCCCCCCCCCC,63.4,334.7,4.149463861
CCCCCCCCCCCCCCCCCCCCCCCCCCCC,64.6,334.5,4.168214411
CCCCCCCCCCCCCCCCCCCCCCCCCCCC,66.9,334.4,4.203198967
CC#C[C@]1(O)CC[C@H]2[C@@H]3CCC4=CC(=O)CCC4=C3[C@@H](c3ccc(N(C)C)cc3)C[C@@]21C,31.7,467.1,3.456316681
CCCCCCCCCCC(=O)Oc1ccc2c(c1)CC[C@@H]1[C@@H]2CC[C@]2(C)C(=O)CC[C@@H]12,34,345,3.526360525
CC(C)(C)c1cc(Cc2cc(C(C)(C)C)c(O)c(C(C)(C)C)c2)cc(C(C)(C)C)c1O,42.97,447.7,3.760502198
CC(=O)O[C@H]1CC[C@@]2(C)C(=CC[C@H]3[C@@H]4CC[C@H]([C@H](C)CCCC(C)C)[C@@]4(C)CC[C@@H]32)C1,20.4,387.8,3.015534901
CCCCCCCCCCCCCC(O)=NC(=S)N=C(O)CCCCCCCCCCCCC,59.4,320.6,4.084294226
CCCCCCCCCCCCCCOC(=O)CCCCCCCCCCCCCC,94.25,318.6,4.545950826
CCCCCCCCCCCCCCCCCCCCCCCCCCCCC,66.94,336.8,4.203796696
CCCCCCCCCCCCCCCCCCCCCCCCCCCCC,70.8,337.1,4.259859001
CCCCCCCCCCCCCCCCCCCCCCCCCCCCC,66.11,336.6,4.191320021
c1ccc(-c2ccc(-c3cccc(-c4ccc(-c5ccccc5)cc4)c3)cc2)cc1,55,548.2,4.007333185
c1ccc(-c2ccc(-c3ccc(-c4cccc(-c5ccccc5)c4)cc3)cc2)cc1,56,531.2,4.025351691
c1ccc(-c2ccccc2-c2ccccc2-c2ccccc2-c2ccccc2)cc1,32.4,428.8,3.478158423
c1ccc(N(c2ccccc2)c2ccc(N(c3ccccc3)c3ccccc3)cc2)cc1,44.1,475.4,3.786459782
CCCCOc1ccc(OCCCC)c2c1C(=O)c1c(OCCCC)ccc(OCCCC)c1C2=O,32.28,473.9,3.474447843
CCCCOc1ccc(OCCCC)c2cc3c(OCCCC)ccc(OCCCC)c3cc12,49.93,410.2,3.910622025
CCCCCCCCCCCC(=O)Oc1ccc2c(c1)CC[C@@H]1[C@@H]2CC[C@]2(C)C(=O)CC[C@@H]12,31,342,3.433987204
CC(C)(C)c1cc(CSCc2cc(C(C)(C)C)c(O)c(C(C)(C)C)c2)cc(C(C)(C)C)c1O,43.1,417.2,3.763522997
CC1(C)CCCC(=O)CCCC(C)(C)CCC(C)(C)CCCC(=O)CCCC(C)(C)CC1,47.7,442.2,3.864931398
CCCCCCCCCCCCCC(O)=NCCN=C(O)CCCCCCCCCCCCC,62.5,323.9,4.135166557
CCCCCCCCCCCC(O)=NCCCCCCN=C(O)CCCCCCCCCCC,52.9,312,3.968403339
CCCCCCCCCCCCCCCCCCOC(=O)CCCCCCCCCCC,91.03,315.4,4.511189123
CC1(C)CCOC(C)(C)OCCC(C)(C)CCC(C)(C)CCOC(C)(C)OCCC(C)(C)CC1,57.3,406.4,4.048300624
CCCCCCCCCCCCCCCCCCCCCCCCCCCCCCBr,79.5,339.6,4.375757022
CCCCCCCCCCCCCCCCCCCCCCCCCCCCCC,70.1,338,4.249922794
CCCCCCCCCCCCCCCCCCCCCCCCCCCCCC,63.4,340.5,4.149463861
CCCCCCCCCCCCCCCCCCCCCCCCCCCCCC,74.3,339.3,4.308110952
CCCCCCCCCCCCCCCCCCCCCCCCCCCCCC,68.83,338.7,4.231639696
CC1(C)OC(CP(c2ccccc2)c2ccccc2)C(CP(c2ccccc2)c2ccccc2)O1,38.61,364.2,3.65351131
CC(C)(Sc1cc(C(C)(C)C)c(O)c(C(C)(C)C)c1)Sc1cc(C(C)(C)C)c(O)c(C(C)(C)C)c1,34.52,399.2,3.541538866
CC(C)(Sc1cc(C(C)(C)C)c(O)c(C(C)(C)C)c1)Sc1cc(C(C)(C)C)c(O)c(C(C)(C)C)c1,29.4,399.5,3.380994674
CC(C)(Sc1cc(C(C)(C)C)c(O)c(C(C)(C)C)c1)Sc1cc(C(C)(C)C)c(O)c(C(C)(C)C)c1,34.22,400,3.532810268
CC(C)CCC[C@@H](C)[C@H]1CC[C@H]2[C@@H]3CC=C4C[C@@H](OC(=O)C(C)C)CC[C@]4(C)[C@H]3CC[C@]12C,25.2,400.7,3.226843995
CCCCCCCCCCC(CCCCCCCCCC)CCCCCCCCCC,71.13,282.3,4.264509189
CCCCCCCCCCCCCCCCCCCCCCCCCCCCCCC,81.86,341.3,4.405010471
CCCCCCCCCCCCCCCCCCCCCCCCCCCCCCC,72.4,341.1,4.282206299
Cc1ccc(N(c2ccccc2)c2ccc(N(c3ccccc3)c3ccc(C)cc3)cc2)cc1,44,463.5,3.784189634
C(=NC1CCN(Cc2ccccc2)CC1)c1ccc(C=NC2CCN(Cc3ccccc3)CC2)cc1,38.7,427.2,3.6558396
CCCCCCOc1ccc(C(=O)[O-])c(CC#CC#CCc2cc(OCCCCCC)ccc2C(=O)[O-])c1,49.27,334.2,3.897315377
CC(C)C(=O)OCC(=O)[C@@]12O[C@H](C3CCCCC3)O[C@@H]1C[C@H]1[C@@H]3CCC4=CC(=O)C=C[C@]4(C)[C@H]3[C@@H](O)C[C@@]12C,25,478.4,3.218875825
CC1(C)CCCC(C)(C)CCOC(C)(C)OCCC(C)(C)CCCC(C)(C)CCOC(C)(C)OCC1,39.7,342.5,3.681351188
CCCCCCCCCCCCCCCCCCCCCCCCCCCCCCCC,74.4,344,4.309455942
CCCCCCCCCCCCCCCCCCCCCCCCCCCCCCCC,78,342.5,4.356708827
CCCCCCCCCCCCCCCCCCCCCCCCCCCCCCCC,79.74,341.9,4.378771342
CCCCCCCCCCCCCCCCCCCCCCCCCCCCCCCC,75.7,343.2,4.32677816
CCCCCCCCCCCCCCCCCCCCCCCCCCCCCCCC,76,342.1,4.33073334
CCCCCCCCCCCCCCCCCCCCCCCCCCCCCCCC,76.57,343.5,4.338205355
CC(C)(C)c1ccc(O[P@]2OCC3(CO[P@@](Oc4ccc(C(C)(C)C)cc4C(C)(C)C)OC3)CO2)c(C(C)(C)C)c1,41.51,448.15,3.725934362
CCCCCCCCCCCCCCCCCCCCCCCCCCCCCCCCC,83.1,344.8,4.420044702
Cc1cc2c(cc1Nc1ccccc1)C1(OC(=O)c3ccccc31)c1ccc(N(C)C3CCCCC3)cc1O2,39.9,476.2,3.686376324
CC(C)(C)c1cc(CCC(O)=NN=C(O)CCc2cc(C(C)(C)C)c(O)c(C(C)(C)C)c2)cc(C(C)(C)C)c1O,41.5,503,3.725693427
CCCC(CCC)(c1ccc(C(C)(C)C)cc1)C(CCC)(CCC)c1ccc(C(C)(C)C)cc1,40.58,419,3.703275334
CCCCCCCCCCCCCC(O)=NCCCCCCN=C(O)CCCCCCCCCCCCC,62.8,320.2,4.139955073
CCCCCCCCCCCCCCCCCCCCCCCCCCCCCCCCCC,82.9,345.8,4.417635062
CCCCCCCCCCCCCCCCCCCCCCCCCCCCCCCCCC,72,346.4,4.276666119
CCCCCCCCCCCCCCCCCCCCCCCCCCCCCCCCCC,79.9,346,4.380775853
CCCCCCCCCCCCCCCCCCCCCCCCCCCCCCCCCC,79.96,345.6,4.38152651
CCCCCCCCCCCCCCCCCCCCCCCCCCCCCCCCCCC,86.4,347.2,4.458987676
c1cc2cccc3c2c(c1)c1c2c4cccc5cccc(c54)c2c2c4cccc5cccc(c54)c2c31,25.4,666,3.234749174
c1ccc2c(-c3cc(-c4cccc5ccccc45)cc(-c4cccc5ccccc45)c3)cccc2c1,42.26,472,3.743841012
c1ccc(N(c2ccccc2)c2ccc(-c3ccc(N(c4ccccc4)c4ccccc4)cc3)cc2)cc1,46.2,504.6,3.832979798
CCCCCCCCCC(=O)Oc1ccc(C#CC#Cc2ccc(OC(=O)CCCCCCCCC)cc2)cc1,42.2,403,3.742420221
CCCCCCCCCCCCCCCCCCCCCCCCCCCCCCCCCCCC,81.6,350.2,4.401829262
CCCCCCCCCCCCCCCCCCCCCCCCCCCCCCCCCCCC,87.6,349,4.472780998
CCCCCCCCCCCCCCCCCCCCCCCCCCCCCCCCCCCC,87.5,348.9,4.471638793
CCCCCCCCCCCCCCCCCCCCCCCCCCCCCCCCCCCC,89,349.4,4.48863637
CCCCCCCCCCCCCCCCCCCCCCCCCCCCCCCCCCCC,86,348.7,4.454347296
CC(C)c1nc(CN(C)C(O)=N[C@H](C(O)=N[C@@H](Cc2ccccc2)C[C@H](O)[C@H](Cc2ccccc2)N=C(O)OCc2cncs2)C(C)C)cs1,67.6,394.1,4.213607983
CC(C)c1nc(CN(C)C(O)=N[C@H](C(O)=N[C@@H](Cc2ccccc2)C[C@H](O)[C@H](Cc2ccccc2)N=C(O)OCc2cncs2)C(C)C)cs1,65.34,399,4.179604406
Cc1cccc(N(c2ccccc2)c2ccc(-c3ccc(N(c4ccccc4)c4cccc(C)c4)cc3)cc2)c1,40.4,442.2,3.698829785
CCCCCCCCCCC(=O)Oc1ccc(C#CC#Cc2ccc(OC(=O)CCCCCCCCCC)cc2)cc1,36.2,399,3.589059119
CC(C)(C)c1cc(CCC(=O)OCCSCCOC(=O)CCc2cc(C(C)(C)C)c(O)c(C(C)(C)C)c2)cc(C(C)(C)C)c1O,49.09,340.6,3.893655348
CC(C)(C)c1cc(CCC(=O)OCCSCCOC(=O)CCc2cc(C(C)(C)C)c(O)c(C(C)(C)C)c2)cc(C(C)(C)C)c1O,48.8,350.5,3.887730313
CCCCC(CCCC)(c1ccc(C(C)(C)C)cc1)C(CCCC)(CCCC)c1ccc(C(C)(C)C)cc1,43.1,386,3.763522997
CC[C@H]1OC(=O)[C@H](C)[C@@H](O[C@H]2C[C@@](C)(OC)[C@@H](O)[C@H](C)O2)[C@H](C)[C@@H](O[C@@H]2O[C@H](C)C[C@H](N(C)C)[C@H]2O)[C@](C)(OC)C[C@@H](C)C(=O)[C@H](C)[C@@H](O)[C@]1(C)O,45.5,498.9,3.817712326
CCCCCCCCCCCCCCCC(O)=NCCCCCCN=C(O)CCCCCCCCCCCCCCC,85.7,332.5,4.450852826
CCCCCCCCCCCC(=O)Oc1ccc(C#CC#Cc2ccc(OC(=O)CCCCCCCCCCC)cc2)cc1,44,401,3.784189634
CCCCCCOc1cc(OCCCCCC)cc(-n2c3cc(OCCCCCC)ccc3c3ccc(OCCCCCC)cc32)c1,41.02,350.2,3.714059753
C1=Cc2nc1c(-c1ccccc1)c1ccc([nH]1)c(-c1ccccc1)c1nc(c(-c3ccccc3)c3ccc([nH]3)c2-c2ccccc2)C=C1,38.4,726.2,3.64805746
C1=Cc2nc1c(-c1ccccc1)c1ccc([nH]1)c(-c1ccccc1)c1nc(c(-c3ccccc3)c3ccc([nH]3)c2-c2ccccc2)C=C1,44.2,723.5,3.788724789
Cc1cccc(N(c2ccccc2)c2cc(N(c3ccccc3)c3cccc(C)c3)cc(N(c3ccccc3)c3cccc(C)c3)c2)c1,50.3,455.8,3.918005077
ClI,11.6,300.5,2.451005098
O=NCl,6,213.6,1.791759469
FN(F)F,0.4,66.37,-0.916290732
N=O,2.3,109.5,0.832909123
O=NCl,7.87,211.9,2.063058062
NN,12.65,274.6,2.537657215
[N-]=[N+]=O,6.5,182.4,1.871802177
O=[N+]([O-])[N+](=O)[O-],12.5,262,2.525728644
OO,12.2,272.7,2.501435952
FP(F)F,0.94,121.8,-0.061875404
ClN1P(Cl)N=P(Cl)(Cl)N(Cl)P1Cl,23.5,388.6,3.157000421
ClN1P(Cl)N=P(Cl)(Cl)N(Cl)P(Cl)N(Cl)P1Cl,32.2,400.6,3.471966453
[2H]S[2H],2.37,187.1,0.862889955
O=S(=O)=O,9.35,290.2,2.235376343
N=C(N)O,14.17,408.7,2.651127054
Sc1nncs1,20.5,414.5,3.020424886
CC(=O)O,11.44,289.6,2.437115986
CC(=N)O,13.5,342.7,2.602689685
CC(=N)O,12.4,380.8,2.517696473
CC(=N)O,13.65,353.8,2.613739522
OCCO,12.2,259.9,2.501435952
O=[N+]([O-])c1c[nH]nc1[N+](=O)[O-],11.74,361,2.463001814
O=[N+]([O-])c1cc[nH]n1,16.72,447.1,2.816605608
O=[N+]([O-])c1cc[nH]n1,16.43,447.6,2.799108932
c1cn[nH]c1,14.5,340.4,2.674148649
C=NCC#N,10.66,402.2,2.366498419
c1c[nH]cn1,11.6,363.7,2.451005098
Cc1nnc(S)s1,26.1,457.3,3.261935314
N#CCC(=N)O,22.65,392.8,3.120159852
OC1=NC(O)=NC1,20.86,492.4,3.03783345
O=C1OCCO1,13.5,309.1,2.602689685
OC1=NCCO1,16.3,363,2.791165108
SC1=NCCN1,21.99,468.5,3.090587805
CCC(=O)O,10.1,252.9,2.312535424
COC(=O)OC,11.9,277.6,2.4765384
CN=C(O)NC,12.76,376.4,2.546315278
N=c1nc(Cl)cc(Cl)[nH]1,19.5,496.4,2.970414466
Cn1nc([N+](=O)[O-])c([N+](=O)[O-])c1[N+](=O)[O-],19.35,365,2.962692419
O=C1C=CCO1,10.85,272.2,2.38416508
Cc1ncc[nH]1,14.7,416.8,2.687847494
Cc1c[nH]c(=N)s1,14.98,363.8,2.706715978
Cn1ccnc1S,21.4,417.3,3.063390922
Cn1ccnc1S,17.8,418.6,2.879198457
Cc1nnc(C)s1,16.4,336,2.797281335
CC(=O)OC(C)=O,10.5,199.9,2.351375257
O=S1(=O)CC=CC1,14.2,337.2,2.653241965
O=C(O)CCC(=O)O,32.72,458.7,3.487986512
O=C(O)C[C@H](O)C(=O)O,24.8,373.9,3.210843653
OC1=NCCCO1,15.3,355.3,2.727852828
CCCC(=O)O,11.65,267.8,2.45530618
O=S1(=O)CCCC1,8.42,286.9,2.130609828
CCCC(=N)O,18.5,285.1,2.917770732
CC(C)C(=N)O,18.71,401.1,2.92905814
CC(=O)N(C)C,10.4,254.1,2.341805806
CC(=O)N(C)C,11.1,250.9,2.406945108
OCCOCCO,18.1,265.1,2.895911938
OC[C@@H](O)[C@@H](O)CO,44.6,396.4,3.797733859
OC[C@@H](O)[C@@H](O)CO,41.5,391.2,3.725693427
OC[C@@H](O)[C@@H](O)CO,40.7,391.9,3.706228092
OC[C@@H](O)[C@@H](O)CO,39,387.1,3.663561646
OC[C@@H](O)[C@@H](O)CO,40.7,391.7,3.706228092
CCNCCO,16.5,263.9,2.803360381
CC(N)(CO)CO,3,384.6,1.098612289
NC(CO)(CO)CO,3.37,445.2,1.214912744
O=[N+]([O-])c1ncccc1O,22.04,342.8,3.092858984
O=[N+]([O-])c1cc[n+]([O-])cc1,17.48,434,2.86105737
O=C(O)c1cccs1,19.59,401.4,2.975019232
O=C(O)c1ccco1,21.94,405.1,3.088311455
N=c1ccc(Cl)c[nH]1,27.86,407.7,3.327191968
[O-][n+]1ccccc1,9.68,337,2.270061901
[O-][n+]1ccccc1S,13.3,344.4,2.587764035
[O-][n+]1cccc(O)c1,18.81,462.9,2.934388643
N=C(O)c1cnccn1,28.6,461.9,3.353406718
N=C(O)c1cnccn1,25.5,462.1,3.238678452
N=C(O)c1cnccn1,27.1,462.5,3.299533728
COc1cc(Cl)[nH]c(=N)n1,24.8,446.9,3.210843653
Nc1ccccn1,18.33,330.1,2.908539062
Nc1ccccn1,14.68,334.1,2.686486023
Cc1ccco1,9.02,184.4,2.199444334
O=C1CCCC(=O)O1,12.46,329.2,2.522523513
CC(CO)(CO)C(=O)O,3.76,455.7,1.324418957
CC(CO)(CO)C(=O)O,3.54,463.2,1.264126727
CC(=O)C1CCOC1=O,15.3,342.9,2.727852828
Cc1ncc([N+](=O)[O-])n1C,19.11,411.65,2.950211758
Cc1cc(C)[nH]n1,17.4,379.8,2.856470206
Cc1cc(C)[nH]n1,16.1,382.2,2.778819272
Cc1cc(C)[nH]n1,16.49,381.8,2.802754137
CCc1ncc[nH]1,8.9,358.7,2.186051277
CC1(C)N=C(O)N=C1O,22.2,448.9,3.100092289
CC1CCC(=O)O1,7.1,238.3,1.960094784
O=C(O)CCCC(=O)O,12.35,370.7,2.513656063
CCCCC(=O)O,14.3,238.9,2.660259537
CCOC(=O)OCC,9.1,196.4,2.208274414
O=C[C@H](O)[C@@H](O)[C@@H](O)CO,38.3,433.1,3.645449896
CCN=C(S)NCC,15.67,351.3,2.751748056
OC[C@@H](O)C(O)[C@H](O)CO,39.6,381.8,3.678829118
OC[C@H](O)C(O)[C@@H](O)CO,36.8,375,3.605497845
OC[C@H](O)C(O)[C@@H](O)CO,42.6,376,3.751854253
CC(C)NCCO,19,289,2.944438979
Fc1c(I)c(F)c(I)c(F)c1I,13.5,424,2.602689685
Oc1c(Br)c(Br)c(Br)c(Br)c1Br,18.5,496.3,2.917770732
Oc1c(Br)cc(Br)cc1Br,20.8,366.1,3.034952987
N#Cc1cccnc1,16.73,325.1,2.817203515
N#Cc1ccncc1,18.09,353.6,2.895359299
Nc1cc([N+](=O)[O-])ccc1Cl,27.03,393.4,3.29694736
Nc1ccc(Cl)cc1[N+](=O)[O-],22.28,388.9,3.103689415
Nc1cc(Cl)cc(Cl)c1,19.3,323.2,2.960105096
O=C(O)c1ccccn1,23.1,408.9,3.139832618
N#Cc1ccc2c(c1)OCO2,27.06,366.8,3.298056623
O=C(O)c1ccc[n+]([O-])c1,23.55,531.5,3.15912582
O=C(O)c1cc[n+]([O-])cc1,24.11,541.7,3.182626692
c1ccc2[nH]nnc2c1,15.22,369.3,2.722610352
On1nnc2ccccc21,20.05,424.3,2.998229154
c1ccccc1,9.81,278.2,2.283402274
Nc1ccc(Cl)cc1,19.7,343,2.980618636
N=C(O)c1ccccn1,19.2,379.5,2.954910279
NC(=O)c1ccncc1,23.1,428.4,3.139832618
NC(=O)c1ccncc1,22.6,428.5,3.117949906
CC(=O)c1cnccn1,21.21,347.9,3.054472769
Cc1cnc(C(=O)O)cn1,28.6,440.35,3.353406718
Cc1ccc(C=O)o1,11.56,240.5,2.447550863
Oc1cccc(O)c1,19.84,383.7,2.987700102
Oc1cccc(O)c1,20.2,382.2,3.005682604
Oc1ccc(O)cc1,25.76,445.8,3.248822901
Cc1occc(=O)c1O,21.2,433.4,3.054001182
Nc1ccccc1O,32.6,447.5,3.484312288
Nc1cccc(O)c1,23.44,394.6,3.154443965
Nc1ccc(O)cc1,31.42,460,3.447444633
Cc1ccc[n+]([O-])c1,10.5,310.3,2.351375257
Cc1cc[n+]([O-])cc1,18.9,457.8,2.939161922
NNC(=O)c1ccncc1,28.13,446,3.336836623
NNC(=O)c1ccncc1,31.1,443.5,3.437207819
Nc1ccccc1N,23.75,346.2,3.16758253
Nc1cccc(N)c1,15.5,336.1,2.740840024
Cc1cncc(C)n1,18.6,310.3,2.923161581
Nc1ccc(S(N)(=O)=O)cc1,22.7,438.8,3.122364924
Nc1ccc(S(N)(=O)=O)cc1,23.4,437.6,3.152736022
CC(C)c1ncc[nH]1,14.8,405.2,2.694627181
Cc1cc(C)n(C)n1,17.6,312.5,2.867898902
Cc1n[nH]c(C)c1C,20.1,408.7,3.000719815
O=C[C@H](O)[C@@H](O)[C@@H](O)[C@H](O)CO,46.79,443.4,3.845669505
OC1C(O)C(O)C(O)C(O)C1O,50.15,500.1,3.915018514
OC1C(O)C(O)C(O)C(O)C1O,46.9,501.2,3.848017675
OCCOCCOCCOCCO,26.3,262.7,3.269568939
OC[C@@H](O)[C@@H](O)[C@H](O)[C@H](O)CO,55.5,443.9,4.016383021
OC[C@@H](O)[C@@H](O)[C@H](O)[C@H](O)CO,57.6,440,4.053522568
OC[C@@H](O)[C@@H](O)[C@H](O)[C@H](O)CO,53.16,438.5,3.973306234
OC[C@@H](O)[C@@H](O)[C@H](O)[C@H](O)CO,54.8,438.7,4.003690194
Cc1c(Br)c(Br)c(Br)c(Br)c1Br,29.3,559,3.377587516
N#Cc1ccccc1Cl,13.2,318.9,2.58021683
O=C(O)c1ccc([N+](=O)[O-])cc1Cl,23.02,413.7,3.136363403
O=C(O)c1cc([N+](=O)[O-])cc([N+](=O)[O-])c1O,35.72,445.6,3.575710756
O=C(O)c1ccccc1Br,24.5,422.4,3.198673118
O=C(O)c1cccc(Br)c1,21.3,429.7,3.058707073
O=C(O)c1ccc(Br)cc1,30.9,526.9,3.430756184
O=C(O)c1ccc(Br)cc1,28.7,527.6,3.356897123
COc1c(Br)cc(Br)cc1Br,23.9,359.4,3.173878459
COc1c(Cl)cc(Cl)cc1Cl,22.4,332.5,3.109060959
O=Cc1ccccc1[N+](=O)[O-],21.88,313.7,3.085572978
O=Cc1ccccc1[N+](=O)[O-],20.1,316.2,3.000719815
O=Cc1ccccc1[N+](=O)[O-],19.3,316.1,2.960105096
O=Cc1cccc([N+](=O)[O-])c1,23.02,329.8,3.136363403
O=Cc1cccc([N+](=O)[O-])c1,20.1,328.8,3.000719815
O=Cc1cccc([N+](=O)[O-])c1,19.9,328.2,2.990719732
O=Cc1ccc([N+](=O)[O-])cc1,23.2,379.8,3.144152279
O=C(O)c1cccc([N+](=O)[O-])c1,20.48,414.4,3.0194488
O=C(O)c1cccc([N+](=O)[O-])c1,20.49,415.2,3.019936962
Cc1c([N+](=O)[O-])cc([N+](=O)[O-])cc1[N+](=O)[O-],22.1,353.7,3.095577609
Cc1c([N+](=O)[O-])cc([N+](=O)[O-])cc1[N+](=O)[O-],20.63,353.1,3.026746327
N=C(O)c1ccccc1Cl,21.3,410.6,3.058707073
N=C(O)c1cccc(Cl)c1,23.3,405.7,3.148453361
NC(=O)c1ccc(Cl)cc1,26.8,451.4,3.288401888
Nc1cc(Cl)ccc1C(=O)O,28.76,507.5,3.358985533
N=c1[nH]c2ccccc2o1,19.3,402.7,2.960105096
N=C(O)c1ccccc1[N+](=O)[O-],27.8,445,3.325036021
N=C(O)c1cccc([N+](=O)[O-])c1,24.2,412.4,3.186352633
NC(=O)c1ccc([N+](=O)[O-])cc1,30.6,472.7,3.421000009
O=Cc1ccccc1O,13.3,272.3,2.587764035
O=Cc1cccc(O)c1,25.6,377.6,3.242592351
O=Cc1ccc(O)cc1,21.6,390.2,3.072693315
O=C(O)c1ccccc1,18.56,395.3,2.921008727
O=C(O)c1ccccc1O,24.04,432.1,3.17971911
O=C(O)c1ccccc1O,25,432,3.218875825
O=C(O)c1cccc(O)c1,33.9,469.1,3.523415014
O=C(O)c1cc(O)cc(O)c1,35.9,510.3,3.580737295
N=C(O)c1ccccc1,19.2,401.1,2.954910279
Nc1ccc(C(=O)O)c(O)c1,62.1,412.3,4.128745989
N=c1[nH]c2ccccc2[nH]1,23.9,505.2,3.173878459
N=C(O)c1ccccc1N,21.9,383.7,3.086486637
Cc1ccc(N)c([N+](=O)[O-])c1,21.15,388.6,3.051639905
COc1ccccc1O,15.02,297.2,2.709382646
Cc1cc(C)c[n+]([O-])c1,12.38,374.5,2.516082267
O=C(O)CC1CCCC1,12.55,284.7,2.529720666
CCCOC(=O)OCCC,17.5,215.4,2.862200881
CCCC(O)CCC,8.3,235.1,2.116255515
CCC(O)(CC)CC,9.5,259.4,2.251291799
CCC(O)C(C)(C)C,8.6,280.5,2.151762203
CC(C)C(O)C(C)C,5.9,260.7,1.774952351
CNC[C@H](O)[C@@H](O)[C@H](O)[C@H](O)CO,51.3,400.9,3.937690752
N#Cc1cccc([N+](=O)[O-])c1C#N,19.2,435.6,2.954910279
N#Cc1cccc(C#N)c1,24.29,433.5,3.190064743
O=C1N=C(O)c2cccc([N+](=O)[O-])c21,28.58,473.7,3.352707173
O=C1N=C(O)c2ccc([N+](=O)[O-])cc21,25.45,491,3.236715743
CCc1c(Br)c(Br)c(Br)c(Br)c1Br,13.4,408.9,2.595254707
N=c1[nH]c2ccc(OC(F)(F)F)cc2s1,18.67,394,2.926917958
N=c1[nH]c2ccc(OC(F)(F)F)cc2s1,19.62,392.4,2.976549454
Cc1c(Br)c(Br)c(C)c(Br)c1Br,23.9,527.4,3.173878459
N#CCc1ccc([N+](=O)[O-])cc1,16.05,384.2,2.77570885
Cc1nc2ccc([N+](=O)[O-])cc2o1,27.9,429.5,3.328626689
O=Cc1cccc(C(=O)O)c1,30.04,447.5,3.402529827
BrCc1cc(Br)c(CBr)cc1Br,28,430.1,3.33220451
O=C(O)c1c(O)cccc1O,25.3,440.2,3.230804396
Cc1ccc(C(=O)O)c(Br)c1,23.5,414.9,3.157000421
Cc1ccc(Br)c(C(=O)O)c1,21.9,407.8,3.086486637
Cc1c(Br)cccc1C(=O)O,26.3,425.2,3.269568939
Cc1cc(Br)ccc1C(=O)O,29.8,454,3.394508394
Cc1cc(C(=O)O)ccc1Br,27.6,485.4,3.317815773
c1ccc2[nH]ccc2c1,10.9,325.7,2.388762789
OC1=Nc2ccccc2C1,16.47,393.9,2.801540544
CC(=O)c1cccc([N+](=O)[O-])c1,16.15,349.7,2.78192005
CC(=O)c1cccc([N+](=O)[O-])c1,19.77,352.6,2.984165637
CC(=O)c1ccc([N+](=O)[O-])cc1,23.93,353.8,3.175132902
COC(=O)c1ccc([N+](=O)[O-])cc1,24.4,369.4,3.194583132
O=C(O)Cc1ccccc1[N+](=O)[O-],26.86,412.8,3.290638191
CC(O)=Nc1cccc(Br)c1,14,353.7,2.63905733
CC(O)=Nc1ccc(Br)cc1,27.7,441.1,3.321432413
CC(O)=Nc1cccc(Cl)c1,16.2,345.3,2.785011242
CC(O)=Nc1ccc(Cl)cc1,27.14,448.8,3.301008654
CC(O)=Nc1ccc(Cl)cc1,28,451.4,3.33220451
Nc1cc(C(Cl)=C(Cl)Cl)c(S(N)(=O)=O)cc1S(N)(=O)=O,33,471.2,3.496507561
c1ccc(-c2ncc[nH]2)cc1,15.35,420.1,2.731115474
c1ccc(-c2cnc[nH]2)cc1,21.28,418.9,3.057767664
O=[N+]([O-])CC(O)=Nc1ccccc1,17.22,362.5,2.846071499
NS(=O)(=O)Cc1noc2ccccc12,35.78,435.2,3.577389078
Cc1ccccc1C=O,10.2,233.4,2.32238772
Cc1ccc(C=O)cc1,11,263.1,2.397895273
Cc1cccc(CO)c1,13.56,264.3,2.607124283
COc1ccccc1C=O,20.4,310.2,3.015534901
CC(=O)c1cccc(O)c1,24.3,368,3.19047635
CC(=O)c1ccc(O)cc1,18.1,382,2.895911938
CC(=O)c1ccc(O)cc1,19.1,377.7,2.949688335
CC(=O)Oc1ccccc1,12.8,266,2.549445171
Cc1ccc(C(=O)O)cc1,21.51,452.1,3.068517943
COc1cccc(C(=O)O)c1,26.37,378.5,3.272227
COC(=O)c1ccccc1O,16.29,271.5,2.790551423
COC(=O)c1cccc(O)c1,20.12,344.3,3.001714345
COC(=O)c1ccc(O)cc1,28.8,399,3.360375387
COC(=O)c1ccc(O)cc1,25.7,398.9,3.246490992
COC(=O)c1ccc(O)cc1,25.03,396.3,3.220075105
COc1ccc(C=O)cc1O,31.83,385.9,3.460409241
O=C(O)c1ccc(CO)cc1,26.83,454.5,3.289520664
O=C(O)C(O)c1ccccc1,24.52,393.2,3.199489111
N=C(O)Cc1ccccc1,27.2,431.35,3.303216973
Cc1ccccc1C(=N)O,21.6,414.9,3.072693315
Cc1cccc(C(=N)O)c1,20.8,365.9,3.034952987
Cc1ccc(C(N)=O)cc1,25.8,432.8,3.250374492
CC(O)=Nc1ccc(O)cc1,28.8,442.3,3.360375387
CC(O)=Nc1ccc(O)cc1,27.2,441.7,3.303216973
CC(O)=Nc1ccc(O)cc1,34.1,443.5,3.529297384
CC(O)=Nc1ccc(O)cc1,33.5,431.7,3.511545439
CC(O)=Nc1ccc(O)cc1,28.1,441.8,3.335769576
CC(O)=Nc1ccc(O)cc1,27.6,429.6,3.317815773
CC(O)=Nc1ccc(O)cc1,26.4,433,3.27336401
CC(O)=Nc1ccc(O)cc1,27.1,445,3.299533728
CC(O)=Nc1ccc(O)cc1,27.1,443.6,3.299533728
CC(O)=Nc1ccc(O)cc1,27.5,442,3.314186005
CC(O)=Nc1ccc(O)cc1,30.1,443.2,3.404525172
CC(O)=Nc1cccc(O)c1,26,420,3.258096538
CC(O)=Nc1cccc(O)c1,21.3,399,3.058707073
COC(=O)c1ccccc1S(N)(=O)=O,30.2,398.2,3.407841924
COc1cc(Cl)c(OC)cc1N,24.6,389.4,3.202746443
CCNc1ccc([N+](=O)[O-])cc1,22.7,367.3,3.122364924
CC(O)=NS(=O)(=O)c1ccc(N)cc1,27.5,453.8,3.314186005
Cc1ccc(C)c(O)c1,19.88,344.9,2.989714201
COc1ccc(OC)c(N)c1,23.2,352.6,3.144152279
Cc1nc(C)c(C)nc1C,21.4,357.6,3.063390922
Cc1nc(C)c(C)nc1C,16.41,358.6,2.797890905
NC(=O)c1ncn([C@@H]2O[C@H](CO)[C@@H](O)[C@H]2O)n1,28.3,445.5,3.342861805
CC(O)=N[C@@H](CC(C)C)C(=O)O,26.85,457.2,3.290265821
CN1CCCN2CCCN=C12,10.7,290,2.370243741
C1CCCCCCC1,2.28,285.5,0.824175443
CCCCCCCC=O,25.66,246.6,3.244933359
CCCCCCCC(=N)O,24.4,379.6,3.194583132
OCCOCCOCCOCCO,30.1,268.3,3.404525172
Oc1c(Br)cc(Br)c2cccnc12,36.96,473.1,3.609836247
Oc1ccc(Cl)c2cccnc12,25.68,395.7,3.245712479
Oc1ccc(Cl)c2cccnc12,25.3,395.5,3.230804396
N#CCN=C(O)c1cnccc1C(F)(F)F,31.18,426.4,3.439776864
Cc1ccc2c(c1)C(=O)OC2=O,19.25,361.5,2.957511061
NC1(N)NN=C(c2cccc(Cl)c2Cl)C(N)(N)N1,43.2,492.2,3.765840495
[O-][n+]1cccc2ccccc21,10.23,328.6,2.32532458
COC(=O)c1ccc(C#N)cc1,21.8,338.2,3.08190997
Sc1nc(-c2ccccc2)cs1,21.7,442.4,3.077312261
O=C(O)/C=C/c1ccccc1,22.1,406.9,3.095577609
COC(=O)c1ccc(C=O)cc1,21.4,335.2,3.063390922
O=C(O)/C=C/c1ccc(O)cc1,27.42,492.4,3.311272674
O=C(O)/C=C\c1ccc(O)c(O)c1,27.68,505.7,3.320710131
CC(=O)Oc1ccccc1C(=O)O,31.8,418.5,3.45946629
CC(=O)Oc1ccccc1C(=O)O,25.4,409.9,3.234749174
CC(=O)Oc1ccccc1C(=O)O,33.8,412.4,3.520460802
CC(=O)Oc1ccccc1C(=O)O,31.96,411.8,3.464485121
Cc1cc2ccccc2[nH]1,14.7,351.1,2.687847494
Cc1cc2ccccc2[nH]1,14.8,332,2.694627181
N=C(O)C1C2C=CC(C2)C1C(=N)O,20.84,458.4,3.036874217
Cc1nnc(NS(=O)(=O)c2ccc(N)cc2)s1,33.3,482.2,3.505557397
CCC(=O)c1ccc(O)cc1,31.64,421.4,3.454422143
COc1ccc(C(C)=O)cc1,16.8,310.3,2.821378886
CCOC(=O)c1cccc(O)c1,25.8,345.4,3.250374492
COC(=O)c1ccccc1OC,16.6,276.4,2.809402695
COC(=O)c1ccc(OC)cc1,19.9,321.2,2.990719732
CCOc1ccc(C=O)cc1O,28.2,399.9,3.339321978
CN(C)c1ccc(C=O)cc1,19.9,345.4,2.990719732
CN(C)c1ccc(C=O)cc1,19.8,346.7,2.985681938
CN(C)c1ccc(C=O)cc1,20.6,348,3.025291076
CN(C)c1ccc(C=O)cc1,18.8,346.4,2.93385687
CCOC(=O)c1ccc(N)cc1,21.9,363.2,3.086486637
CNc1ccc(C(=O)OC)cc1,27.5,366,3.314186005
COCCNc1ccc([N+](=O)[O-])cc1,27.3,358.9,3.306886702
O=c1nc(O)ccn1[C@@H]1O[C@H](CO)[C@@H](O)[C@H]1O,37,437.9,3.610917913
Cc1cc(C)c(O)c(C)c1,21.4,345.1,3.063390922
CC(C)c1ccccc1O,10.98,285,2.396075436
COc1cccc(OC)c1OC,20.2,318.3,3.005682604
CNCC(O)c1ccccc1,17.7,349.5,2.87356464
N=c1ccn([C@@H]2O[C@H](CO)[C@@H](O)[C@@H]2O)c(O)n1,40.6,493.5,3.703768067
CC1(C)CC(O)CC(C)(C)N1,33.7,408.7,3.517497837
O=C1C=CC(=O)N1c1ccccc1Br,19.1,357.2,2.949688335
O=C1C=C(c2ccccc2)C(=O)O1,25.9,394.4,3.254242969
c1ccc2ccccc2c1,20.87,355,3.038312721
Oc1cccc2ccccc12,21.9,367.9,3.086486637
Oc1ccc2ccccc2c1,22.4,394.3,3.109060959
Oc1ccc2c(O)cccc2c1,25.8,410.2,3.250374492
Nc1cccc2ccccc12,14.5,321.3,2.674148649
Nc1ccc2ccccc2c1,22.2,382.6,3.100092289
c1ccc(-n2cccc2)cc1,17.3,329.7,2.850706502
CC1(c2ccccc2)N=C(O)N=C1O,26.7,471.9,3.284663565
Cc1ccc2c(c1)C(=O)CC2,19.7,335.1,2.980618636
CC(=O)Oc1cccc(C(C)=O)c1,23.2,316.2,3.144152279
CC(=O)Oc1ccc(C(C)=O)cc1,20.8,324.1,3.034952987
COc1cc(/C=C/C(=O)O)ccc1O,33.5,448,3.511545439
COc1cc(/C=C/C(=O)O)ccc1O,33.5,445.1,3.511545439
COC(=O)c1ccc(C(=O)OC)cc1,31.66,416,3.455054054
COC(=O)c1ccc(C(=O)OC)cc1,28.16,413.9,3.337902531
COc1cc(C=O)cc(OC)c1OC,23.6,347.7,3.161246712
Cc1cc(N)n(-c2ccccc2)n1,15.72,384.8,2.754933787
Cc1ccc(NC(=O)C(C)Cl)cc1,26.77,394.8,3.287281858
c1ccc(CC2=NCCN2)cc1,16.2,337.4,2.785011242
CCCC(=O)c1ccc(O)cc1,24,364.7,3.17805383
CC(=O)CCc1ccc(O)cc1,24.7,355,3.206803244
CC(=O)CCc1ccc(O)cc1,22.75,357.6,3.124565145
CCOC(=O)Cc1ccccc1,18,244,2.890371758
C/C=C/c1ccc(O)c(OC)c1,11.7,294.7,2.459588842
CC1=CC(=O)C(C(C)C)=CC1=O,19.44,318.5,2.967332799
CCCOC(=O)c1ccc(O)cc1,27.9,369.5,3.328626689
CCCOC(=O)c1ccc(O)cc1,28.4,369.4,3.346389145
COC(=O)c1c(C)cc(O)c(C)c1O,28.4,416.5,3.346389145
O=[N+]([O-])C1([N+](=O)[O-])C2CC3CC(C2)CC1C3,4.1,490.4,1.410986974
C=C(C)[C@H]1CC=C(C)C(=O)C1,11.2,246.7,2.415913778
BrC12CC3CC(CC(C3)C1)C2,4.8,390.9,1.568615918
BrC12CC3CC(CC(C3)C1)C2,7.4,311.6,2.00148
BrC1C2CC3CC(C2)CC1C3,4.2,414.7,1.435084525
ClC12CC3CC(CC(C3)C1)C2,5.2,438.9,1.648658626
ClC1C2CC3CC(C2)CC1C3,6.3,468,1.840549633
CCCN=C(O)NS(=O)(=O)c1ccc(Cl)cc1,29.33,398.4,3.378610883
CC(C)=C1CC[C@@H](C)CC1=O,6.5,213.1,1.871802177
COC(=O)C(C)(C)N=NC(C)(C)C(=O)OC,30.56,299.7,3.419691964
CC1(C)[C@H]2CC[C@@]1(C)[C@@H](O)C2,8.29,478.3,2.115049969
CC1(C)[C@@H]2CC[C@]1(C)[C@@H](O)C2,8.8,482.7,2.174751721
CC(C)[C@@H]1CC[C@@H](C)CC1=O,18.5,264,2.917770732
CC(C)[C@@H]1CC[C@@H](C)C[C@H]1O,13.47,315.6,2.60046499
CCCCCOC(=O)CCCC,17.07,198.7,2.837322537
CN=C(O)C(C)(C(C)C)C(C)C,15.13,334.6,2.716679528
CN1CC(C(O)C(O)C(O)CO)OC1(C)C,48.2,410.4,3.875359021
CN1CC(C(O)C(O)C(O)CO)OC1(C)C,48,395.3,3.871201011
OCCCCCCCCCCO,44,354.9,3.784189634
OCCOCCOCCOCCOCCO,37,275.5,3.610917913
O=C(O)c1cc2ccccc2cc1O,27.7,494.4,3.321432413
COc1ccc2ccccc2c1Br,23.43,356.8,3.154017253
CC(C)C(O)=Nc1ccc([N+](=O)[O-])c(C(F)(F)F)c1,33.48,383.7,3.510948246
COc1cc2c(cc1OC)C(=O)CC2,26.5,392.5,3.277144733
COc1cc2c(cc1OC)C(=O)CC2,24.5,392.3,3.198673118
CC(C)(C)NSc1nc2ccccc2s1,26.84,382.5,3.289893312
Cn1c(=O)c2c(ncn2CC2OCCO2)n(C)c1=O,19.5,415.7,2.970414466
CCCCC(=O)c1ccc(O)cc1,25.75,334.2,3.248434627
CCCCC(=O)c1ccc(O)cc1,18.14,324.4,2.898119445
CC(C)(C)c1ccc(C(=O)O)cc1,17.87,439.1,2.883123329
N#CC1C2CC3CC(C2)CC1C3,10,460.4,2.302585093
O=C(O)C1C2CC3CC(C2)CC1C3,9.8,416.3,2.282382386
O=S1(=O)c2ccccc2-c2ccccc21,25.3,506.4,3.230804396
C1=Cc2cccc3cccc1c23,11.73,365.2,2.462149663
Clc1ccc2c(c1)Nc1ccccc1S2,21.59,473,3.072230245
O=[N+]([O-])c1ccc(Oc2ccc([N+](=O)[O-])cc2)cc1,25.2,413.8,3.226843995
c1ccc2c(c1)oc1ccccc12,18.5,355.5,2.917770732
Cc1nc2cc3ccccc3cc2o1,18.24,359.3,2.903616985
O=[N+]([O-])c1ccc(Oc2ccccc2)cc1,21.3,327.5,3.058707073
Cc1nc2c(ccc3ccccc32)s1,22.14,368,3.097385927
CC(=O)Oc1ccccc1C(O)=Nc1ncc([N+](=O)[O-])s1,52.85,475,3.967457712
c1ccc(-c2ccccc2)cc1,19.51,341.1,2.970927155
Oc1ccccc1Oc1ccccc1,28.2,375.3,3.339321978
Oc1ccc(Oc2ccccc2)cc1,24.5,356.7,3.198673118
O=S(=O)(c1ccccc1)c1ccccc1,20.8,400.9,3.034952987
Cc1oc(-c2ccccc2)cc1C(=O)O,33.2,458.1,3.502549876
c1ccc(SSc2ccccc2)cc1,27.99,331.9,3.331847304
Nc1ccccc1Oc1ccccc1,18.5,316.6,2.917770732
Nc1cccc(Oc2ccccc2)c1,17,308.6,2.833213344
Nc1ccc(Oc2ccccc2)cc1,26.8,355.7,3.288401888
Cc1ccc2cc(C)ccc2c1,24.89,384.4,3.214466116
Nc1ccc(Oc2ccc(N)cc2)cc1,35.9,463.9,3.580737295
Nc1cccc(S(=O)(=O)c2cccc(N)c2)c1,25.72,446.3,3.247268899
CCn1cc(C(=O)O)c(=O)c2ccc(C)nc21,35.9,501,3.580737295
Nc1ccccc1SSc1ccccc1N,31.52,364.5,3.450622265
Nc1ccc(SSc2ccc(N)cc2)cc1,25.77,349.3,3.249211025
O=C(O)Cc1cccc2ccccc12,21.5,403.1,3.068052935
N=C(O)CN1CC(c2ccccc2)CC1=O,30,403.6,3.401197382
N=C(O)CN1CC(c2ccccc2)CC1=O,25.1,382.4,3.222867846
N=C(O)CN1CC(c2ccccc2)CC1=O,22.4,389.5,3.109060959
CS(=O)(=O)c1ccc([C@@H](O)[C@@H](CO)N=C(O)C(Cl)Cl)cc1,46.91,437.4,3.848230872
Cc1c([N+](=O)[O-])c(C)c([N+](=O)[O-])c(C(C)(C)C)c1[N+](=O)[O-],23.26,386.8,3.146735147
CCCCN=C(O)NS(=O)(=O)c1ccc(C)cc1,27.56,400.3,3.316365446
CCCCN=C(O)NS(=O)(=O)c1ccc(C)cc1,19.66,375.8,2.978586115
CC1(C)O[C@@H]2[C@@H](CO[C@@]3(COS(N)(=O)=O)OC(C)(C)O[C@@H]23)O1,26.5,399.4,3.277144733
OC[C@H]1O[C@@](CO)(O[C@H]2O[C@H](CO)[C@@H](O)[C@H](O)[C@H]2O)[C@@H](O)[C@@H]1O,46,458.1,3.828641396
OC1=NCCCCCCCCCCC1,16.3,426,2.791165108
CCCCCCC1CCCCC1,20.53,224.9,3.021887231
OCCOCCOCCOCCOCCOCCO,44.3,280.8,3.790984677
Clc1ccc2c(c1)Cc1cc(Cl)ccc1-2,18.36,396.9,2.910174385
Fc1ccc2c(c1)Cc1cc(F)ccc1-2,18.05,356.4,2.893145685
Ic1ccc2c(c1)Cc1cc(I)ccc1-2,24.28,490.9,3.189652966
Fc1ccc2c(c1)Cc1ccccc1-2,22.4,373.1,3.109060959
O=C(c1ccc(F)cc1)c1ccc(F)cc1,18.08,382,2.894806355
Ic1ccc2c(c1)Cc1ccccc1-2,17.53,404.1,2.863913699
c1ccc2nc3ccccc3cc2c1,19.2,382,2.954910279
O=C(O)CCNC1=C(Cl)C(=O)c2ccccc2C1=O,23.09,421.1,3.139399623
O=C(c1ccccc1)c1ccccc1,17.6,323.4,2.867898902
O=C(c1ccccc1)c1ccccc1,14.5,298.3,2.674148649
O=C(c1ccccc1)c1ccccc1,18.3,321.6,2.90690106
O=C(Oc1ccccc1)c1ccccc1,24.3,340.9,3.19047635
OC(=Nc1ccccc1)c1ccccc1,35.09,436.1,3.55791619
OC(Cn1cncn1)(Cn1cncn1)c1ccc(F)cc1F,34.42,411.7,3.538637791
Cc1ccc(-c2cc(C(=O)O)c(C)o2)cc1,33.1,507.2,3.499533282
CC(C)C1(C)NC(c2ncccc2C(=O)O)=NC1=O,39.16,445,3.667655818
CCCCCCC(=O)c1ccc(O)cc1,31.4,365,3.446807893
CC(C)Cc1ccc(C(C)C(=O)O)cc1,24,352.9,3.17805383
c1ccc2c(c1)ccc1ccccc12,17.95,371.9,2.887590115
N#Cc1ccccc1-c1ccc(CBr)cc1,29.3,399.1,3.377587516
O=C(O)c1ccccc1Nc1cccc(C(F)(F)F)c1,29.85,407.8,3.39618484
O=Cc1ccc2c(c1)Cc1ccccc1-2,22,357.6,3.091042453
Cc1ccc(-c2ccccc2C#N)cc1,18.79,324.4,2.933324813
c1ccc(-c2cc3ccccc3[nH]2)cc1,25.62,461.7,3.243373296
O=C(O)CCCNC1=C(Cl)C(=O)c2ccccc2C1=O,36.6,437.2,3.60004824
Cc1cnc(N/C(O)=C2/C(=O)c3ccccc3S(=O)(=O)N2C)s1,52,536.1,3.951243719
OC(Cc1ccccc1Cl)(Cn1[nH]cnc1=S)C1(Cl)CC1,35.56,411.8,3.571221411
COC(=O)C1=C(C)N=C(O)NC1c1ccc(OC)cc1,39.9,473.5,3.686376324
N#Cc1ccc(N=C2SCC3CCCN2C3)cc1,20.1,386.2,3.000719815
CC(=O)c1c(C)c([N+](=O)[O-])c(C(C)(C)C)c([N+](=O)[O-])c1C,23.82,409.5,3.170525564
CC(C)(C)C1=C(O)C(=O)C(C(C)(C)C)=C(O)C1=O,23.09,418.3,3.139399623
CCN(CC)CC(O)=Nc1c(C)cccc1C,14.92,342.5,2.702702595
CCCCCCCCC(=O)OCCC(C)C,24.01,233.2,3.17847041
O=c1c(O)c(-c2ccccc2)oc2ccccc12,32.45,443.6,3.479700443
O=c1cc(-c2ccccc2)oc2cccc(O)c12,27.16,431,3.301745303
O=c1cc(-c2ccccc2)oc2ccc(O)cc12,32.41,509.3,3.478467017
O=c1cc(-c2ccccc2)oc2cc(O)ccc12,31.2,515.3,3.440418095
c1ccc(-c2cnc(-c3ccccc3)o2)cc1,22.9,344.2,3.131136911
Nc1ccc2oc(-c3ccccc3)cc(=O)c2c1,30.4,471.9,3.414442608
CC(C)(c1cc(Br)c(O)c(Br)c1)c1cc(Br)c(O)c(Br)c1,32.2,454,3.471966453
OC1=NC(c2ccccc2)(c2ccccc2)C(O)=N1,40.1,569,3.691376334
Cc1ccccc1NC(=N)Nc1ccccc1C,29.7,434.2,3.391147046
CC(C)(c1ccc(O)cc1)c1ccc(O)cc1,34.9,430.8,3.552486829
CC(=O)c1ccc(N=C2SCC3CCCN2C3)cc1,22.5,398.3,3.113515309
Cc1ccc(S(=O)(=O)NC(O)=NN2CC3CCCC3C2)cc1,46.86,442.3,3.847164433
c1cc2ccc3cccc4ccc(c1)c2c34,17.47,423,2.860485124
O=C1OC(=O)C(c2ccccc2)=C1c1ccccc1,27.3,430.7,3.306886702
CCc1ccc2c(c1)C(=O)c1ccccc1C2=O,18.77,382.9,2.932259851
CN1C(=O)CN=C(c2ccccc2)c2cc(Cl)ccc21,22.8,406.2,3.126760536
Cc1ccc(-c2ccc(C)c(C)c2)cc1C,25.4,348.5,3.234749174
Cc1ccc(NC(=O)/C(=C/Cl)Sc2ccccc2)cc1,25.78,381.2,3.249598998
C[C@@H](c1ncncc1F)[C@](O)(Cn1cncn1)c1ccc(F)cc1F,26.9,403.4,3.292126287
C[C@@H](c1ncncc1F)[C@](O)(Cn1cncn1)c1ccc(F)cc1F,27.1,403.1,3.299533728
O=C(O)CCCCCNC1=C(Cl)C(=O)c2ccccc2C1=O,30.7,384.1,3.424262655
CCOC(=O)c1c(C(=O)OCC)c(O)c2ccccc2c1O,28.26,335.2,3.341447377
Cc1cccc(-c2cccc(C)c2C)c1C,22.5,319.9,3.113515309
Cc1ccc(C)c(-c2cc(C)ccc2C)c1,18.7,321.5,2.928523524
Cc1ccc(-c2cccc(C)c2C)cc1C,23.1,318.3,3.139832618
Cc1ccc(-c2ccc(C)c(C)c2)cc1C,26.2,348.6,3.265759411
Cc1ccc(-c2ccc(C)c(C)c2)cc1C,24.8,349.4,3.210843653
Cc1cc(C)cc(-c2cc(C)cc(C)c2)c1,18.1,318.2,2.895911938
CCOC(=O)C1=NN(c2ccc(Cl)cc2Cl)[C@](C)(C(=O)OCC)C1,24.6,303.6,3.202746443
CC(C)c1cc(C(C)C)c2ccccc2c1,28.6,320.7,3.353406718
O=S(=O)(NC12CC3CC(CC(C3)C1)C2)c1ccc(Br)cc1,30.9,490.9,3.430756184
O=[N+]([O-])c1ccc(S(=O)(=O)NC23CC4CC(CC(C4)C2)C3)cc1,30.7,499.4,3.424262655
CC(C)(C)C(O)(CCc1ccc(Cl)cc1)Cn1cncn1,28.95,373.5,3.365570204
CC(C)c1ccc(N=C2SCC3CCCN2C3)cc1,18.9,333.6,2.939161922
CC(C)N1C(=O)N(c2ccccc2)CSC1=NC(C)(C)C,81.2,385.2,4.396915247
CC1(C)CCC[C@]2(C)[C@H]3CCO[C@]3(C)CC[C@@H]12,20.3,345.8,3.010620886
CC(C)(c1ccc(OC#N)cc1)c1ccc(OC#N)cc1,28.4,355.27,3.346389145
CC(=O)Oc1ccccc1C(=O)Oc1ccc(N=C(C)O)cc1,45.1,450.2,3.808882247
CC(=O)Oc1ccccc1C(=O)Oc1ccc(N=C(C)O)cc1,44.5,451.9,3.795489189
COc1cc(OC)c2c(c1Cl)O[C@]1(C2=O)C(OC)CC(=O)C[C@H]1C,36.4,491.6,3.594568775
O=C1C=CC=C/C1=C/NCCCN/C=C1\C=CC=CC1=O,20.9,325.4,3.039749159
O=C(/C=C/C=C/c1ccc2c(c1)OCO2)N1CCCCC1,32.69,404.9,3.487069221
O=S(=O)(NC12CC3CC(CC(C3)C1)C2)c1ccc(C(F)(F)F)cc1,26.6,470.8,3.280911216
CCCCCCCCCC(=O)OCCCCCCC,39.9,269.3,3.686376324
OC(=Nc1ccccc1-c1ccc(Cl)cc1)c1cccnc1Cl,37.2,419.9,3.616308761
c1ccc(-n2c3ccccc3c3ccccc32)cc1,19.4,367.9,2.965273066
CN1CCN(C2=c3ccccc3=Nc3ccc(Cl)cc3N2)CC1,34.35,356.4,3.536602019
CN1CCN(C2=c3ccccc3=Nc3ccc(Cl)cc3N2)CC1,32.9,452.2,3.493472658
CN1CCN(C2=c3ccccc3=Nc3ccc(Cl)cc3N2)CC1,34.35,456.4,3.536602019
CN1CCN(C2=c3ccccc3=Nc3ccc(Cl)cc3N2)CC1,35.77,454.5,3.577109553
CC(C)(OOC(C)(C)c1ccccc1)c1ccccc1,28.88,312.7,3.363149314
C[C@]12CC[C@@H]3c4ccc(O)cc4CC[C@H]3[C@@H]1CC[C@@H]2O,28,450.8,3.33220451
CC12CC3CC(C)(C1)CC(NS(=O)(=O)c1ccc([N+](=O)[O-])cc1)(C3)C2,30.8,432.7,3.42751469
C[C@]12CC[C@@H]3c4ccc(O)cc4CC[C@H]3[C@@H]1C[C@@H](O)[C@@H]2O,42.72,553.2,3.754667195
CCCCCCCCCCCCCCCCCC,60.26,303.4,4.098668534
CCOC(=O)[C@@H](C)Oc1ccc(Oc2cnc3cc(Cl)ccc3n2)cc1,19.3,345.3,2.960105096
CCOC(=O)[C@@H](C)Oc1ccc(Oc2cnc3cc(Cl)ccc3n2)cc1,28.45,348.5,3.348148161
CCOC(=O)[C@@H](C)Oc1ccc(Oc2cnc3cc(Cl)ccc3n2)cc1,28.97,348.8,3.366260812
COC(=O)N(OC)c1ccccc1COc1ccn(-c2ccc(Cl)cc2)n1,30.2,333.8,3.407841924
Cc1cc(C(C)(C)c2ccc(OC#N)c(C)c2)ccc1OC#N,30.36,353.5,3.413125953
CC(=O)N1CCN(CC(O)CN2C(=O)S/C(=C\c3ccc(Cl)cc3)C2=O)CC1,44.4,433.9,3.793239469
CC(C)=CCC/C(C)=C/COc1ccc2ccc(=O)oc2c1O,27.8,370.4,3.325036021
CC(C)=CCC/C(C)=C/COc1c(O)ccc2ccc(=O)oc12,31.5,378.8,3.449987546
CC12CC3CC(C)(C1)CC(NS(=O)(=O)c1ccc(C(F)(F)F)cc1)(C3)C2,22,384.7,3.091042453
O=C(C1CCCCC1)N1CC(=O)N2CCc3ccccc3C2C1,28.9,414.3,3.363841595
O=C(C1CCCCC1)N1CC(=O)N2CCc3ccccc3C2C1,25.71,411.5,3.246880021
CO/N=C(/C(=O)OC)c1ccccc1CO/N=C(\C)c1cccc(C(F)(F)F)c1,31.73,345.7,3.457262606
CC(C)OC(=O)C(C)(C)Oc1ccc(C(=O)c2ccc(Cl)cc2)cc1,31.2,353.6,3.440418095
C=C[C@](C)(O)CC[C@@H]1[C@@]2(C)CCCC(C)(C)[C@@H]2CC[C@@]1(C)O,28.7,376.5,3.356897123
CCCCCCCC/C=C\CCCCCCCC(=O)OCC,47.4,254,3.858622229
CCCCCCCCCCCCCCCCCCCC(=O)O,74,343.8,4.304065093
CNC(=O)c1cc(Oc2ccc(NC(O)=Nc3ccc(Cl)c(C(F)(F)F)c3)cc2)ccn1,35.73,480,3.575990672
COc1cc(/C=C/C(=O)/C=C(O)/C=C/c2ccc(O)c(OC)c2)ccc1O,42.85,456.3,3.757705645
CC(C)(C)c1ccc2c(c1)Cc1cc(C(C)(C)C)ccc1-2,15.6,395.9,2.747270914
C#C[C@]1(O)C=CC2C3CCC4=CC(=O)CCC4C3CCC21CC,32.5,474.6,3.481240089
C#C[C@]1(O)C=CC2C3CCC4=CC(=O)CCC4C3CCC21CC,33.2,469.5,3.502549876
C[C@]12C=CC(=O)C=C1CC[C@@H]1[C@@H]2[C@@H](O)C[C@@]2(C)[C@H]1CC[C@]2(O)C(=O)CO,36.1,514,3.586292865
C[C@]12C=CC(=O)C=C1CC[C@@H]1[C@@H]2[C@@H](O)C[C@@]2(C)[C@H]1CC[C@]2(O)C(=O)CO,39.9,529.9,3.686376324
C[C@]12C=CC(=O)C=C1CC[C@@H]1[C@@H]2[C@@H](O)C[C@@]2(C)[C@H]1CC[C@]2(O)C(=O)CO,42.6,522.5,3.751854253
C[C@]12C=CC(=O)C=C1CC[C@@H]1[C@@H]2[C@@H](O)C[C@@]2(C)[C@H]1CC[C@]2(O)C(=O)CO,35.8,500.9,3.577947893
CC(=O)[C@@]1(O)CC[C@H]2[C@@H]3CCC4=CC(=O)CC[C@]4(C)[C@H]3[C@H](O)C[C@@]21C,41.23,495.8,3.719166147
C[C@]12CCC(=O)C=C1CC[C@@H]1[C@@H]2[C@@H](O)C[C@@]2(C)[C@H]1CC[C@]2(O)C(=O)CO,33.9,486.1,3.523415014
Cc1cc(C)c(C(=O)P(=O)(c2ccccc2)c2ccccc2)c(C)c1,25.21,365.8,3.227240741
COC(c1ccccc1)(c1ccccc1)C(Oc1nc(C)cc(C)n1)C(=O)O,25.2,454.6,3.226843995
COC(c1ccccc1)(c1ccccc1)C(Oc1nc(C)cc(C)n1)C(=O)O,27.3,374.4,3.306886702
C#C[C@]1(O)CCC2C3CCC4=CC(=O)CCC4C3C(=C)CC21CC,27.58,472.1,3.317090872
CC(c1ccc(OC#N)cc1)(c1ccc(OC#N)cc1)c1ccc(OC#N)cc1,29.19,389.1,3.373826185
Cc1c(COC(=O)C2C(/C=C(\Cl)C(F)(F)F)C2(C)C)cccc1-c1ccccc1,27.6,343.4,3.317815773
O=C1[C@H](CC[C@H](O)c2ccc(F)cc2)[C@@H](c2ccc(O)cc2)N1c1ccc(F)cc1,43.7,436.7,3.777348102
COc1c(OC/C=C(\C)CCC=C(C)C)ccc2ccc(=O)oc12,25,318.8,3.218875825
CC(=O)O[C@]1(C(C)=O)CC[C@H]2[C@@H]3C=C(Cl)C4=CC(=O)[C@@H]5C[C@@H]5[C@]4(C)[C@H]3CC[C@@]21C,24.3,485.9,3.19047635
OCCN(CCO)c1nc(N2CCCCC2)c2nc(N(CCO)CCO)nc(N3CCCCC3)c2n1,31.7,438.2,3.456316681
CCCCCCCCCCCCOCCCCCCCCCCCC,66,293.2,4.189654742
CCCCC1=NC2(CCCC2)C(=O)N1Cc1ccc(-c2ccccc2-c2nn[nH]n2)cc1,38,456.2,3.63758616
CCCCC1=NC2(CCCC2)C(=O)N1Cc1ccc(-c2ccccc2-c2nn[nH]n2)cc1,45.8,459.2,3.824284091
CCCCCCCCCCCCCCCCCCCCCCCCC,54.7,328.5,4.001863709
c1ccc(-c2c3ccccc3c(-c3ccccc3)c3ccccc23)cc1,30.6,523.3,3.421000009
CCCCCC(=O)O[C@]1(C(C)=O)CC[C@H]2[C@@H]3CCC4=CC(=O)CC[C@]4(C)[C@H]3CC[C@@]21C,23,395.2,3.135494216
CCCCCCCCCCCCCCOC(=O)CCCCCCCCCCCCC,82.3,317.7,4.410371108
CCCCCCCCCCCCCCOCCCCCCCCCCCCCC,90,314.2,4.49980967
CC#C[C@]1(O)CC[C@H]2[C@@H]3CCC4=CC(=O)CCC4=C3[C@@H](c3ccc(N(C)C)cc3)C[C@@]21C,19.4,465.5,2.965273066
CC(C)=CCC[C@@H](C)[C@H]1CC[C@@]2(C)C3=C(CC[C@]12C)[C@@]1(C)CC[C@H](O)C(C)(C)[C@@H]1CC3,23.6,408.3,3.161246712
CCCCCCCCCCCCCCCCCC(=O)OCCCCCCCCCCCC,84.1,318.9,4.432006567
CC(C)C(=O)OCC(=O)[C@@]12O[C@H](C3CCCCC3)O[C@@H]1C[C@H]1[C@@H]3CCC4=CC(=O)C=C[C@]4(C)[C@H]3[C@@H](O)C[C@@]12C,26.92,479.2,3.292869505
CCCCCCCCCCCCCCCCCCCCCC(=O)OCCCCCCCCCCCC,94.25,327.7,4.545950826
CC[C@@H]([C@H](C)O)n1ncn(-c2ccc(N3CCN(c4ccc(OC[C@@H]5CO[C@@](Cn6cncn6)(c6ccc(F)cc6F)C5)cc4)CC3)cc2)c1=O,47.7,444.6,3.864931398
CC[C@@H]([C@H](C)O)n1ncn(-c2ccc(N3CCN(c4ccc(OC[C@@H]5CO[C@@](Cn6cncn6)(c6ccc(F)cc6F)C5)cc4)CC3)cc2)c1=O,48.4,444.5,3.879499814
CC(C)(C)c1cc(CCC(O)=NCCCCCCN=C(O)CCc2cc(C(C)(C)C)c(O)c(C(C)(C)C)c2)cc(C(C)(C)C)c1O,59.5,430.8,4.085976313
c1ccc(-c2c3ccccc3c(-c3ccccc3)c3c(-c4ccccc4)c4ccccc4c(-c4ccccc4)c23)cc1,46.6,603.1,3.841600541
CC(C)(C)c1ccc(OP(Oc2ccc(C(C)(C)C)cc2C(C)(C)C)Oc2ccc(C(C)(C)C)cc2C(C)(C)C)c(C(C)(C)C)c1,43.64,458.5,3.775974161
ClP(Cl)Cl,7.2,183.3,1.974081026
ClC(Cl)(Cl)Br,2.03,252.15,1.10856262
BrC(Br)(Br)Br,3.95,364.15,1.599387577
O=C(Cl)Cl,5.738,145.37,1.907763145
FC(Cl)(Cl)Cl,7.9,162.04,2.186051277
ClC(Cl)(Cl)Cl,2.56,250.33,1.269760545
O=C(F)F,6.708,159.15,2.042258751
BrC(Br)Br,11.1,281.2,2.493205453
FC(F)Cl,4.123,115.73,1.633740205
ClC(Cl)Cl,8.8,209.63,2.282382386
FC(F)F,4.059,117.97,1.621168835
FC(F)(F)S,4.925,116.04,1.779180687
IC(I)I,8.041,396.16,2.201769788
C#N,8.406,259.91,2.241347784
BrCBr,8.916,220.6,2.294149614
ClCCl,6.16,178.01,1.968509981
FCF,4.4,137,1.686398954
ICI,12.1,279.25,2.57261223
N#CN,7.272,318.71,2.112876318
c1nnn[nH]1,18.4,430.45,2.965273066
C=O,7.05,181.15,2.085672091
O=CO,12.68,281.55,2.615934912
S=C(S)S,8.41,246.25,2.241772954
CBr,5.979,179.55,1.94290564
CCl,6.431,175.45,2.005660439
CP(=O)(Cl)Cl,18.076,307.65,2.948431
[2H]CO,3.038,173.15,1.39574952
CF,1.426,131.35,0.886243811
COP(F)F,11.878,236.34,2.555520429
CI,9.1,206.7,2.312535424
NC=O,8.667,275.7,2.268718023
C[N+](=O)[O-],9.703,244.6,2.370524076
CO[N+](=O)[O-],8.24,190.86,2.223541886
NC(N)=O,13.61,406.45,2.681706226
CO,3.215,175.47,1.438649591
CS,5.904,150.18,1.932100954
CN,6.134,179.69,1.964872087
CNN,10.418,220.79,2.435191058
IC(I)(I)I,8.556,444.15,2.257169229
C=O,0.841,68.15,0.610308902
O=C=S,4.728,134.35,1.74536643
O=C=O,9.019,216.58,2.30448329
S=C=S,4.389,161.58,1.684359839
FC(F)(Br)C(F)(F)Br,7.037,162.65,2.084055879
FC(F)(F)C(F)(F)Cl,1.879,173.71,1.057443012
FC(F)(Cl)C(F)(F)Cl,1.51,179.15,0.920282753
FC(F)(Cl)C(F)(Cl)Cl,2.326,238.15,1.201770381
FC(F)(F)C(Cl)(Cl)Cl,4.11,287.14,1.631199404
FC(Cl)(Cl)C(F)(Cl)Cl,3.697,299.15,1.546924007
FC(F)(Cl)C(Cl)(Cl)Cl,3.99,313.75,1.60743591
ClC(Cl)(Cl)C(Cl)(Cl)Cl,9.75,459.95,2.374905755
O=C(F)C(=O)F,13.407,260.73,2.6677142
N#CC(F)(F)F,4.971,128.73,1.786914418
O=C(F)C(F)(F)F,4.869,113.69,1.769684262
FC(F)(F)C(F)(F)F,2.686,172.45,1.304541859
FC(F)(F)C(Cl)Br,4.84,157.4,1.764730797
ClC=C(Cl)Cl,8.45,188.4,2.246014742
O=C(O)C(Cl)(Cl)Cl,5.898,332.35,1.931231515
ClC(Cl)C(Cl)(Cl)Cl,11.34,244.15,2.512846018
FC=C(F)F,9.068,94.53,2.309362077
FC(F)C(F)(F)F,2.25,170.15,1.178654996
BrC(Br)C(Br)Br,15.03,273.15,2.774461967
BrCC(Br)(Br)Br,14.662,273.15,2.751237396
C=C(Cl)Cl,6.51,150.65,2.016235466
Cl/C=C\Cl,7.205,193.15,2.104743725
Cl/C=C/Cl,11.983,223.35,2.563640809
C=C(Cl)Cl,8.73,192.75,2.275213896
FCC(F)(Cl)Cl,8.192,238.36,2.218333541
O=C(O)C(Cl)Cl,12.34,286.55,2.59076704
ClCC(Cl)(Cl)Cl,10.31,202.94,2.42568729
ClC(Cl)C(Cl)Cl,9.52,229.35,2.353278207
C=C(F)F,4.506,129.15,1.705838407
F/C=C\F,7.298,107.9,2.116014522
F/C=C/F,7.298,107.9,2.116014522
FCC(F)(F)F,5.842,172.15,1.923080087
FC(F)C(F)F,6.21,184.15,1.975468951
ICC(I)(I)I,11.146,346.46,2.496999897
IC(I)C(I)I,11.514,311.3,2.526848018
C=CBr,5.504,135.35,1.872417372
CC(Br)(Br)Br,9.377,293.62,2.339591819
BrCC(Br)Br,9.11,243.85,2.313525033
C=CCl,4.92,119.36,1.778336449
CC(F)(F)Cl,2.69,142.35,1.305626458
O=C(O)CCl,12.285,333.15,2.586635579
CC(Cl)(Cl)Cl,2.35,242.75,1.208960346
ClCC(Cl)Cl,10.9,236.5,2.4765384
C=CF,2.736,112.65,1.31801552
CC(F)(F)F,6.192,161.85,1.972969297
FCC(F)F,6.653,189.15,2.035097728
C=CI,4.062,168.1,1.621761662
CC(I)(I)I,6.74,366.15,2.046401688
ICC(I)I,10.631,270.98,2.453673947
CC#N,6.67,229.32,2.037316615
C=C,3.35,104.01,1.470175845
ClCCBr,9.625,256.45,2.363209715
CC(Br)Br,10.63,210.15,2.453587967
BrCCBr,10.94,282.94,2.479894108
CC(Cl)Cl,7.87,176.19,2.182674796
ClCCCl,8.75,237.49,2.277267285
CC(Cl)Cl,8.43,206.84,2.243896097
CC(F)F,3.573,156.15,1.520169445
FCCF,3.573,176.1,1.520169445
CC(I)I,6.225,212.92,1.977547234
ICCI,9.748,356.16,2.374719691
CC=O,2.31,150.15,1.196948189
C1CO1,5.17,161.45,1.819698838
CC(=O)O,11.72,289.81,2.543175558
COC=O,7.531,174.15,2.143706588
C1CS1,1.657,165.37,0.977197667
CCBr,5.858,154.55,1.925415854
CCCl,4.45,136.75,1.695615609
CCF,4.016,129.95,1.612632803
CCI,5.342,162.05,1.847194176
C1CN1,5.87,195.2,1.927164106
CC(N)=O,15.5,354.15,2.803360381
CNC=O,14.3,269.35,2.727852828
CC[N+](=O)[O-],9.85,183.63,2.38416508
CCO[N+](=O)[O-],8.53,178.56,2.254444718
CC,2.86,90.35,1.350667183
CNC(N)=O,15.571,373.8,2.80765418
CCO,4.93,159.05,1.780024213
COC,4.94,131.66,1.781709133
CS(C)=O,14.37,291.67,2.732417558
OCCO,9.958,260.15,2.394069783
CCS,4.97,125.26,1.786746927
CSC,7.985,174.88,2.19555652
CSSC,9.192,188.44,2.321603099
CCN,9.35,192.15,2.33698652
CNC,5.941,180.96,1.937445856
NCCO,20.496,283.65,3.067866871
NCCN,22.583,284.29,3.160526113
CN(C)N,10.073,215.95,2.404509713
CNNC,13.638,264.25,2.683620887
N#CC#N,8.109,245.25,2.209262936
O=C(C(F)(F)F)C(F)(F)F,8.38,151.15,2.238579763
FCC(F)(F)C(F)(F)F,7.178,190,2.101447622
FC(F)C(F)C(F)(F)F,7.546,190,2.145463337
FC(F)(F)CC(F)(F)F,7.178,179.53,2.101447622
FC(F)C(F)(F)C(F)F,7.546,190,2.145463337
N#CCC#N,10.8,304.9,2.468099531
C#CCCl,10.697,292,2.459332399
CC(F)(F)C(F)(F)F,4.098,190,1.628848306
FCC(F)C(F)(F)F,7.989,190,2.196001608
FC(F)CC(F)(F)F,7.989,190,2.196001608
FCC(F)(F)C(F)F,7.989,190,2.196001608
FC(F)C(F)C(F)F,8.357,190,2.236124726
C=CC#N,6.23,189.63,1.978239036
c1cscn1,9.54,239.53,2.355177543
C#CC,6.5,170.45,2.014903021
C=C=C,4.4,136.87,1.686398954
CC(Br)C(Br)(Br)Br,13.729,349.69,2.68981834
BrCCC(Br)(Br)Br,17.252,364.69,2.904274663
CC(Br)(Br)C(Br)Br,13.729,349.69,2.68981834
BrCC(Br)C(Br)Br,17.62,332.27,2.924236272
BrC(Br)CC(Br)Br,17.62,332.27,2.924236272
BrCC(Br)(Br)CBr,17.252,283.85,2.904274663
C=C(Cl)CCl,9.33,191.5,2.335052283
CC=C(Cl)Cl,9.33,191.5,2.335052283
Cl/C=C\CCl,9.33,191.5,2.335052283
Cl/C=C/CCl,9.33,191.5,2.335052283
C=CC(Cl)Cl,9.33,191.5,2.335052283
CC(Cl)=CCl,9.33,191.5,2.335052283
CC(Cl)C(Cl)(Cl)Cl,9.377,208.15,2.339591819
ClCCC(Cl)(Cl)Cl,10.489,237.74,2.441390056
CC(Cl)(Cl)C(Cl)Cl,9.377,230.17,2.339591819
ClCC(Cl)C(Cl)Cl,13.268,212.75,2.658019267
ClC(Cl)CC(Cl)Cl,13.268,212.75,2.658019267
ClCC(Cl)(Cl)CCl,12.9,245.17,2.63188884
CC(F)C(F)(F)F,4.909,239.09,1.776476612
FCCC(F)(F)F,8.432,254.09,2.244108163
CC(F)(F)C(F)F,4.909,239.09,1.776476612
FCC(F)C(F)F,8.8,221.67,2.282382386
FC(F)CC(F)F,8.8,221.67,2.282382386
FCC(F)(F)CF,8.432,254.09,2.244108163
CC(I)C(I)(I)I,10.213,342.73,2.417073819
ICCC(I)(I)I,13.736,357.73,2.69029348
CC(I)(I)C(I)I,10.213,342.73,2.417073819
ICC(I)C(I)I,14.104,325.31,2.714959609
IC(I)CC(I)I,14.104,325.31,2.714959609
ICC(I)(I)CI,13.736,357.73,2.69029348
c1c[nH]cn1,12.821,362.65,2.626189175
N#CCC(N)=O,21.7,387.3,3.122364924
C=CC=O,1.02,185.45,0.703097511
C#CCO,10.588,221.35,2.44997008
C=CC(=O)O,11.16,286.65,2.498151877
O=C1CCO1,9.41,239.75,2.342766883
C=COC=O,8.297,290,2.229691767
O=C1OCCO1,13.295,309.55,2.659909826
C/C=C\Br,9.013,160.15,2.303884249
C/C=C/Br,9.013,196.65,2.303884249
C=C(C)Br,6.221,147.15,1.976993447
C=CCBr,7.531,153.76,2.143706588
CCC(Br)(Br)Br,11.967,304.89,2.562407669
CC(Br)C(Br)Br,12.335,272.47,2.590392158
BrCCC(Br)Br,15.858,287.47,2.824825322
CC(Br)(Br)CBr,11.967,304.89,2.562407669
BrCC(Br)CBr,23.78,289.34,3.210036876
C/C=C\Cl,7.925,138.35,2.188856328
C/C=C/Cl,7.925,174.15,2.188856328
C=C(C)Cl,5.133,135.75,1.813684027
C=CCCl,6.443,138.65,2.007273993
CC=CCl,6.76,135.85,2.048982334
ClCC1CO1,10.46,215.95,2.438862711
COC(=O)CCl,11.288,241.03,2.508623176
CCC(Cl)(Cl)Cl,8.703,215.25,2.272435116
CC(Cl)C(Cl)Cl,9.071,182.83,2.309660007
ClCCC(Cl)Cl,12.594,214.17,2.609628519
CC(Cl)(Cl)CCl,8.703,215.25,2.272435116
ClCC(Cl)CCl,12.594,258.45,2.609628519
C/C=C\F,6.808,150.14,2.055148849
C/C=C/F,6.808,150.14,2.055148849
C=C(C)F,4.016,139.5,1.612632803
C=CCF,5.326,190,1.844668125
CCC(F)(F)F,5.352,124.35,1.848769724
CC(F)C(F)F,5.72,189.52,1.905088155
FCCC(F)F,9.243,204.52,2.326594545
CC(F)(F)CF,5.352,221.94,1.848769724
FCC(F)CF,9.243,204.52,2.326594545
C/C=C\I,8.134,176.05,2.212003715
C/C=C/I,8.134,176.05,2.212003715
C=C(C)I,5.342,165.41,1.847194176
C=CCI,6.652,173.86,2.034967052
CCC(I)(I)I,9.33,299.67,2.335052283
CC(I)C(I)I,9.698,267.25,2.370056808
ICCC(I)I,13.221,282.25,2.654719745
CC(I)(I)CI,9.33,299.67,2.335052283
ICC(I)CI,13.221,282.25,2.654719745
CCC#N,5.03,180.26,1.796747011
C=CC(N)=O,15.33,357.65,2.793003907
N#CCCO,7.55,227.15,2.145931283
CC(O)C#N,12.8,233,2.624668592
C1CC1,5.44,145.73,1.86252854
CCC(Br)Br,10.573,227.67,2.448674799
CC(Br)CBr,10.573,217.96,2.448674799
BrCCCBr,14.64,238.95,2.749831735
CC(C)(Br)Br,6.682,245.09,2.03887993
CCC(Cl)Cl,8.397,167.91,2.240390489
CC(Cl)CCl,6.4,172.71,2.00148
ClCCCCl,11.92,173.65,2.558776498
CC(C)(Cl)Cl,2.34,239.36,1.205970807
CCC(Cl)Cl,7.577,172.65,2.149084202
CCC(F)F,6.163,172.37,1.968928888
CC(F)CF,6.163,171,1.968928888
FCCCF,9.686,187.37,2.368934474
CC(C)(F)F,2.272,168.35,1.185401419
CCC(I)I,8.815,224.19,2.283911828
CC(I)CI,8.815,253.16,2.283911828
ICCCI,12.338,260.15,2.590617104
CC(C)(I)I,4.924,241.61,1.779011896
CCC([N+](=O)[O-])[N+](=O)[O-],2.179,231.15,1.156566682
CC(C)([N+](=O)[O-])[N+](=O)[O-],2.635,326.15,1.290609111
C=CCO,5.12,144.15,1.811562097
C=COC,5.99,151.15,1.944480556
CCC=O,8.59,193.15,2.260720889
CC(C)=O,5.72,178.45,1.905088155
CC1CO1,6.533,161.22,2.019293369
CCC(=O)O,10.66,252.45,2.456164181
CCOC=O,9.205,193.55,2.322877796
COC(C)=O,7.486,175.15,2.138417747
C1COCO1,6.567,175.93,2.023796688
O=C(O)CCS,16.974,290.65,2.888926269
CC(O)C(=O)O,11.35,291.15,2.513656063
COCC(=O)O,10.5,281,2.442347035
C1CSC1,8.248,199.96,2.224407312
CCCBr,6.527,163.15,2.018496556
CC(C)Br,6.53,184.15,2.018895042
CCCCl,5.544,150.35,1.878548599
CC(C)Cl,7.39,155.97,2.12704052
CCCF,6.606,114.16,2.02893741
CC(C)F,3.083,139.8,1.406832012
CCCI,7.932,171.85,2.189640334
CC(C)I,4.409,183.15,1.688064233
C=CCN,9.49,184.95,2.350422422
CN(C)C=O,8.95,212.72,2.297572551
CNC(C)=O,9.73,301.15,2.373043557
CCNC=O,9.314,230,2.333502196
CCC[N+](=O)[O-],13.398,169.16,2.667089308
CC(C)[N+](=O)[O-],10.228,181.83,2.418410658
CCOC(N)=O,16.794,322.15,2.878861322
CCCO[N+](=O)[O-],10.1,173.16,2.406945108
CC(C)O[N+](=O)[O-],10.1,173.16,2.406945108
CCC,3.524,85.46,1.509396558
CNC(=O)NC,13.62,379.75,2.682390454
CCNC(N)=O,13.94,365.65,2.70404218
CCCO,5.372,146.95,1.851913392
CC(C)O,5.41,185.28,1.857859271
CCOC,7.98,160,2.194999882
COCCO,8.33,188.05,2.233235015
COCOC,8.33,168.35,2.233235015
OCCCO,12,246.45,2.564949357
C[C@@H](O)CO,12.845,380.37,2.627924157
C[C@H](O)CO,12.845,380.37,2.627924157
OCC(O)CO,18.284,291.33,2.959275737
CCCS,5.48,159.95,1.86872051
CC(C)S,5.74,142.61,1.908059925
CCCN,10.974,190.15,2.482737633
CC(C)N,7.325,177.95,2.119263036
CCNC,8.671,195,2.269131717
CN(C)C,6.544,156.08,2.020752545
CC(O)CN,13.557,274.89,2.678071978
NCCCO,15.9,284.15,2.827313622
CC(O)CN,8.76,268.65,2.2782924
C[C@@H](O)CN,13.169,297.65,2.65105648
C[C@H](O)CN,13.169,295.65,2.65105648
C[C@@H](N)CO,13.169,286.52,2.65105648
CC(N)CO,13.169,298.15,2.65105648
CC(N)CN,18.42,236.53,2.966303463
NCCCN,18.421,236.53,2.966354955
CNN(C)C,9.485,201.24,2.349945664
C#CC#C,12.064,237.16,2.569860356
N#C/C=C\C#N,17.7,304.4,2.928523524
Brc1cccs1,7.903,205.3,2.186388299
Clc1cccs1,8.966,201.25,2.2991793
N#CCCC#N,3.703,331.3,1.548200603
c1ccoc1,3.8,187.55,1.568615918
C=C1CC(=O)O1,14.43,266.65,2.736313666
O=C1COC(=O)CO1,14.8,355.15,2.76000994
c1ccsc1,5.086,234.94,1.805991051
C=CC(=C)Cl,6.443,143.15,2.007273993
C=C(C)C#N,10.042,237.35,2.401706184
C=CCC#N,10.1,186.15,2.406945108
CC=CC#N,10.042,221.65,2.401706184
c1cc[nH]c1,7.91,249.74,2.187174241
O=C1CCC(=O)N1,17,399.65,2.890371758
Cc1nccs1,12.163,248.42,2.577409863
CC#CC,9.25,240.91,2.327277706
C#CCC,6.03,147.43,1.950186706
C=C=CC,6.96,136.95,2.074429
ClC/C=C\CCl,14.712,225.15,2.754424752
ClC/C=C/CCl,14.712,274.15,2.754424752
C=CC(Cl)CCl,9.707,212,2.370897733
C=C(CCl)CCl,13.639,259.15,2.6836892
CC(Cl)C=CCl,13.639,243.2,2.6836892
C=C(Cl)C(C)Cl,13.639,243.2,2.6836892
CC=CC(Cl)Cl,13.639,243.2,2.6836892
CC=C(Cl)CCl,13.639,243.2,2.6836892
CC(C)=C(Cl)Cl,13.639,230.15,2.6836892
C=C(C)C(Cl)Cl,13.639,243.2,2.6836892
ClCC=CCCl,13.639,276.65,2.6836892
CCC=C(Cl)Cl,13.639,243.2,2.6836892
C/C=C\C=O,8.86,158.38,2.288486169
C/C=C/C=O,8.86,196.65,2.288486169
C=C(C)C=O,8.813,192.15,2.283708037
C=COC=C,7.95,172.05,2.191653532
C/C=C/C=O,8.813,198,2.283708037
OCC#CCO,17.412,331,2.913002626
O=C1CCCO1,9.57,229.78,2.3580198
C/C=C\C(=O)O,12.57,288.65,2.607861474
C/C=C/C(=O)O,12.979,344.55,2.637556203
C=CCC(=O)O,14.979,238.15,2.77127536
C=C(C)C(=O)O,8.063,288.15,2.204200191
C=CC(=O)OC,9.73,196.32,2.373043557
C=COC(C)=O,8.46,180.35,2.247072383
C=CCOC=O,9.084,188.34,2.310950009
O=C(O)C1CC1,12.487,291.65,2.601726259
C/C=C/C(=O)O,12.487,290.23,2.601726259
CC(=O)OC(C)=O,10.502,200.15,2.442520933
CC1COC(=O)O1,9.617,224.35,2.36245649
O=C(O)CCC(=O)O,32.95,461.15,3.524888854
O=C(O)CC(O)C(=O)O,30.17,403.15,3.439456094
O=C(O)C(O)C(O)C(=O)O,32.3,479.15,3.505557397
CC/C=C\Br,11.603,189.06,2.533934881
CC/C=C/Br,11.603,172.85,2.533934881
C=C(Br)CC,8.811,139.75,2.283504205
C=CC(C)Br,6.598,177.38,2.027885055
C=CCCBr,10.121,192.38,2.408835213
C/C=C\CBr,11.603,189.06,2.533934881
C/C=C/CBr,11.603,189.06,2.533934881
C/C=C(/C)Br,10.293,161.95,2.424183065
C/C=C(\C)Br,10.293,157.75,2.424183065
CC(C)=CBr,10.293,175.1,2.424183065
C=C(C)CBr,8.811,178.42,2.283504205
CC=CCBr,10.187,174.8,2.41475239
CCCC(Br)(Br)Br,14.557,316.16,2.744510698
CCC(Br)C(Br)Br,14.925,283.74,2.767890201
CC(Br)CC(Br)Br,14.925,283.74,2.767890201
BrCCCC(Br)Br,18.448,298.74,2.967744237
CCC(Br)(Br)CBr,14.557,316.16,2.744510698
CC(Br)C(Br)CBr,14.925,254.15,2.767890201
BrCCC(Br)CBr,18.448,255.15,2.967744237
CC(Br)(Br)CCBr,14.557,316.16,2.744510698
CC(Br)C(C)(Br)Br,11.034,275,2.487735977
CC(C)C(Br)(Br)Br,11.034,301.16,2.487735977
CC(C)(Br)C(Br)Br,11.034,301.16,2.487735977
CC(CBr)C(Br)Br,14.925,283.74,2.767890201
CC(Br)(CBr)CBr,14.557,316.16,2.744510698
BrCC(CBr)CBr,18.448,241.15,2.967744237
CC/C=C\Cl,10.515,159.18,2.443650533
CC/C=C/Cl,10.515,159.18,2.443650533
C=C(Cl)CC,7.723,148.54,2.165963215
C=CC(C)Cl,5.51,147.5,1.873339456
C=CCCCl,9.033,162.5,2.30587966
C/C=C\CCl,10.515,159.18,2.443650533
C/C=C/CCl,10.515,159.18,2.443650533
CC(C)=CCl,9.205,145.22,2.322877796
C=C(C)CCl,7.723,148.54,2.165963215
CC=CCCl,9.291,208.25,2.331269727
CC=C(C)Cl,9.291,160.04,2.331269727
CCCC(Cl)(Cl)Cl,11.293,226.52,2.509029995
CCC(Cl)C(Cl)Cl,11.661,194.1,2.538526403
CC(Cl)CC(Cl)Cl,11.661,194.1,2.538526403
ClCCCC(Cl)Cl,15.184,209.1,2.7840231
CCC(Cl)(Cl)CCl,11.293,226.52,2.509029995
CC(Cl)C(Cl)CCl,11.661,194.1,2.538526403
ClCCC(Cl)CCl,15.184,209.1,2.7840231
CC(Cl)(Cl)CCCl,11.293,226.52,2.509029995
CC(Cl)C(C)(Cl)Cl,7.77,211.52,2.171336806
CC(C)C(Cl)(Cl)Cl,7.77,211.52,2.171336806
CC(C)(Cl)C(Cl)Cl,7.77,267.15,2.171336806
CC(CCl)C(Cl)Cl,11.661,267.15,2.538526403
CC(Cl)(CCl)CCl,11.293,226.52,2.509029995
ClCC(CCl)CCl,15.184,209.1,2.7840231
CC/C=C\F,9.398,161.41,2.34161348
CC/C=C/F,9.398,161.41,2.34161348
C=C(F)CC,6.606,150.77,2.02893741
C=CC(C)F,4.393,149.73,1.685101816
C=CCCF,7.916,164.73,2.187847416
C/C=C\CF,9.398,161.41,2.34161348
C/C=C/CF,9.398,161.41,2.34161348
CC(C)=CF,8.088,147.45,2.206954862
C=C(C)CF,6.606,150.77,2.02893741
CCCC(F)(F)F,7.942,158.35,2.190759278
CCC(F)C(F)F,8.31,200.79,2.231089091
CC(F)CC(F)F,8.31,200.79,2.231089091
FCCCC(F)F,11.833,215.79,2.552019978
CCC(F)(F)CF,7.942,233.21,2.190759278
CC(F)C(F)CF,8.31,200.79,2.231089091
FCCC(F)CF,11.833,215.79,2.552019978
CC(F)(F)CCF,7.942,233.21,2.190759278
CC(F)C(C)(F)F,4.419,218.21,1.689911297
CC(C)C(F)(F)F,4.419,218.21,1.689911297
CC(C)(F)C(F)F,4.419,218.21,1.689911297
CC(CF)C(F)F,8.31,200.79,2.231089091
FCC(CF)CF,11.833,215.79,2.552019978
CC/C=C\I,10.724,187.32,2.461638023
CC/C=C/I,10.724,187.32,2.461638023
C=C(I)CC,7.932,176.68,2.189640334
C=CC(C)I,5.719,175.64,1.904939334
C=CCCI,9.242,190.64,2.326496913
C/C=C\CI,10.724,187.32,2.461638023
C/C=C/CI,10.724,187.32,2.461638023
CC(C)=CI,9.414,173.36,2.343151055
C=C(C)CI,7.932,176.68,2.189640334
CCCC(I)(I)I,11.92,310.94,2.558776498
CCC(I)C(I)I,12.288,278.52,2.586861372
CC(I)CC(I)I,12.288,278.52,2.586861372
ICCCC(I)I,15.811,293.52,2.822033434
CCC(I)(I)CI,11.92,310.94,2.558776498
CC(I)C(I)CI,12.288,278.52,2.586861372
ICCC(I)CI,15.811,293.52,2.822033434
CC(I)(I)CCI,11.92,310.94,2.558776498
CC(I)C(C)(I)I,8.397,295.94,2.240390489
CC(C)C(I)(I)I,8.397,295.94,2.240390489
CC(C)(I)C(I)I,8.397,295.94,2.240390489
CC(CI)C(I)I,12.288,278.52,2.586861372
CC(I)(CI)CI,11.92,310.94,2.558776498
ICC(CI)CI,15.811,293.52,2.822033434
CCCC#N,5.021,161.25,1.795253358
CC(C)C#N,10.3,201.7,2.424802726
COCCC#N,15.9,210.12,2.827313622
O=C1CCCN1,13.92,298.15,2.702702595
C1CCC1,1.09,182.48,0.737164066
C/C=C\C,7.31,134.26,2.117459609
C/C=C/C,9.76,167.62,2.375835555
C=C(C)C,5.92,132.81,1.93441577
CCCC(Br)Br,13.163,238.94,2.65063293
CCC(Br)CBr,13.163,207.76,2.65063293
CC(Br)CCBr,13.163,238.94,2.65063293
BrCCCCBr,16.686,256.62,2.872773366
CCC(C)(Br)Br,9.272,256.36,2.329421747
CC(Br)C(C)Br,9.64,223.94,2.364620484
CC(Br)C(C)Br,9.64,238.65,2.364620484
CC(C)C(Br)Br,9.64,223.94,2.364620484
CC(C)(Br)CBr,9.272,283.65,2.329421747
CC(CBr)CBr,13.163,238.94,2.65063293
CC(Br)C(C)Br,11.811,249.15,2.550304177
CCCC(Cl)Cl,10.987,179.18,2.483822729
CCC(Cl)CCl,10.987,179.18,2.483822729
CC(Cl)CCCl,10.987,179.18,2.483822729
ClCCCCCl,14.51,235.85,2.741484977
CCC(C)(Cl)Cl,7.096,199.15,2.091370113
C[C@@H](Cl)[C@@H](C)Cl,7.464,193.15,2.135821875
CC(Cl)C(C)Cl,7.464,192.75,2.135821875
CC(C)C(Cl)Cl,7.464,164.18,2.135821875
CC(C)(Cl)CCl,7.096,196.6,2.091370113
CC(CCl)CCl,10.987,179.18,2.483822729
ClCCOCCCl,8.385,221.25,2.23911267
CCCC(F)F,8.753,183.64,2.27757493
CCC(F)CF,8.753,183.64,2.27757493
CC(F)CCF,8.753,183.64,2.27757493
FCCCCF,12.276,198.64,2.585957894
CCC(C)(F)F,4.862,155.65,1.768490842
CC(F)C(C)F,5.23,168.64,1.829376333
CC(C)C(F)F,5.23,168.64,1.829376333
CC(C)(F)CF,4.862,201.06,1.768490842
CC(CF)CF,8.753,183.64,2.27757493
CCCC(I)I,11.405,235.46,2.518099617
CCC(I)CI,11.405,279.06,2.518099617
CC(I)CCI,11.405,235.46,2.518099617
ICCCCI,14.928,279.05,2.768078567
CCC(C)(I)I,7.514,252.88,2.141711867
CC(I)C(C)I,7.882,220.46,2.184026757
CC(C)C(I)I,7.882,220.46,2.184026757
CC(C)(I)CI,7.514,252.88,2.141711867
CC(CI)CI,11.405,235.46,2.518099617
C=COCC,1.85,157.35,1.047318994
C=CCOC,1.85,157.35,1.047318994
CCCC=O,11.104,176.75,2.493535976
CC(C)C=O,12,208.15,2.564949357
CCC(C)=O,8.44,186.48,2.24495598
C1CCOC1,8.54,164.65,2.255493485
CCCC(=O)O,11.07,267.95,2.490723035
CC(C)C(=O)O,5.021,227.15,1.795253358
CCCOC=O,13.2,180.25,2.653241965
CC(C)OC=O,8.644,178.04,2.26633596
CCOC(C)=O,10.48,189.6,2.440606391
CCC(=O)OC,10.1,185.65,2.406945108
C1COCCO1,12.84,284.95,2.62756295
OC/C=C\CO,14.5,284.15,2.740840024
OC/C=C/CO,14.5,300.45,2.740840024
C=CC(O)CO,14.31,288.25,2.72850621
OCC=CCO,14.31,280.15,2.72850621
C1CCSC1,7.35,176.99,2.122261539
C1CSCSC1,14.4,327.15,2.734367509
C1CSCCS1,21.6,385.45,3.117949906
CCCCBr,9.23,160.75,2.32532458
CCC(C)Br,6.88,161.25,2.064327904
CC(C)CBr,7.878,155.75,2.183576306
CC(C)(C)Br,1.97,256.95,1.088561953
CCCCCl,10.313,150.05,2.425952507
CC(C)CCl,6.79,142.85,2.05284086
CCC(C)Cl,6.79,141.85,2.05284086
CC(C)(C)Cl,2.071,247.75,1.122003241
CCCCF,9.196,139.15,2.321995487
CCC(C)F,5.673,151.75,1.898069534
CC(C)CF,5.673,151.49,1.898069534
CC(C)(C)F,1.782,196.15,1.023170094
CCCCI,10.522,170.15,2.444258251
CCC(C)I,6.999,169.15,2.079316534
CC(C)CI,6.999,182.45,2.079316534
CC(C)(C)I,3.108,234.96,1.412936292
C1CCNC1,8.58,215.31,2.259677592
CC(=O)N(C)C,10.418,253.15,2.435191058
C1COCCN1,9.2,270.05,2.32238772
CCCC[N+](=O)[O-],15.729,191.83,2.81714374
CCC(C)[N+](=O)[O-],12.559,141.16,2.607050533
CC(C)C[N+](=O)[O-],12.559,196.3,2.607050533
CC(C)(C)[N+](=O)[O-],9.057,299.38,2.308268909
CC(C)(CO)[N+](=O)[O-],3.738,362.65,1.555615106
CCC(CO)[N+](=O)[O-],3.035,226.15,1.395006302
CC(O)C(C)[N+](=O)[O-],3.035,294.4,1.395006302
CC(CO)(CO)[N+](=O)[O-],3.844,423.25,1.577740826
CCCC,4.66,134.86,1.733423892
CC(C)C,4.54,113.54,1.711994501
C1CNCCN1,11.7,379.15,2.541601993
CNC(=O)N(C)C,14.3,348.65,2.727852828
CC(C)NC(N)=O,17.4,427.4,2.912350665
CCCNC(N)=O,14.63,381,2.749192144
CCCCO,9.28,183.85,2.33020026
CC(C)CO,6.32,165.15,1.990610328
CCC(C)O,5.97,158.45,1.941615225
CC(C)(C)O,6.7,298.97,2.041220329
CCOCC,7.19,156.85,2.102913898
CCCOC,7.67,133.97,2.159868791
COC(C)C,5.85,127.93,1.924248652
CC[C@@H](C)O,6.976,159.25,2.076437033
CC[C@H](C)O,6.976,159.25,2.076437033
COCCOC,12.556,215.15,2.606829254
CCC(O)CO,10.769,240.98,2.465468956
CC(O)CCO,8.32,196.15,2.232162629
OCCCCO,18.7,293.05,2.980618636
CC(O)C(C)O,11.3,292.15,2.509599262
CC(O)C(C)O,12.455,225.98,2.599350784
CC(C)(O)CO,12.455,258.4,2.599350784
CC(O)CCO,12.455,240.98,2.599350784
CCCCOO,12.6,213,2.610069793
C[C@H](O)[C@H](C)O,12.455,293.15,2.599350784
C[C@@H](O)[C@@H](C)O,12.455,372.15,2.599350784
C[C@H](O)CCO,12.455,262.76,2.599350784
CC(O)C(C)O,12.455,295.15,2.599350784
C[C@@H](O)CCO,12.455,262.76,2.599350784
CC(CO)CO,12.455,182.25,2.599350784
OCCOCCO,16.4,262.7,2.856470206
CCCCS,10.46,157.46,2.438862711
CC(C)CS,4.98,128.31,1.788420568
CCC(C)S,6.48,133.02,2.012232792
CC(C)(C)S,2.48,274.26,1.247032294
CCC(C)S,6.53,108.15,2.018895042
CCCSC,9.91,160.19,2.3896798
CSC(C)C,9.355,171.65,2.337469495
CCSSCC,9.4,171.63,2.341805806
CCCSSC,9.4,171.63,2.341805806
CCCCN,14.8,224.05,2.76000994
CC(C)CN,9.99,188.55,2.396985768
CCC(C)N,8.93,168.65,2.295560478
CC(C)(C)N,0.882,206.19,0.632335041
CCC(C)N,8.269,187.66,2.226675499
CCCNC,11.4,223.35,2.517696473
CNC(C)C,11.4,223.35,2.517696473
CCNCC,11.4,223.35,2.517696473
CCN(C)C,9.137,133.15,2.316192096
CC[C@@H](C)N,8.269,169.25,2.226675499
CC[C@H](C)N,8.269,169.25,2.226675499
OCCNCCO,25.104,301.15,3.262088559
NCCNCCN,19.7,234.15,3.0301337
ClC1=C(Cl)C(Cl)(Cl)C(Cl)=C1Cl,11.402,284.49,2.51785775
O=Cc1ccco1,14.37,236.65,2.732417558
c1ccncc1,8.28,231.53,2.227861547
C1=CCC=C1,8.01,188.15,2.198335072
C#CC(=C)C,9.09,160.15,2.311544834
C=CC#CC,10.546,160.15,2.446339057
C#CCC=C,10.4,160.15,2.433613355
C#C/C=C\C,10.012,160.15,2.398985587
C#C/C=C/C,10.012,160.15,2.398985587
N#CCCCC#N,12.59,244.21,2.609334228
CC(C)(C#N)C#N,4.054,307.47,1.620180009
Cc1c[nH]c(=O)[nH]c1=O,17.51,321.3,2.918311127
Cc1ccco1,8.55,178.87,2.256541154
Cc1ccoc1,8.635,182.44,2.265402302
OCc1ccco1,13.13,258.52,2.648300197
Cc1cccs1,11.142,209.77,2.496670517
Cc1ccsc1,10.54,204.18,2.445819261
Cn1cccc1,7.82,216.91,2.17702187
Cc1ccc[nH]1,8.162,237.55,2.215064495
Cc1cc[nH]c1,8.162,224.75,2.215064495
CCOC(=O)CC#N,11.78,250.65,2.547881449
C1CC12CC2,6.43,166.11,2.005525859
C1=CCCC1,3.36,138.13,1.472472057
C=C=C(C)C,7.95,159.53,2.191653532
C=C=CCC,7.56,135.89,2.14710019
C=C/C=C\C,5.64,132.35,1.893111963
C=C/C=C/C,7.14,185.71,2.09679018
C=CCC=C,6.073,124.86,1.956284718
C#CCCC,11.68,167.45,2.540025949
CC#CCC,11.826,163.86,2.551474361
C#CC(C)C,8.157,183.45,2.214518614
C=C1CCC1,5.756,138.45,1.910430999
BrCC(CBr)(CBr)CBr,27.966,436.15,3.366122728
ClCC1(CCl)COC1,16.944,291.85,2.887255797
O=C1CCCC1,11.4,221.85,2.517696473
C=C(C)C(C)=O,3.511,219.55,1.506518858
CC(=O)CC(C)=O,14.497,249.65,2.740646457
C=CCOC(C)=O,11.795,138,2.54905447
C=C(C)OC(C)=O,13.11,180.25,2.646883766
C=COC(=O)CC,11.795,192.07,2.54905447
C/C=C\C(=O)OC,13.11,194.73,2.646883766
C/C=C/C(=O)OC,13.11,231.15,2.646883766
C=CC(=O)OCC,11.795,201.95,2.54905447
C=C(C)C(=O)OC,14.4,224.95,2.734367509
C=C(CC)C(=O)O,19.051,257.15,2.998279028
C/C=C(\C)C(=O)O,17.741,338.15,2.930713637
C/C=C(/C)C(=O)O,17.741,318.15,2.930713637
C=CC(C)C(=O)O,14.046,289.45,2.711112175
CC(C)=CC(=O)O,17.741,343.15,2.930713637
C=C(C)CC(=O)O,16.259,294.15,2.848333747
CC/C=C/C(=O)O,19.051,283.15,2.998279028
CC/C=C\C(=O)O,19.051,301.13,2.998279028
C/C=C/CC(=O)O,19.051,274.65,2.998279028
C/C=C\CC(=O)O,19.051,301.13,2.998279028
C=CCCC(=O)O,17.569,250.65,2.921493524
C=CCC(=O)OC,13.11,194.73,2.646883766
C=CC(=O)OCCO,15.883,213,2.826307198
CC(=O)CCC(=O)O,9.22,308.15,2.324346585
COC(=O)CC(C)=O,14.674,241.25,2.752003289
O=C(O)CCCC(=O)O,20.899,370.65,3.086440974
CCC/C=C\Br,14.193,200.33,2.720834795
CCC/C=C/Br,14.193,200.33,2.720834795
C=C(Br)CCC,11.401,189.69,2.517777115
C=CC(Br)CC,9.188,188.65,2.321210557
C=CCC(C)Br,9.188,188.65,2.321210557
C=CCCCBr,12.711,203.65,2.61819843
CC/C=C\CBr,14.193,200.33,2.720834795
CC/C=C/CBr,14.193,200.33,2.720834795
C/C=C\C(C)Br,10.67,185.33,2.457021446
C/C=C/C(C)Br,10.67,185.33,2.457021446
C/C=C\CCBr,14.193,200.33,2.720834795
C/C=C/CCBr,14.193,200.33,2.720834795
C=C(C)C(C)Br,7.878,174.69,2.183576306
C=C(C)CCBr,11.401,189.69,2.517777115
CC(C)/C=C\Br,10.67,185.33,2.457021446
CC(C)/C=C/Br,10.67,185.33,2.457021446
C=C(Br)C(C)C,7.878,174.69,2.183576306
C=CC(C)(C)Br,5.297,206.07,1.84007333
C=CC(C)CBr,9.188,188.65,2.321210557
CC(C)=CCBr,12.883,186.37,2.63066507
CC(C)=C(C)Br,11.573,172.41,2.531551658
C=C(CC)CBr,11.401,189.69,2.517777115
CCCC=CBr,11.686,189.57,2.540499023
CCC=CCBr,11.686,189.57,2.540499023
CCC=C(C)Br,11.686,189.57,2.540499023
CC=C(Br)CC,11.686,189.57,2.540499023
CC=CC(C)Br,11.686,189.57,2.540499023
CC=CCCBr,11.686,189.57,2.540499023
CCCCC(Br)(Br)Br,17.147,327.43,2.898505258
CCC/C=C\Cl,13.105,170.45,2.646529344
CCC/C=C/Cl,13.105,170.45,2.646529344
C=C(Cl)CCC,10.313,159.81,2.425952507
C=CC(Cl)CC,8.1,158.77,2.208274414
C=CCC(C)Cl,8.1,158.77,2.208274414
C=CCCCCl,11.623,173.77,2.535520547
CC/C=C\CCl,13.105,170.45,2.646529344
CC/C=C/CCl,13.105,170.45,2.646529344
C/C=C\C(C)Cl,9.582,155.45,2.359154444
C/C=C/C(C)Cl,9.582,155.45,2.359154444
C/C=C\CCCl,13.105,170.45,2.646529344
C/C=C/CCCl,13.105,170.45,2.646529344
C=C(C)C(C)Cl,6.79,144.81,2.05284086
C=C(C)CCCl,10.313,159.81,2.425952507
CC(C)/C=C\Cl,9.582,155.45,2.359154444
CC(C)/C=C/Cl,9.582,155.45,2.359154444
C=C(Cl)C(C)C,6.79,144.81,2.05284086
C=CC(C)(C)Cl,4.209,176.19,1.650387899
C=CC(C)CCl,8.1,158.77,2.208274414
CC(C)=CCCl,11.795,156.49,2.54905447
CC(C)=C(C)Cl,10.485,142.53,2.441041836
C=C(CC)CCl,10.313,159.81,2.425952507
CCC(C)=CCl,10.598,159.69,2.450832669
CC=C(C)CCl,10.598,159.69,2.450832669
CC(C)C=CCl,10.598,159.69,2.450832669
CCC=CCCl,10.598,159.69,2.450832669
CCC=C(C)Cl,10.598,159.69,2.450832669
CC=C(Cl)CC,10.598,159.69,2.450832669
CC=CC(C)Cl,10.598,159.69,2.450832669
CC=CCCCl,10.598,159.69,2.450832669
CCCCC(Cl)(Cl)Cl,13.883,237.79,2.700219622
CC(Cl)C(C)(Cl)CCl,15.441,264.47,2.799778215
CC(C)(Cl)C(C)(Cl)Cl,15.441,264.47,2.799778215
CC(CCl)(CCl)CCl,15.441,291.15,2.799778215
CCC/C=C\F,11.988,172.68,2.564025854
CCC/C=C/F,11.988,172.68,2.564025854
C=C(F)CCC,9.196,162.04,2.321995487
C=CC(F)CC,6.983,161,2.077314281
C=CCC(C)F,6.983,161,2.077314281
C=CCCCF,10.506,176,2.442868638
CC/C=C\CF,11.988,172.68,2.564025854
CC/C=C/CF,11.988,172.68,2.564025854
CCC(CI)CI,13.995,246.73,2.707716812
CC(C)(C)C(I)I,6.581,249.15,2.025645117
CC(C)(CI)CI,10.104,264.15,2.407305404
CCCCC=O,15,182,2.772588722
CCC(C)C=O,7.472,172.61,2.136766608
CC(C)CC=O,7.472,168.15,2.136766608
CC(C)(C)C=O,2.52,267.15,1.25846099
CCCC(C)=O,10.63,196.29,2.453587967
CCC(=O)CC,11.59,234.18,2.532902848
CC(=O)C(C)C,9.34,181.15,2.336019869
OC1CCCC1,1.536,255.65,0.930588037
CCCCC(=O)O,14.16,239.15,2.71866038
CCC(C)C(=O)O,15.326,218.15,2.792758929
CC(C)CC(=O)O,7.322,243.85,2.118902611
CC(C)(C)C(=O)O,2.268,308.82,1.184178177
CCC(C)C(=O)O,10.531,252.49,2.445039061
CCCCOC=O,13.9,181.25,2.701361213
CC(C)COC=O,11.2,177.35,2.501435952
CCC(C)OC=O,11.234,189.31,2.504218961
CC(C)(C)OC=O,7.343,206.73,2.121422864
CCCOC(C)=O,11.2,178.15,2.501435952
CC(=O)OC(C)C,8.88,199.75,2.290512512
CCOC(=O)CC,12.3,199.25,2.587764035
CCCC(=O)OC,11.5,187.35,2.525728644
COC(=O)C(C)C,11.534,188.45,2.528444952
CC[C@H](C)C(=O)O,10.531,252.49,2.445039061
CC(CO)(CO)C(=O)O,3.592,464.95,1.524315659
C1CCSCC1,2.449,292.14,1.238084334
CC1CCCS1,8.876,172.44,2.290107571
CC1CCSC1,10.371,191.99,2.431066255
SC1CCCC1,7.83,155.39,2.178155015
CCCCCBr,11.465,185.26,2.522924717
CCCC(C)Br,10.468,177.65,2.439560548
CCC(Br)CC,8.4,146.95,2.240709689
CCC(C)CBr,10.468,190.41,2.439560548
CC(C)CCBr,10.468,161.15,2.439560548
CCC(C)(C)Br,6.577,207.83,2.025117343
CC(C)C(C)Br,6.945,175.41,2.0725428
CC(C)(C)CBr,6.577,207.83,2.025117343
CCCCCCl,12.903,174.15,2.632104644
CCCC(C)Cl,9.38,136.15,2.339880878
CCC(Cl)CC,9.38,168.15,2.339880878
CCC(C)CCl,9.38,160.53,2.339880878
CC(C)CCCl,9.38,168.76,2.339880878
CCC(C)(C)Cl,5.489,199.66,1.870108436
CC(C)C(C)Cl,5.857,145.53,1.925270028
CC(C)(C)CCl,5.489,253.15,1.870108436
CCCCCF,11.786,153.15,2.548350822
CCCC(C)F,8.263,162.76,2.22602797
CCC(F)CC,8.263,162.76,2.22602797
CCC(C)CF,8.263,162.76,2.22602797
CC(C)CCF,8.263,162.76,2.22602797
CCC(C)(C)F,4.372,152.15,1.681200279
CC(C)C(C)F,4.74,147.76,1.74745921
CC(C)(C)CF,4.372,180.18,1.681200279
CCCCCI,13.112,187.55,2.647025499
CCCC(C)I,9.589,188.67,2.359815726
CCC(I)CC,9.589,188.67,2.359815726
CCC(C)CI,9.589,188.67,2.359815726
CC(C)CCI,9.589,188.67,2.359815726
CCC(C)(C)I,5.698,206.09,1.901808974
CC(C)C(C)I,6.066,173.67,1.955294549
CC(C)(C)CI,5.698,206.09,1.901808974
C1CCNCC1,14.854,262.65,2.763421834
NC1CCCC1,8.313,190.45,2.231411274
CCCCC[N+](=O)[O-],18.06,289.22,2.947591898
CCCC(C)[N+](=O)[O-],14.89,274.22,2.765689981
CCC(CC)[N+](=O)[O-],14.89,274.22,2.765689981
CCC(C)C[N+](=O)[O-],14.89,274.22,2.765689981
CC(C)CC[N+](=O)[O-],14.89,370.15,2.765689981
CCC(C)(C)[N+](=O)[O-],11.388,235.15,2.516728262
CC(C)C(C)[N+](=O)[O-],11.719,259.22,2.543096938
CC(C)(C)C[N+](=O)[O-],11.388,287.15,2.516728262
CCCCC,8.401,143.42,2.240816067
CCC(C)C,5.156,113.25,1.817427216
CC(C)(C)C,3.096,256.58,1.410010888
CCCCNC(N)=O,14.55,370.15,2.744060639
CC(C)(C)NC(N)=O,33.13,449.8,3.530176763
CCN(CC)C(N)=O,16.1,348.15,2.839078464
CCNC(=O)NCC,12.46,385.65,2.599722324
CN(C)C(=O)N(C)C,13.4,272.55,2.667228207
CCCCCO,10.5,195.56,2.442347035
CCC(O)CC,9.08,204.15,2.310553263
CCC(C)CO,9.271,191.43,2.32932439
CC(C)CCO,6.61,155.95,2.029463172
CCC(C)(C)O,4.456,264.35,1.696715921
CC(C)C(C)O,5.748,176.43,1.909246165
CC(C)(C)CO,4.057,327.15,1.620773422
CCCCOC,10.85,158.15,2.472327868
COCC(C)C,6.371,152.84,1.997553382
CCC(C)OC,6.371,152.84,1.997553382
COC(C)(C)C,7.6,164.55,2.151762203
CCCOCC,8.39,145.65,2.239645293
CCOC(C)C,6.371,152.84,1.997553382
CCC(C)OC,7.658,154.48,2.158483749
CC[C@H](C)CO,7.783,203.25,2.172818035
CCC[C@H](C)O,7.783,223.25,2.172818035
CCCCCO,7.783,194.25,2.172818035
CCC[C@@H](C)O,7.783,212.34,2.172818035
CC(C)[C@H](C)O,7.783,212.34,2.172818035
CCCOCCO,11.4,183.15,2.517696473
CC(C)(CO)CO,4.44,400,1.693779061
CCCC(O)CO,15,252.25,2.772588722
CCC(O)CCO,11.995,252.25,2.564564668
CC(O)CCCO,11.995,252.25,2.564564668
OCCCCCO,15.72,257.15,2.816605608
CCC(O)C(C)O,11.995,273.25,2.564564668
CC(O)CC(C)O,11.995,273.25,2.564564668
CC(O)CC(C)O,11.995,322.15,2.564564668
CCC(C)(O)CO,11.995,269.67,2.564564668
CC(O)C(C)CO,11.995,237.25,2.564564668
CC(CO)CCO,11.995,237.25,2.564564668
CC(O)C(C)(C)O,11.995,254.67,2.564564668
CC(C)C(O)CO,11.995,237.25,2.564564668
CC(C)(O)CCO,11.995,271.04,2.564564668
CCC(CO)CO,11.995,235.88,2.564564668
CCOCC(C)O,11.924,191.58,2.559086048
CCOC(C)CO,11.924,191.58,2.559086048
CC(C)OCCO,11.924,191.58,2.559086048
COC(C)CCO,11.924,191.58,2.559086048
CCOCCCO,11.924,200,2.559086048
CCC(O)COC,11.924,191.58,2.559086048
C[C@@H](O)C[C@@H](C)O,11.995,323.15,2.564564668
CC(O)CC(C)O,11.995,319.65,2.564564668
CCOC(O)CC,11.924,191.58,2.559086048
COCCOCCO,17.7,197.15,2.928523524
OCC(CO)(CO)CO,5.07,534.15,1.803358605
OC[C@@H](O)[C@@H](O)[C@@H](O)CO,37.6,377.15,3.653252276
OC[C@@H](O)[C@H](O)[C@@H](O)CO,37.4,366.65,3.64805746
CCCCCS,17.53,197.45,2.91939104
CCCC(C)S,11.07,104.2,2.490723035
CCC(S)CC,11.07,162.35,2.490723035
CCC(C)CS,11.07,167.07,2.490723035
CC(C)CCS,7.41,139.64,2.129421474
CCC(C)(C)S,0.608,169.38,0.474991171
CC(C)(C)CS,6.401,206.15,2.001615126
CCCCSC,12.45,175.33,2.598979106
CCCSCC,10.58,156.15,2.449279472
CCC(C)SC,9.313,165.01,2.333405235
CSCC(C)C,9.313,164.05,2.333405235
CCSC(C)C,8.704,150.96,2.272538172
CSC(C)(C)C,8.41,190.83,2.241772954
CCCCCN,17.6,218.15,2.923161581
CCCC(C)N,11.096,203.15,2.492874819
CCC(C)CN,11.096,203.15,2.492874819
CC(C)CCN,11.096,203.15,2.492874819
CCC(C)(C)N,7.787,168.15,2.173273357
CC(C)C(C)N,8.228,223.15,2.22224234
CC(C)(C)CN,11.096,203.15,2.492874819
CCC(N)CC,11.096,203.15,2.492874819
CCCCNC,13.715,198.15,2.688867382
CNCC(C)C,13.715,198.15,2.688867382
CCC(C)NC,13.715,198.15,2.688867382
CNC(C)(C)C,13.715,198.15,2.688867382
CCCNCC,13.715,198.15,2.688867382
CCNC(C)C,13.715,198.15,2.688867382
CCN(C)CC,11.727,170,2.543725721
CCCN(C)C,11.727,170,2.543725721
CC(C)N(C)C,11.727,170,2.543725721
CC[C@H](C)CN,11.096,203.15,2.492874819
CN(C)CN(C)C,15.432,242.26,2.799230653
CCC(N)CCN,15.432,152.25,2.799230653
CN(C)CCCN,15.432,213.25,2.799230653
CNCCCNC,12.385,194.43,2.594134677
CC(C)(CN)CN,15.432,303.15,2.799230653
CC(N)CN(C)C,15.432,308.33,2.799230653
CC(C)NCCN,15.432,242.26,2.799230653
CCCNCCN,15.432,242.26,2.799230653
CNCCN(C)C,15.432,242.26,2.799230653
Fc1c(F)c(F)c(Cl)c(F)c1F,8.355,257.49,2.23591096
Fc1c(Cl)c(F)c(Cl)c(F)c1Cl,19.849,334.16,3.037305985
Clc1c(Cl)c(Cl)c(Cl)c(Cl)c1Cl,24.96,501.7,3.256556892
[2H]c1c([2H])c([2H])c([2H])c([2H])c1[2H],9.791,280,2.378712453
Fc1c(F)c(F)c(F)c(F)c1F,11.59,278.25,2.532902848
Clc1cc(Cl)c(Cl)c(Cl)c1Cl,20.1,358.65,3.04927304
Fc1cc(F)c(F)c(F)c1F,10.883,225.75,2.475108807
Oc1c(F)c(F)c(F)c(F)c1F,12.845,310.65,2.627924157
Brc1cc(Br)c(Br)cc1Br,27.88,455.15,3.363149314
Clc1ccc(Cl)c(Cl)c1Cl,17,319.65,2.890371758
Clc1cc(Cl)c(Cl)c(Cl)c1,18.32,327.65,2.961140829
Clc1cc(Cl)c(Cl)cc1Cl,24.94,412.15,3.255786179
Fc1ccc(F)c(F)c1F,10.93,233.26,2.479056236
Fc1cc(F)c(F)cc1F,15.05,277.03,2.77570885
Nc1c(F)c(F)c(F)c(F)c1F,14.267,308.65,2.725693636
O=[N+]([O-])c1ccc(Cl)c([N+](=O)[O-])c1,20.2,326.55,3.054001182
Clc1ccc(Cl)c(Cl)c1,15.565,290.15,2.807292036
Clc1cccc(Cl)c1Cl,20.5,325.65,3.068052935
Clc1cc(Cl)cc(Cl)c1,18.2,336.65,2.954910279
Clc1cccc(Cl)c1Cl,18.002,313.4,2.944544237
Clc1cccc(C(Cl)(Cl)Cl)n1,20.299,336.15,3.058660123
O=[N+]([O-])c1cc([N+](=O)[O-])c(O)c([N+](=O)[O-])c1,17.1,395.65,2.895911938
O=[N+]([O-])c1cc([N+](=O)[O-])c(O)c([N+](=O)[O-])c1O,33.5,448.65,3.540959324
Clc1ccccc1Br,12.368,260.85,2.592863791
Clc1cccc(Br)c1,12.288,251.65,2.586861372
Clc1ccc(Br)cc1,18.76,341.15,2.983659692
Brc1ccccc1I,14.441,282.65,2.737026309
Brc1cccc(I)c1,12.192,263.85,2.579610585
Brc1ccc(I)cc1,19.614,365.15,3.025970457
Brc1cccc(Br)c1,14.225,266.25,2.722938814
Brc1ccccc1Br,13.587,274.95,2.680130721
Brc1ccc(Br)cc1,20.04,360,3.046425388
Brc1ccccc1Br,15.872,300.4,2.825655443
Oc1ccc(Br)cc1Br,15,311.15,2.772588722
O=[N+]([O-])c1cccc(Cl)c1,20.782,317.65,3.081083941
O=[N+]([O-])c1ccc(Cl)cc1,18.03,356.65,2.946016681
Clc1ccccc1Cl,12.922,256.15,2.633470323
Clc1cccc(Cl)c1,12.59,248.39,2.609334228
Clc1ccc(Cl)cc1,18.187,326.14,2.954232966
Oc1cccc(Cl)c1Cl,21.363,331.15,3.107407807
Oc1ccc(Cl)cc1Cl,20.09,318.15,3.048798994
Oc1cc(Cl)ccc1Cl,22.434,332.15,3.154187959
Oc1c(Cl)cccc1Cl,22.141,341.65,3.141605936
Oc1ccc(Cl)c(Cl)c1,20.927,341.15,3.087718754
Oc1cc(Cl)cc(Cl)c1,20.509,341.15,3.068471452
Fc1cccc(F)c1,8.58,204.03,2.259677592
Fc1ccccc1F,11.05,239.16,2.48906466
Fc1ccc(F)cc1,10.346,260.16,2.428865259
Ic1ccccc1I,14.079,300.15,2.713303047
Ic1cccc(I)c1,15.943,313.55,2.829854769
Ic1ccc(I)cc1,22.34,404.65,3.150168627
O=[N+]([O-])c1ccccc1[N+](=O)[O-],22.75,390.08,3.16758253
O=[N+]([O-])c1ccc([N+](=O)[O-])cc1,28.1,446.6,3.370738174
O=[N+]([O-])c1cccc(O)c1[N+](=O)[O-],26.239,417.65,3.30464977
O=[N+]([O-])c1ccc(O)c([N+](=O)[O-])c1,24.174,388.65,3.225811716
O=[N+]([O-])c1ccc([N+](=O)[O-])c(O)c1,23.73,381.15,3.208017082
O=[N+]([O-])c1cccc([N+](=O)[O-])c1O,19.577,336.65,3.024173947
O=[N+]([O-])c1ccc(O)cc1[N+](=O)[O-],25.376,407.15,3.272454506
O=[N+]([O-])c1cc(O)cc([N+](=O)[O-])c1,25,398.25,3.258096538
O=C1C=CC(=O)C=C1,18.45,388.15,2.96784707
Brc1ccccc1,10.702,242.43,2.459759767
Oc1ccc(Br)cc1,16.473,339.55,2.860656832
Clc1ccccc1,9.556,227.95,2.356694419
Oc1cccc(Cl)c1,14.905,306,2.766633525
Oc1ccccc1Cl,12.523,282,2.604391939
Oc1ccc(Cl)cc1,14.067,316,2.712506922
Fc1ccccc1,11.305,230.94,2.510005684
Ic1ccccc1,9.749,241.83,2.374812727
O=[N+]([O-])c1ccccc1,10.815,278.91,2.469369911
O=[N+]([O-])c1ccccc1O,17.446,317.95,2.914847545
O=[N+]([O-])c1cccc(O)c1,19.96,369.95,3.042615859
c1ccccc1,9.866,278.68,2.385638648
Nc1cccc(Cl)c1,10.152,262.75,2.411618854
Nc1ccccc1Cl,11.883,269.65,2.555908613
Nc1ccc(Cl)cc1,19.84,343.05,3.036874217
Nc1cccc([N+](=O)[O-])c1,23.68,387.15,3.205993199
Nc1ccccc1[N+](=O)[O-],16.108,344.65,2.83954619
Nc1ccc([N+](=O)[O-])cc1,21.09,420.65,3.095125017
O=[N+]([O-])Nc1ccccc1,19.398,320.45,3.015436857
Oc1ccccc1O,22,377.6,3.135494216
Oc1cccc(O)c1,18.9,382,2.990719732
Oc1ccc(O)cc1,26.5,444.65,3.314186005
Oc1cccc(O)c1O,18.55,407,2.972975286
Sc1ccccc1,11.447,258.26,2.52147963
Nc1ccccc1,10.54,267.13,2.445819261
Cc1ccccn1,9.724,206.44,2.37248422
Cc1cccnc1,14.18,255.01,2.719978772
Cc1ccncc1,12.582,276.73,2.608745387
Cc1ccccn1,12.518,275.55,2.604022131
Nc1ccccc1O,34,447.15,3.555348061
Nc1cccc(O)c1,22.967,396.15,3.176677884
Nc1ccc(O)cc1,31.2,460.65,3.471966453
C1=CCC=CC1,5.715,223.95,1.90434383
N#CCCCCC#N,23.076,275.64,3.181215494
Nc1cccc(N)c1,15.4,334,2.797281335
Nc1ccccc1N,23.1,376.95,3.18221184
Nc1ccc(N)cc1,24.9,413,3.254242969
NNc1ccccc1,16.43,292.35,2.85819286
N#CCCOCCC#N,17.2,246.85,2.901421594
O=C1CCC(=O)CC1,11.325,351.15,2.51162972
COC(=O)/C=C\C(=O)OC,14.64,254.15,2.749831735
CCc1cccs1,9.872,241.08,2.386190677
CCc1ccsc1,9.872,184.05,2.386190677
Cc1ccsc1C,9.483,224.15,2.349754897
Cc1csc(C)c1,9.483,241.08,2.349754897
Cc1ccc(C)s1,8.191,210.55,2.218224744
Cc1cscc1C,9.483,241.08,2.349754897
C=C(C)C(=O)OCCCl,17.001,235.15,2.890427312
Cc1c[nH]c(C)c1,9.296,279.65,2.33175547
Cc1ccc(C)[nH]1,9.296,279.65,2.33175547
CCn1cccc1,9.296,279.65,2.33175547
CCc1ccc[nH]1,9.296,279.65,2.33175547
CC1=CCCC1,6.453,145.96,2.008616636
CC1C=CCC1,6.453,130.16,2.008616636
CC1CC=CC1,6.453,112.31,2.008616636
C1=CCCCC1,3.284,169.67,1.454887153
C=C=CCCC,12.146,161.63,2.57611753
C=C/C=C\CC,10.218,150.04,2.417519631
C=C/C=C/CC,10.218,170.75,2.417519631
C=CCC=CC,10.365,158.35,2.430538457
C=CCCC=C,8.736,132.47,2.275830356
CC=C=CCC,13.628,158.31,2.6829375
CC=CC=CC,10.365,194.15,2.430538457
C=C=C(C)CC,10.836,147.67,2.471145735
C=C=CC(C)C,10.836,145.26,2.471145735
C=CC(C)=CC,11.836,145.26,2.552253723
C=CC=C(C)C,8.908,136.08,2.293342512
C=CCC(=C)C,7.426,139.4,2.131322164
C=CC(C)C=C,5.213,138.36,1.826643871
CC=C=C(C)C,12.318,144.35,2.589116504
C=CC(=C)CC,7.426,139.4,2.131322164
C=C(C)C(=C)C,6.116,197.15,1.96234577
C#CCCCC,14.27,141.25,2.725890119
CC#CCCC,14.416,183.65,2.735405931
CCC#CCC,14.416,170.05,2.735405931
C#CC(C)CC,10.747,188.85,2.463597889
C#CCC(C)C,10.747,168.55,2.463597889
CC#CC(C)C,10.893,162.85,2.475949992
C#CC(C)(C)C,6.856,194.95,2.061277571
C=C(C)C=CC,10.365,258.25,2.430538457
C=CC=CCC,10.365,158.35,2.430538457
O=C1CCCCC1,1.328,242,0.84500953
O=C1CCCCCO1,13.82,271.85,2.69597762
C=C(C)C(=O)OCC,13.075,272,2.644400174
C=CC(=O)OCCC,14.385,272,2.733393009
CC=CCOC(C)=O,15.4,291.19,2.797281335
C=CCOC(=O)CC,15.4,291.19,2.797281335
C=CCC(=O)OCC,15.4,291.19,2.797281335
C/C=C\C(=O)OCC,15.4,291.19,2.797281335
CC=CC(=O)OCC,15.4,291.19,2.797281335
C/C=C/C(=O)OCC,15.4,291.19,2.797281335
C=COC(=O)CCC,15.4,291.19,2.797281335
C=COC(=O)C(C)C,15.4,291.19,2.797281335
CC=C(C)C(=O)OC,15.4,291.19,2.797281335
COC(=O)C=C(C)C,15.4,310.37,2.797281335
C=CC(=O)OC(C)C,11.3,190,2.509599262
CC/C=C/C(=O)OC,15.4,291.19,2.797281335
C/C=C/CC(=O)OC,15.4,291.19,2.797281335
CCCC(=O)CC(=O)[O-],17.264,234.15,2.904931909
CC(=O)OC(C)OC(C)=O,16.511,292,2.862829255
CCCC/C=C\Br,16.783,211.6,2.878242945
CCCC/C=C/Br,16.783,211.6,2.878242945
C=CCCCCBr,16.783,211.6,2.878242945
CC(C)=CCCBr,16.783,211.6,2.878242945
CCCCCC(Br)(Br)Br,19.737,338.7,3.031919544
CCCC/C=C\Cl,15.695,181.72,2.815109273
CCCC/C=C/Cl,15.695,181.72,2.815109273
CC(C)=C(C)CCl,15.695,181.72,2.815109273
CCCCC=CCl,15.695,181.72,2.815109273
CCC=CCCCl,15.695,181.72,2.815109273
C=C(Cl)CCCC,15.695,181.72,2.815109273
CC=CC(Cl)CC,15.695,181.72,2.815109273
C=CCCC(C)Cl,15.695,181.72,2.815109273
CC/C=C(\Cl)CC,15.695,181.72,2.815109273
C=C(C)C(Cl)CC,15.695,181.72,2.815109273
CC(C)=CCCCl,15.695,181.72,2.815109273
CCCCCC(Cl)(Cl)Cl,16.473,249.06,2.860656832
CCCC/C=C\F,14.578,183.95,2.745859662
CCCC/C=C/F,14.578,183.95,2.745859662
CCCC/C=C\I,15.904,209.86,2.82755028
CCCC/C=C/I,15.904,209.86,2.82755028
CCCCCC(I)(I)I,17.1,333.48,2.895911938
CCCCCC#N,16.62,192.85,2.869034621
CCCC(C)C#N,9.279,206.87,2.330102979
CCC(C#N)CC,9.279,206.87,2.330102979
CCC(C)CC#N,9.279,206.87,2.330102979
CC(C)CCC#N,9.279,222.05,2.330102979
CCC(C)(C)C#N,5.388,224.29,1.85442123
CC(C)C(C)C#N,5.756,191.87,1.910430999
CC(C)(C)CC#N,5.388,306.15,1.85442123
O=C1CCCCCN1,16.096,342.36,2.838844518
ON=C1CCCCC1,12.7,363.15,2.617395833
CC1(C)CCC1,1.033,195.2,0.709512535
CCC1CCC1,7.331,130.4,2.119983497
CC1CCCC1,6.93,130.73,2.070653036
C1CCCCC1,2.68,279.69,1.302912752
C=CCCCC,9.347,133.39,2.336696623
C/C=C/CCC,8.255,140.17,2.225163946
CCC=CCC,7.134,183.25,2.096052807
CC/C=C\CC,8.247,135.33,2.224299175
CC/C=C/CC,11.08,159.73,2.491551193
C=C(C)CCC,7.029,137.42,2.083059987
C=CC(C)CC,3.6,120.2,1.526056303
C=CCC(C)C,3.556,119.51,1.516445046
CC=CC(C)C,7.134,146.05,2.096052807
C/C=C\C(C)C,7.364,138.3,2.123936782
C/C=C/C(C)C,7.155,132.35,2.098631236
CCC=C(C)C,8.033,138.07,2.200884538
C/C=C(/C)CC,5.92,138.31,1.93441577
C/C=C(\C)CC,7.699,134.7,2.163208077
C=C(C)C(C)C,5.448,115.89,1.863770005
CC(C)=C(C)C,6.44,198.82,2.006870849
C=CC(C)(C)C,1.096,157.95,0.740030766
C=C(CC)CC,7.573,141.61,2.14861773
CCCCCC(Br)Br,18.343,261.48,2.962330597
CC(C)C(C)(Br)CBr,21.161,301.65,3.098333987
CC(CBr)C(C)CBr,21.161,301.65,3.098333987
CC(C)(Br)C(C)(C)Br,21.161,435.15,3.098333987
CCCCC(Br)CBr,21.161,301.65,3.098333987
CCC(Br)CCCBr,21.161,301.65,3.098333987
CC(Br)CCCCBr,21.161,301.65,3.098333987
BrCCCCCCBr,21.161,271.95,3.098333987
CCCC(Br)C(C)Br,21.161,301.65,3.098333987
CC(C)(C)C(Br)CBr,21.161,301.65,3.098333987
CCC(Br)C(Br)CC,21.161,301.65,3.098333987
CC(Br)CCC(C)Br,21.161,311.15,3.098333987
CC(CCBr)CCBr,21.161,301.65,3.098333987
CCCCCC(Cl)Cl,16.167,201.72,2.842988936
CCCCC(Cl)CCl,17.418,217.32,2.913328447
ClCCCCCCCl,17.418,217.32,2.913328447
CCCCC(C)(Cl)Cl,17.418,217.32,2.913328447
CCCC(Cl)C(C)Cl,17.418,217.32,2.913328447
C[C@@H](Cl)CC[C@@H](C)Cl,17.418,235.15,2.913328447
CC(C)(C)CC(Cl)Cl,17.418,215.1,2.913328447
C[C@H](Cl)CC[C@@H](C)Cl,17.418,217.32,2.913328447
CCCCCC(F)F,13.933,206.18,2.703573529
CCCCCC(I)I,16.585,258,2.867046266
ICCCCCCI,17.377,282.65,2.911099883
C1CN2CCN1CC2,7.431,434.25,2.131915389
C=COCCCC,13.8,181.25,2.694627181
C=COC(C)CC,12.78,167.85,2.623218266
C=COC(C)(C)C,12.78,161.15,2.623218266
C=COCC(C)C,12.78,161.15,2.623218266
C=CCOC(C)C,12.78,167.85,2.623218266
C=CCOCCC,12.78,167.85,2.623218266
OC1CCCCC1,1.783,296.6,1.023529483
CCCCCC=O,13.33,217.15,2.662355242
CCCC(C)C=O,14.087,183.88,2.713833446
CCC(C)CC=O,14.087,183.88,2.713833446
CC(C)CCC=O,14.087,183.88,2.713833446
CCC(C=O)CC,14.087,184.15,2.713833446
CCC(C)(C)C=O,8.639,201.3,2.265817369
CC(C)C(C)C=O,9.155,168.88,2.317966195
CC(C)(C)CC=O,8.639,201.3,2.265817369
CCCCC(C)=O,14.9,217.35,2.766319109
CCCC(=O)CC,13.49,217.5,2.673458756
CCC(C)C(C)=O,10.309,167.15,2.425598869
CC(=O)CC(C)C,10.309,189.15,2.425598869
CCC(=O)C(C)C,10.309,191.81,2.425598869
CC(=O)C(C)(C)C,11.33,221.15,2.512035317
CC(=O)C(C)(C)C,11.765,200.69,2.546707051
CCCCCC(=O)O,15.062,270.15,2.776456234
CCC(CC)C(=O)O,17.916,258.15,2.940008125
CC(C)(C)CC(=O)O,15.979,279.65,2.831977286
CCC(C)(C)C(=O)O,15.979,259.15,2.831977286
CC(C)C(C)C(=O)O,15.979,272.35,2.831977286
CC(C)CCC(=O)O,15.979,240.15,2.831977286
CCCCCOC=O,17.347,199.65,2.909466073
CCCC(C)OC=O,13.824,200.58,2.696247489
CCC(C)COC=O,13.824,200.58,2.696247489
CC(C)CCOC=O,13.824,179.65,2.696247489
CCC(CC)OC=O,13.824,200.58,2.696247489
CCC(C)(C)OC=O,9.933,218,2.391785738
CC(C)C(C)OC=O,10.301,185.58,2.424891217
CC(C)(C)COC=O,9.933,218,2.391785738
CCCCOC(C)=O,14.59,199.65,2.746629683
CC(=O)OCC(C)C,12.4,174.3,2.595254707
CCC(C)OC(C)=O,12.142,174.15,2.575813208
CC(=O)OC(C)(C)C,8.251,201.63,2.224731654
CCCOC(=O)CC,15,197.25,2.772588722
CCC(=O)OC(C)C,12.142,184.21,2.575813208
CCCC(=O)OCC,12.5,175.15,2.602689685
CCOC(=O)C(C)C,12.142,185,2.575813208
COC(=O)C(C)(C)C,13.538,190.73,2.676765911
CCC(C)CC(=O)O,15.979,231.65,2.831977286
CCCC(C)C(=O)O,15.979,255.35,2.831977286
CCOCCOC(C)=O,17.2,211.45,2.901421594
CCCCC(O)C(=O)O,25.527,334,3.278163082
CC1OC(C)OC(C)O1,13.52,285.75,2.675527009
SC1CCCCC1,10,189.64,2.397895273
CSC1CCCC1,10.104,169.34,2.407305404
CCCCCCBr,18.054,188.45,2.947277053
CCCCC(C)Br,13.058,201.68,2.643191629
CCCC(Br)CC,13.058,201.68,2.643191629
CCCC(C)CBr,13.058,201.68,2.643191629
CCC(C)CCBr,13.058,201.68,2.643191629
CC(C)CCCBr,13.058,201.68,2.643191629
CCCC(C)(C)Br,9.167,219.1,2.319147181
CCC(C)C(C)Br,9.535,186.68,2.354703047
CC(C)CC(C)Br,9.535,178.95,2.354703047
CCC(Br)C(C)C,9.535,186.68,2.354703047
CCC(C)(Br)CC,9.167,180.95,2.319147181
CCC(C)(C)CBr,13.058,201.68,2.643191629
CC(C)C(C)CBr,9.167,219.1,2.319147181
CC(C)(C)CCBr,9.535,186.68,2.354703047
CC(C)C(C)(C)Br,9.167,298.15,2.319147181
CC(Br)C(C)(C)C,5.644,298.15,1.893714192
CCC(CC)CBr,5.644,204.1,1.893714192
CCCCCCCl,15.493,179.15,2.802936048
CCCCC(C)Cl,11.97,171.8,2.562638998
CCCC(Cl)CC,11.97,171.8,2.562638998
CCCC(C)CCl,11.97,171.8,2.562638998
CCC(C)CCCl,11.97,171.8,2.562638998
CC(C)CCCCl,11.97,171.8,2.562638998
CCCC(C)(C)Cl,8.079,189.22,2.205964054
CCC(C)C(C)Cl,8.447,156.8,2.245697231
CC(C)CC(C)Cl,8.447,156.8,2.245697231
CCC(Cl)C(C)C,8.447,156.8,2.245697231
CCC(C)(Cl)CC,8.079,189.22,2.205964054
CCC(CC)CCl,11.97,171.8,2.562638998
CCC(C)(C)CCl,8.079,189.22,2.205964054
CC(C)C(C)CCl,8.447,156.8,2.245697231
CC(C)(C)CCCl,8.079,189.22,2.205964054
CC(C)C(C)(C)Cl,4.556,262.75,1.714878425
CC(Cl)C(C)(C)C,4.556,272.25,1.714878425
CCCCCCF,14.376,170.15,2.732807852
CCCCC(C)F,10.853,169.15,2.472581
CCCC(F)CC,10.853,169.15,2.472581
CCCC(C)CF,10.853,174.03,2.472581
CCC(C)CCF,10.853,174.03,2.472581
CC(C)CCCF,10.853,174.03,2.472581
CCCC(C)(C)F,6.962,191.45,2.074680225
CCC(C)C(C)F,7.33,159.03,2.119863456
CC(C)CC(C)F,7.33,159.03,2.119863456
CCC(F)C(C)C,7.33,159.03,2.119863456
CCC(C)(F)CC,6.962,191.45,2.074680225
CCC(C)(C)CF,10.853,174.03,2.472581
CC(C)C(C)CF,6.962,191.45,2.074680225
CC(C)(C)CCF,7.33,159.03,2.119863456
CC(C)C(C)(C)F,6.962,191.45,2.074680225
CC(F)C(C)(C)C,3.439,176.45,1.490429126
CCC(CC)CF,3.439,176.45,1.490429126
CCCCCCI,15.702,198.95,2.815528473
CCCCC(C)I,12.179,199.94,2.578624654
CCCC(I)CC,12.179,199.94,2.578624654
CCCC(C)CI,12.179,199.94,2.578624654
CCC(C)CCI,12.179,199.94,2.578624654
CC(C)CCCI,12.179,199.94,2.578624654
CCCC(C)(C)I,8.288,217.36,2.228723244
CCC(C)C(C)I,8.656,184.94,2.267579484
CC(C)CC(C)I,8.656,184.94,2.267579484
CCC(I)C(C)C,8.656,184.94,2.267579484
CCC(C)(I)CC,8.288,217.36,2.228723244
CCC(C)(C)CI,12.179,199.94,2.578624654
CC(C)C(C)CI,8.288,217.36,2.228723244
CC(C)(C)CCI,8.656,184.94,2.267579484
CC(C)C(C)(C)I,8.288,217.36,2.228723244
CC(I)C(C)(C)C,4.765,202.36,1.751805154
CCC(CC)CI,4.765,202.36,1.751805154
NC1CCCCC1,13.7,255.45,2.687847494
CN1CCCCC1,16.58,170.45,2.866761892
CC1CCNCC1,16.58,241.46,2.866761892
CC1CCCCN1,16.58,269.45,2.866761892
C[C@H]1CCCCN1,16.58,241.46,2.866761892
CC1CCCNC1,16.58,247.6,2.866761892
CCCCCC[N+](=O)[O-],20.391,300.49,3.062970273
CCCCC(C)[N+](=O)[O-],17.221,285.49,2.902574775
CCCC(CC)[N+](=O)[O-],17.221,285.49,2.902574775
CCCC(C)C[N+](=O)[O-],17.221,285.49,2.902574775
CCC(C)CC[N+](=O)[O-],17.221,285.49,2.902574775
CC(C)CCC[N+](=O)[O-],17.221,285.49,2.902574775
CCCC(C)(C)[N+](=O)[O-],13.719,302.91,2.689139176
CCC(C)C(C)[N+](=O)[O-],14.05,270.49,2.711377991
CC(C)CC(C)[N+](=O)[O-],14.05,270.49,2.711377991
CCC(C(C)C)[N+](=O)[O-],14.05,270.49,2.711377991
CCC(C)(CC)[N+](=O)[O-],13.719,302.91,2.689139176
CCC(C)(C)C[N+](=O)[O-],13.719,302.91,2.689139176
CC(C)C(C)C[N+](=O)[O-],14.05,270.49,2.711377991
CC(C)(C)CC[N+](=O)[O-],13.719,302.91,2.689139176
CC(C)C(C)(C)[N+](=O)[O-],10.548,280.15,2.446512262
CC([N+](=O)[O-])C(C)(C)C,10.548,313.15,2.446512262
CCC(CC)C[N+](=O)[O-],17.221,285.49,2.902574775
CCCCCC,13.079,177.84,2.644684325
CCC(C)(C)C,0.579,174.28,0.456791735
CC(C)C(C)C,0.79,145.19,0.58221562
CCCC(C)C,6.268,119.55,1.983481151
CCC(C)CC,5.303,110.25,1.841025711
CCCCCCO,15.38,228.55,2.796061078
CCCCC(C)O,11.861,223,2.554199476
CCCC(O)CC,11.861,202.7,2.554199476
CCCC(C)CO,11.861,202.7,2.554199476
CCC(C)CCO,11.861,202.7,2.554199476
CC(C)CCCO,11.861,202.7,2.554199476
CC(C)CC(C)O,8.338,183.15,2.234092097
CCCC(C)(C)O,7.97,171.15,2.193885676
CCC(C)C(C)O,8.338,187.7,2.234092097
CCC(O)C(C)C,8.338,187.7,2.234092097
CCC(C)(O)CC,7.97,249.55,2.193885676
CCC(CC)CO,8.22,158.75,2.221375038
CCC(C)(C)CO,7.97,220.12,2.193885676
CC(C)C(C)CO,8.338,187.7,2.234092097
CC(C)C(C)CO,9.667,213.4,2.367154864
CC(C)(C)CCO,7.97,213.15,2.193885676
CC(C)C(C)(C)O,4.447,262.75,1.695064998
CC(O)C(C)(C)C,4.447,278.45,1.695064998
CCCCC(C)O,9.667,213.4,2.367154864
CCCOCCC,10.77,158.36,2.465553921
CCCOC(C)C,8.961,164.11,2.298677468
CC(C)OC(C)C,12.035,187.65,2.567638047
CCCCCOC,12.484,179.11,2.601503797
CCCC(C)OC,8.961,164.11,2.298677468
CCC(C)COC,8.961,164.11,2.298677468
COCCC(C)C,8.961,164.11,2.298677468
CCC(CC)OC,8.961,164.11,2.298677468
COC(C)C(C)C,5.438,149.11,1.862217933
CCC(C)(C)OC,9.531,149.11,2.354323288
COCC(C)(C)C,5.07,181.53,1.803358605
CCCCOCC,12.5,170.15,2.602689685
CCOCC(C)C,8.961,164.11,2.298677468
CCOC(C)CC,8.961,164.11,2.298677468
CCOC(C)(C)C,5.07,179.15,1.803358605
CCCC[C@H](C)O,9.667,213.4,2.367154864
CCCC(C)(C)O,9.667,213.4,2.367154864
CCCCOCCO,19.1,203.15,3.000719815
OCCCCCCO,16,223.15,2.833213344
CCCCC(O)CO,17.437,318.15,2.914359515
CCCC(O)CCO,17.437,263.52,2.914359515
CCC(O)CCCO,17.437,263.52,2.914359515
CC(O)CCCCO,17.437,263.52,2.914359515
OCCCCCCO,17,315.15,2.890371758
CCCC(O)C(C)O,17.437,333.15,2.914359515
CCC(O)CC(C)O,17.437,277.56,2.914359515
CC(O)CCC(C)O,17.437,316.15,2.914359515
CCC(O)C(O)CC,17.437,248.52,2.914359515
CCCC(C)(O)CO,17.437,280.94,2.914359515
CCC(O)C(C)CO,17.437,243.15,2.914359515
CC(CO)CCCO,17.437,248.52,2.914359515
CCC(O)C(C)(C)O,17.437,265.94,2.914359515
CCC(C)(O)CCO,17.437,280.94,2.914359515
CC(CCO)CCO,17.437,213.15,2.914359515
CCC(C)(O)C(C)O,17.437,265.94,2.914359515
CC(O)C(C)C(C)O,17.437,233.52,2.914359515
CC(C)(O)CCCO,17.437,280.94,2.914359515
CCC(O)(CC)CO,17.437,318.65,2.914359515
CCC(CO)C(C)O,17.437,248.52,2.914359515
CCC(CO)CCO,17.437,248.52,2.914359515
CC(O)C(C)(C)CO,17.437,260.35,2.914359515
CC(C)(CO)CCO,17.437,265.94,2.914359515
CC(C)C(C)(O)CO,17.437,265.94,2.914359515
CC(CO)C(C)(C)O,17.437,265.94,2.914359515
CC(C)(O)C(C)(C)O,17.437,314.25,2.914359515
CC(C)(C)C(O)CO,17.437,321.65,2.914359515
CCCC(CO)CO,17.437,263.52,2.914359515
CC(C)C(CO)CO,17.437,248.52,2.914359515
CCC(C)(CO)CO,17.437,313.45,2.914359515
CC(O)COC(C)C,19.605,208.52,3.025533765
CC(C)COCCO,19.605,208.52,3.025533765
CCCOCC(C)O,19.605,208.52,3.025533765
CCOCCOCC,19.605,199.15,3.025533765
C[C@@H](O)CC[C@@H](C)O,17.437,323.15,2.914359515
C[C@H](O)CC[C@H](C)O,17.437,324.65,2.914359515
COC(C)(C)CCO,19.605,223.25,3.025533765
C[C@@H](O)CC(C)(C)O,17.437,277.56,2.914359515
CCC(C)OCCO,19.605,208.52,3.025533765
CCCOCCCO,19.605,208.52,3.025533765
COCCOCCOC,17.8,203.15,2.93385687
CC(O)COC(C)CO,22.7,233,3.165475048
CCOCCOCCO,16.3,195.15,2.850706502
OCCOCCOCCO,31.2,265.79,3.471966453
OC[C@@H](O)[C@@H](O)[C@H](O)[C@H](O)CO,56.1,441.15,4.044804117
CCCCCCS,18.012,192.62,2.945070359
CCCCC(C)S,14.178,126.15,2.719847011
CC(C)C(C)(C)S,16.409,159.39,2.856987314
CCCC(S)CC,16.409,159.39,2.856987314
CCCC(C)(C)S,16.409,159.39,2.856987314
CCCSCCC,12.14,170.45,2.575661013
CC(C)SC(C)C,10.42,170.45,2.435366204
CCCCCSC,15.426,179.16,2.798865445
CCCCSCC,12.39,178.03,2.59450816
CCCC(C)SC,11.903,176.28,2.557459842
CCC(C)CSC,11.903,176.28,2.557459842
CSCCC(C)C,11.903,176.28,2.557459842
CCCSC(C)C,11.903,176.28,2.557459842
CCSC(C)CC,11.903,176.28,2.557459842
CCSCC(C)C,11.903,176.28,2.557459842
CCC(CC)SC,11.903,176.28,2.557459842
CCC(C)(C)SC,8.012,193.7,2.198557023
CSC(C)C(C)C,8.38,161.28,2.238579763
CSCC(C)(C)C,8.012,193.7,2.198557023
CCSC(C)(C)C,7.072,184.2,2.088401283
CC(C)SSC(C)C,14.416,204.15,2.735405931
CCCSSCCC,13.81,187.68,2.695302628
CCCCCCN,21.2,251.85,3.100092289
CCCCC(C)N,15.564,254.15,2.807231666
CCCC(N)CC,13.562,232.45,2.678415396
CCCC(C)CN,13.562,232.45,2.678415396
CCC(C)CCN,13.562,232.45,2.678415396
CC(C)CCCN,15.564,178.75,2.807231666
CCCC(C)(C)N,13.562,232.45,2.678415396
CCC(C)C(C)N,13.562,232.45,2.678415396
CC(C)CC(C)N,13.562,232.45,2.678415396
CCC(N)C(C)C,13.562,232.45,2.678415396
CCC(C)(N)CC,13.562,232.45,2.678415396
CCC(C)(C)CN,13.562,232.45,2.678415396
CC(C)C(C)CN,13.562,232.45,2.678415396
CC(C)(C)CCN,13.562,232.45,2.678415396
CC(C)C(C)(C)N,6.667,202.65,2.036925405
CC(N)C(C)(C)C,6.667,253.15,2.036925405
CCC(CC)CN,13.562,232.45,2.678415396
CCCCCNC,14.223,191.5,2.722807442
CCCC(C)NC,14.223,191.5,2.722807442
CCC(C)CNC,14.223,191.5,2.722807442
CNCCC(C)C,14.223,191.5,2.722807442
CCC(C)(C)NC,14.223,191.5,2.722807442
CNC(C)C(C)C,14.223,191.5,2.722807442
CNCC(C)(C)C,14.223,191.5,2.722807442
CCCCNCC,14.223,191.5,2.722807442
CCNC(C)CC,14.223,191.5,2.722807442
CCNCC(C)C,14.223,191.5,2.722807442
CCNC(C)(C)C,14.5,210.15,2.740840024
CCCNCCC,14.5,210.15,2.740840024
CC(C)NC(C)C,15,176.85,2.772588722
CCCNC(C)C,14.223,191.5,2.722807442
CCCN(C)CC,13.022,164.23,2.640627525
CCN(C)C(C)C,12.36,166.07,2.592265168
CCCCN(C)C,12.36,166.07,2.592265168
CCC(C)N(C)C,12.36,166.07,2.592265168
CC(C)CN(C)C,14.317,158.45,2.728963323
CN(C)C(C)(C)C,6.903,183.15,2.067242434
CCN(CC)CC,14.317,158.45,2.728963323
NCCCCCCO,34.9,331,3.580737295
CCCCNCCO,33.146,314.36,3.530645449
CC(C)(C)NCCO,33.146,317.15,3.530645449
CC(C)CNCCO,33.146,314.36,3.530645449
CCCCC(N)CO,33.146,314.36,3.530645449
CC(O)CC(C)(C)N,33.146,314.36,3.530645449
CCCCNCCN,34.216,266.05,3.561500525
CC(C)NCCCN,34.216,266.05,3.561500525
CCCNCCCN,34.216,266.05,3.561500525
CN(C)P(=O)(N(C)C)N(C)C,16.945,280.15,2.887311525
NCCNCCNCCN,33.4,285.15,3.538056564
Cc1c(F)c(F)c(F)c(F)c1F,13.28,243.37,2.658859957
O=C(O)c1ccccc1Cl,26.29,415.15,3.306520335
O=C(O)c1cccc(Cl)c1,22,431.15,3.135494216
O=C(O)c1ccc(Cl)cc1,34.26,516.15,3.562749177
ClC(Cl)(Cl)c1ccccc1,13.95,268.4,2.7047113
ClCc1ccc(Cl)c(Cl)c1,16.049,310.65,2.836091551
ClCc1cc(Cl)cc(Cl)c1,16.049,309.15,2.836091551
Cc1ccc(Cl)c(Cl)c1Cl,16.049,316.65,2.836091551
Cc1cc(Cl)c(Cl)c(Cl)c1,16.049,318.65,2.836091551
Cc1cc(Cl)c(Cl)cc1Cl,16.049,355.55,2.836091551
Cc1cc(Cl)cc(Cl)c1Cl,16.049,318.65,2.836091551
Clc1cccc(C(Cl)Cl)c1,16.049,308.79,2.836091551
ClCc1c(Cl)cccc1Cl,16.049,310.65,2.836091551
ClC(Cl)(Cl)c1ccccc1,16.049,308.79,2.836091551
ClCc1ccc(Cl)cc1Cl,16.049,270.8,2.836091551
Cc1c(Cl)ccc(Cl)c1Cl,16.049,308.79,2.836091551
FC(F)(F)c1ccccc1,13.782,244.14,2.693410224
O=C(O)c1ccc(I)cc1,33.94,543.15,3.553632305
N#Cc1ccccc1,10.98,260.4,2.483238593
c1ccc2ocnc2c1,16.784,304.15,2.878299177
O=C(O)c1ccccc1[N+](=O)[O-],27.99,420.65,3.366950943
O=C(O)c1cccc([N+](=O)[O-])c1,19.33,414.15,3.012097628
c1ccc2scnc2c1,12.591,274.15,2.609407809
Cc1cc([N+](=O)[O-])c([N+](=O)[O-])cc1[N+](=O)[O-],24.7,377.15,3.246490992
Cc1ccc([N+](=O)[O-])cc1[N+](=O)[O-],20.9,343,3.086486637
Cc1c([N+](=O)[O-])cccc1[N+](=O)[O-],16.07,339,2.837322537
Cc1ccc([N+](=O)[O-])c([N+](=O)[O-])c1,18.83,332,2.987195943
O=Cc1ccccc1,9.32,247.15,2.33408376
O=C(O)c1ccccc1,18.062,395.52,2.947696825
O=Cc1ccc(O)cc1,24,390.15,3.218875825
O=C(O)c1ccccc1O,24.6,431.75,3.242592351
O=C(O)c1cccc(O)c1,26.2,475.65,3.303216973
Cc1ccc(Br)cc1,15.13,299.95,2.780680892
BrCc1ccccc1,13.245,271.65,2.656405968
Cc1ccccc1Br,13.245,245.35,2.656405968
Cc1cccc(Br)c1,13.245,233.35,2.656405968
ClCc1ccccc1,10.214,234.15,2.417162998
Cc1ccccc1Cl,8.37,236.65,2.237513096
Cc1ccc(Cl)cc1,13.55,280.65,2.677590994
Cc1cccc(Cl)c1,10.214,225.35,2.417162998
Cc1ccc(F)cc1,8.8,216.36,2.282382386
FCc1ccccc1,9.347,238.15,2.336696623
Cc1ccccc1F,9.8,211.15,2.379546134
Cc1cccc(F)c1,8.3,186.15,2.2300144
O=CNc1ccccc1,15.6,323.15,2.809402695
NC(=O)c1ccccc1,23.76,400.45,3.209229448
Cc1cccc([N+](=O)[O-])c1,19.2,289.2,3.005682604
Cc1ccccc1[N+](=O)[O-],11.476,269.98,2.523806799
Cc1ccc([N+](=O)[O-])cc1,16.811,324.75,2.879816244
Nc1ccccc1C(=O)O,20.38,419.65,3.062455906
Nc1cccc(C(=O)O)c1,21.84,446.15,3.128513385
Nc1ccc(C(=O)O)cc1,20.92,461.65,3.087399462
C1=CC=CCC=C1,1.161,193.66,0.770571078
Cc1ccccc1,6.62,178.18,2.03077637
NC(=O)Nc1ccccc1,23.68,420.15,3.205993199
COc1ccccc1,12.89,268.73,2.631169157
OCc1ccccc1,8.79,257.85,2.281361457
Cc1cccc(O)c1,10.707,285.39,2.460186953
Cc1ccccc1O,11.8,304.19,2.549445171
Cc1ccc(O)cc1,12.72,307.93,2.618854622
COc1ccccc1O,12.5,304.65,2.602689685
COc1ccc(O)cc1,18.3,329,2.960105096
Cc1ccccc1S,13.896,288.15,2.701092721
Cc1cccc(S)c1,13.896,253.15,2.701092721
Cc1ccc(S)cc1,13.896,317.15,2.701092721
CSc1ccccc1,14.836,116.9,2.762285829
SCc1ccccc1,13.488,243.15,2.673320721
NCc1ccccc1,13.4,227.15,2.667228207
CNc1ccccc1,9.52,216.15,2.353278207
Cc1cccc(N)c1,8.8,242.75,2.282382386
Cc1ccccc1N,11.66,249.47,2.538447417
Cc1cccnc1C,13.48,257.95,2.672768387
Cc1ccnc(C)c1,8.82,209.25,2.284421122
Cc1ccc(C)nc1,14.645,257.65,2.750151377
Cc1cccc(C)n1,13.04,267,2.641910399
Cc1ccncc1C,14.704,262.15,2.753915457
Cc1cncc(C)c1,13.11,266.65,2.646883766
CCc1ccccn1,13.065,210.05,2.643689442
CCc1cccnc1,13.065,196.25,2.643689442
CCc1ccncc1,13.065,182.65,2.643689442
C1=CC2CCC1C2,3.48,319.4,1.499623046
Cc1ccc(N)cc1N,19.874,371.25,3.038504365
CCCc1cccs1,12.462,252.35,2.599870902
CCCc1ccsc1,12.462,252.35,2.599870902
CC(C)c1cccs1,12.462,252.35,2.599870902
CC(C)c1ccsc1,8.939,237.35,2.296466412
CCc1ccsc1C,12.073,235.98,2.570549035
CCc1csc(C)c1,12.073,214.15,2.570549035
CCc1ccc(C)s1,12.073,204.65,2.570549035
CCc1sccc1C,12.073,235.98,2.570549035
CCc1cscc1C,12.073,235.98,2.570549035
CCc1cc(C)cs1,12.073,235.98,2.570549035
Cc1csc(C)c1C,11.684,246.95,2.540341357
Cc1cc(C)c(C)s1,11.684,219.61,2.540341357
CCC1=CCCC1,9.043,154.75,2.306875874
CCC1C=CCC1,9.043,144.24,2.306875874
CCC1CC=CC1,9.043,144.24,2.306875874
CC1=C(C)CCC1,10.114,182.75,2.408205575
CC1=CC(C)CC1,10.114,127.87,2.408205575
CC1=CCC(C)C1,10.114,127.87,2.408205575
CC1=CCCC1C,10.114,155.15,2.408205575
CC1(C)C=CCC1,2.745,127.87,1.320421617
CC1(C)CC=CC1,2.745,127.87,1.320421617
CC1=CCCCC1,6.943,153.75,2.072291038
CC1C=CCCC1,6.943,149.64,2.072291038
CC1CC=CCC1,6.63,157.74,2.032087845
C#CCCCCC,16.86,192.26,2.882563575
CC#CCCCC,17.006,274.25,2.890705036
CCC#CCCC,17.006,142.65,2.890705036
C#CC(C)CCC,13.337,200.12,2.662843608
C#CCC(C)CC,13.337,200.12,2.662843608
C#CCCC(C)C,13.337,149.15,2.662843608
CC#CC(C)CC,13.483,165.55,2.672975548
CC#CCC(C)C,13.483,180.25,2.672975548
CCC#CC(C)C,13.483,156.55,2.672975548
C#CC(CC)CC,13.337,200.12,2.662843608
C#CC(C)(C)CC,9.446,217.54,2.34621913
C#CC(C)C(C)C,9.814,185.12,2.380841591
C#CCC(C)(C)C,9.446,198.15,2.34621913
CC#CC(C)(C)C,9.592,190.75,2.360098999
C1=CCCCCC1,0.97,217.15,0.678033543
C=CC(=O)OCCCC,17.31,208.55,2.907447359
C=CC(=O)OCC(C)C,13.452,212,2.670832813
C=C(C)C(=O)OCCC,13.452,212,2.670832813
C=C(C)C(=O)OC(C)C,14.753,210.85,2.757030823
C=CCOC(=O)CCC,14.753,210.85,2.757030823
CCOC(=O)C=C(C)C,14.753,210.85,2.757030823
C/C=C(\C)C(=O)OCC,14.753,210.85,2.757030823
CCC=CCC(=O)OC,14.753,210.85,2.757030823
CCC=C(C)C(=O)OC,14.753,210.85,2.757030823
CC=C(C)CC(=O)OC,14.753,210.85,2.757030823
C=CC(=O)OC(C)(C)C,14.753,210.85,2.757030823
CC/C=C(\C)C(=O)OC,14.753,210.85,2.757030823
C=CCCCOC(C)=O,14.753,210.85,2.757030823
CC(=O)OCC=C(C)C,14.753,210.85,2.757030823
CC/C=C\CCOC=O,14.753,210.85,2.757030823
O=C(O)CCCCCC(=O)O,27.623,379.15,3.35421059
CCCCC/C=C\Br,19.373,175.15,3.014210495
CCCCC/C=C/Br,19.373,175.15,3.014210495
CCCCCCC(Br)(Br)Br,22.327,349.97,3.149611488
CCCCC/C=C\Cl,18.285,192.99,2.959327592
CCCCC/C=C/Cl,18.285,192.99,2.959327592
CCCCCC=CCl,18.285,192.99,2.959327592
C=C(Cl)CCCCC,18.285,192.99,2.959327592
CCC=C(Cl)CCC,18.285,192.99,2.959327592
CCCCCCC(Cl)(Cl)Cl,19.063,260.33,2.998877323
CCCCC/C=C\F,17.168,195.22,2.899661805
CCCCC/C=C/F,17.168,195.22,2.899661805
CCCCCCC(F)(F)F,15.712,267.02,2.816127024
CCCCC/C=C\I,18.494,221.13,2.970106726
CCCCC/C=C/I,18.494,221.13,2.970106726
CCCCCCC(I)(I)I,19.69,344.75,3.029650492
CCCCCCC#N,15.392,210.55,2.796793411
C1CN2CCC1CC2,5.86,431.15,1.925707442
O=C1CCCCCCN1,13.376,309.15,2.665560149
CCC1CCCC1,6.87,134.71,2.063058062
CC1(C)CCCC1,1.079,203.36,0.731887009
CC1CCCC1C,6.41,154.1,2.002830439
C[C@@H]1CCC[C@@H]1C,1.66,219.26,0.978326123
C[C@@H]1CCC[C@H]1C,7.398,155.58,2.127993582
CC1CCC(C)C1,5.926,134.6,1.935282446
C[C@@H]1CC[C@H](C)C1,7.397,139.45,2.127874499
C[C@H]1CC[C@H](C)C1,7.4,139.18,2.128231706
CC1CCCCC1,6.75,146.58,2.047692843
C1CCCCCC1,1.88,265.15,1.057790294
C=CCCCCC,12.401,154.27,2.595329331
CC=CCCCC,9.139,148.16,2.316389374
C/C=C\CCCC,14.088,164,2.713899726
C/C=C/CCCC,12,163.67,2.564949357
CCC=CCCC,9.139,148.16,2.316389374
CC/C=C\CCC,14.088,136.51,2.713899726
CC/C=C/CCC,10.5,136.52,2.442347035
C=C(C)CCCC,13,170.28,2.63905733
C=CC(C)CCC,9.083,145,2.310850837
C=CCC(C)CC,7.5,131.7,2.140066163
C=CCCC(C)C,9.083,151.39,2.310850837
CCCC=C(C)C,9.206,142.8,2.322975783
C/C=C(/C)CCC,11.277,154.65,2.507727593
C/C=C(\C)CCC,12.778,143.85,2.623073117
C/C=C\C(C)CC,10.565,148.07,2.447983296
C/C=C/C(C)CC,7.114,147.46,2.093590965
C/C=C\CC(C)C,10.565,148.07,2.447983296
C/C=C/CC(C)C,6.277,148.81,1.984718689
CC/C=C\C(C)C,10.565,148.07,2.447983296
CC/C=C/C(C)C,5.44,131.59,1.86252854
CC/C=C(/C)CC,12.778,149.11,2.623073117
CC/C=C(\C)CC,12.778,149.11,2.623073117
C=C(CC)CCC,11.296,168,2.509274006
C=CC(CC)CC,5.02,145.67,1.795087259
C=C(C)C(C)CC,7.114,138.85,2.093590965
C=C(C)CC(C)C,8.787,149.09,2.281054974
C=CC(C)(C)CC,7.532,138.77,2.143823801
C=CC(C)C(C)C,5.56,136.39,1.880990603
C=CCC(C)(C)C,6.277,136.55,1.984718689
CC=C(CC)CC,12.778,149.11,2.623073117
CCC(C)=C(C)C,8.787,154.88,2.281054974
CC(C)=CC(C)C,6.695,145.45,2.040570767
C/C=C(/C)C(C)C,8.787,159.76,2.281054974
C/C=C(\C)C(C)C,8.787,148.92,2.281054974
C/C=C\C(C)(C)C,5.858,137.69,1.925415854
C/C=C/C(C)(C)C,6.695,157.92,2.040570767
C=C(CC)C(C)C,7.773,137.43,2.171678823
C=C(C)C(C)(C)C,0.79,163.3,0.58221562
CC=C(C)C(C)C,9.139,149.05,2.316389374
CCCCCCC(Br)Br,20.933,272.75,3.087992352
CCCCCC(Br)CBr,22.549,293.8,3.159083357
CCC(Br)CCCCBr,22.549,293.8,3.159083357
BrCCCCCCCBr,22.549,314.85,3.159083357
CCCCC(Br)C(C)Br,22.549,293.8,3.159083357
CCCC(Br)C(Br)CC,22.549,293.8,3.159083357
CCCCCCC(Cl)Cl,18.757,212.99,2.983507859
CC(C)(C)CC(Cl)CCl,22.441,254.82,3.154486626
CC(C)(CCCl)CCCl,22.441,254.82,3.154486626
CC(C)(Cl)CC(C)(C)Cl,22.441,296.65,3.154486626
CCCCCC(Cl)CCl,22.441,254.82,3.154486626
ClCCCCCCCCl,22.441,254.82,3.154486626
CCCCCC(C)(Cl)Cl,22.441,254.82,3.154486626
CCCC(Cl)(Cl)CCC,22.441,254.82,3.154486626
CCCCCCC(F)F,16.523,191.15,2.863514304
CCCCCCC(I)I,19.175,269.27,3.004444214
CCCCCCC=O,22.89,230.15,3.173459961
CCCC(C)CC=O,22.89,230.15,3.173459961
CCCCCC(C)=O,19.71,238.15,3.030616675
CCCCC(=O)CC,17.53,234.15,2.91939104
CCCC(=O)CCC,16.16,240.65,2.842581094
CCCC(C)C(C)=O,14.354,203.08,2.731376026
CCC(C)CC(C)=O,14.354,203.08,2.731376026
CC(=O)CCC(C)C,14.354,199.25,2.731376026
CCCC(=O)C(C)C,14.354,203.08,2.731376026
CCC(=O)C(C)CC,14.354,203.08,2.731376026
CCC(=O)CC(C)C,14.354,203.08,2.731376026
CCC(CC)C(C)=O,14.354,203.08,2.731376026
CCC(C)(C)C(C)=O,9.685,220.5,2.368840889
CC(=O)C(C)C(C)C,10.127,188.08,2.409374587
CC(=O)CC(C)(C)C,9.685,209.15,2.368840889
CCC(=O)C(C)(C)C,9.685,228.15,2.368840889
CC(C)C(=O)C(C)C,11.18,204.81,2.499795262
CC1(O)CCCCC1,10.87,299.15,2.474014209
C[C@H]1CCCC[C@H]1O,9.64,280.15,2.364620484
C[C@@H]1CCCC[C@H]1O,12.5,269.15,2.602689685
C[C@@H]1CCC[C@H](O)C1,12,267.65,2.564949357
C[C@H]1CCC[C@H](O)C1,12,272.65,2.564949357
C[C@H]1CC[C@@H](O)CC1,10.88,272.65,2.474856314
C[C@H]1CC[C@H](O)CC1,10.88,272.65,2.474856314
CC1(O)CCCCC1,10.716,223.25,2.460955429
CCCCCCC(=O)O,15.13,265.83,2.780680892
CCC(C)(CC)C(=O)O,13.062,229.49,2.643476124
CCCC(C)CC(=O)O,13.062,229.49,2.643476124
CC(C)CCCC(=O)O,13.062,229.49,2.643476124
CCCCCCOC=O,19.937,230.53,3.041517929
CCCCCOC(C)=O,16.5,202.35,2.862200881
CCCC(C)OC(C)=O,14.732,195.48,2.755696855
CCC(C)COC(C)=O,14.732,195.48,2.755696855
CC(=O)OCCC(C)C,14.732,194.65,2.755696855
CCC(CC)OC(C)=O,14.732,195.48,2.755696855
CCC(C)(C)OC(C)=O,10.841,212.9,2.471568085
CC(=O)OC(C)C(C)C,11.209,180.48,2.502173385
CC(=O)OCC(C)(C)C,10.841,212.9,2.471568085
CCCCOC(=O)CC,17.2,183.63,2.901421594
CCC(=O)OCC(C)C,14.732,201.75,2.755696855
CCC(=O)OC(C)CC,14.732,195.48,2.755696855
CCC(=O)OC(C)(C)C,10.841,212.9,2.471568085
CCCOC(=O)CCC,17.8,177.95,2.93385687
CCCC(=O)OC(C)C,14.732,195.48,2.755696855
CC(C)OC(=O)C(C)C,16.374,186.72,2.854974836
CCCOC(=O)C(C)C,16.374,186.72,2.854974836
CCOC(=O)CC(C)C,14.732,173.85,2.755696855
CCOC(=O)C(C)(C)C,14.318,183.65,2.729028607
CCCCC(=O)OCC,15.76,181.95,2.818995095
CCC(CC)C(=O)OC,16.374,186.72,2.854974836
CCCCCC(=O)OC,15.76,202.15,2.818995095
CCOC(=O)C(C)CC,15.76,185.98,2.818995095
CCCCC(C)C(=O)O,13.062,229.49,2.643476124
CC(C)(C)CCC(=O)O,13.062,229.49,2.643476124
CC(C)(C)CCC(=O)O,12.4,230,2.595254707
CCOCC(C)OC(C)=O,14.7,213,2.753660712
CCCCCCCBr,21.76,217.05,3.125004609
CCCC(Br)CCC,26.928,268.6,3.32962977
CCCCCCCCl,18.083,203.65,2.948797886
CCC(C)C(C)(C)Cl,21.251,239.33,3.102386951
CC(C)CC(C)(C)Cl,21.251,239.33,3.102386951
CC(Cl)CC(C)(C)C,21.251,239.33,3.102386951
CCC(Cl)(CC)CC,21.251,239.33,3.102386951
CCCCCC(C)Cl,21.251,239.33,3.102386951
CCCCC(Cl)CC,21.251,239.33,3.102386951
CCCC(Cl)CCC,21.251,239.33,3.102386951
CCCC(C)CCCl,21.251,239.33,3.102386951
CCCCC(C)(C)Cl,21.251,239.33,3.102386951
CC(C)CCC(C)Cl,21.251,239.33,3.102386951
CCCC(C)(Cl)CC,21.251,239.33,3.102386951
CCCCCCCF,16.966,200.15,2.888481083
CCCCCCCI,18.292,224.95,2.959690502
CCCCCC(C)I,18.292,224.95,2.959690502
CCCCC(I)CC,18.292,224.95,2.959690502
CCCC(I)CCC,18.292,224.95,2.959690502
CNC1CCCCC1,11.6,264.65,2.533696814
NCC1CCCCC1,11.6,264.65,2.533696814
C[C@H]1CCCC[C@H]1N,11.6,264.65,2.533696814
C[C@@H]1CCCC[C@H]1N,11.6,264.65,2.533696814
C[C@@H]1CCC[C@H](N)C1,11.6,264.65,2.533696814
C[C@H]1CCC[C@H](N)C1,11.6,264.65,2.533696814
C[C@H]1CC[C@@H](N)CC1,11.6,264.65,2.533696814
C[C@H]1CC[C@H](N)CC1,11.6,264.65,2.533696814
CC1CCCC(N)C1,11.6,264.65,2.533696814
CC1CCC(N)CC1,11.6,264.65,2.533696814
CCCCCCC[N+](=O)[O-],22.722,311.76,3.166402888
CCCCCCC,14.053,182.57,2.711577307
CCCC(C)CC,9.46,153.75,2.347558459
CCC(CC)CC,9.55,154.55,2.35612586
CCCC(C)(C)C,5.82,149.34,1.919859472
CCC(C)C(C)C,6.84,138.15,2.059238834
CC(C)CC(C)C,6.85,153.91,2.060513532
CCC(C)(C)CC,6.85,138.7,2.060513532
CC(C)C(C)(C)C,2.201,248.57,1.163463261
CCC[C@@H](C)CC,8.158,154.15,2.214627814
CCCCCCCO,18.175,239.15,2.953607347
CCCCCC(C)O,14.451,243,2.737673726
CCCCC(O)CC,14.451,203.15,2.737673726
CCCC(O)CCC,14.451,231.15,2.737673726
CCCCC(C)CO,14.451,213.97,2.737673726
CCCC(C)CCO,14.451,213.97,2.737673726
CCC(C)CCCO,14.451,213.97,2.737673726
CC(C)CCCCO,14.451,213.97,2.737673726
CCCCC(C)(C)O,10.56,231.39,2.447550863
CCCC(C)C(C)O,10.928,198.97,2.478888577
CCC(C)CC(C)O,10.928,198.97,2.478888577
CC(C)CCC(C)O,10.928,198.97,2.478888577
CCCC(O)C(C)C,10.928,198.97,2.478888577
CCCC(C)(O)CC,10.56,231.39,2.447550863
CCC(C)C(O)CC,10.928,198.97,2.478888577
CCC(O)CC(C)C,10.928,198.97,2.478888577
CCCC(CC)CO,14.451,213.97,2.737673726
CCC(CC)CCO,14.451,213.97,2.737673726
CCCC(C)(C)CO,10.56,231.39,2.447550863
CCC(C)C(C)CO,10.928,198.97,2.478888577
CC(C)CC(C)CO,10.928,198.97,2.478888577
CCC(C)(C)CCO,10.56,231.39,2.447550863
CC(C)C(C)CCO,10.928,198.97,2.478888577
CC(C)(C)CCCO,10.56,231.39,2.447550863
CCC(CC)C(C)O,10.928,198.97,2.478888577
CCC(C)C(C)(C)O,7.037,216.39,2.084055879
CC(C)CC(C)(C)O,7.037,216.39,2.084055879
CCC(C)(C)C(C)O,7.037,216.39,2.084055879
CC(C)C(C)C(C)O,7.405,183.97,2.128826767
CC(O)CC(C)(C)C,7.037,213.15,2.084055879
CCC(O)(CC)CC,10.56,260.75,2.447550863
CCC(O)C(C)(C)C,7.037,278.15,2.084055879
CCC(C)(O)C(C)C,7.037,216.39,2.084055879
CC(C)C(O)C(C)C,7.405,265.15,2.128826767
CCC(C)(CC)CO,10.56,231.39,2.447550863
CCC(CO)C(C)C,10.928,198.97,2.478888577
CC(C)C(C)(C)CO,7.037,216.39,2.084055879
CC(CO)C(C)(C)C,7.037,216.39,2.084055879
CC(C)(C)C(C)(C)O,3.146,290.15,1.422144014
CC(C)OC(C)(C)C,4.137,177.8,1.636469251
CC(C)COC(C)C,12.1,180,2.57261223
CCOC(C)(C)CC,4.137,177.8,1.636469251
CCCCOC(C)C,4.137,177.8,1.636469251
CCCOC(C)(C)C,4.137,177.8,1.636469251
CCCCC[C@H](C)O,10.824,219.25,2.470131364
CCCCC[C@@H](C)O,10.824,219.25,2.470131364
CCCOCCOCCO,21.8,220.85,3.126760536
CCCCCCCS,25.384,229.92,3.272757766
CCCCCC(C)S,17.286,132.15,2.90613574
CCCCCCSC,18.016,206.35,2.94528073
CCCCCSCC,18.016,206.66,2.94528073
CCCCSCCC,18.016,206.66,2.94528073
CCCCCCCN,29.4,254.15,3.414442608
CCCCCC(C)N,29.4,254.15,3.414442608
CCCC(C)CCN,29.4,254.15,3.414442608
CCC(C)CCCN,29.4,254.15,3.414442608
CCCCCCNC,18.895,235.15,2.990468444
CCCCCNCC,18.895,235.15,2.990468444
CCCCCN(C)C,16.907,190,2.885191698
CCCC(C)N(C)C,16.907,190,2.885191698
CCC(CC)N(C)C,16.907,190,2.885191698
CCC(C)CN(C)C,16.907,190,2.885191698
CC(C)CCN(C)C,16.907,190,2.885191698
CCC(C)(C)N(C)C,16.907,190,2.885191698
CC(C)C(C)N(C)C,16.907,190,2.885191698
CN(C)CC(C)(C)C,16.907,190,2.885191698
CCCCN(C)CC,16.907,190,2.885191698
CCC(C)N(C)CC,16.907,190,2.885191698
CCN(C)CC(C)C,16.907,190,2.885191698
CCN(C)C(C)(C)C,16.907,190,2.885191698
CCCN(C)CCC,16.907,190,2.885191698
CCCN(C)C(C)C,16.907,190,2.885191698
CC(C)N(C)C(C)C,16.907,190,2.885191698
CCCN(CC)CC,16.907,190,2.885191698
CCN(CC)C(C)C,16.907,190,2.885191698
CC(C)NC(C)(C)C,18.895,235.15,2.990468444
CCCCC[C@H](C)N,29.4,254.15,3.414442608
CCCCC[C@@H](C)N,29.4,254.15,3.414442608
CCCCNCCC,18.895,235.15,2.990468444
O=C(Cl)c1ccc(C(=O)Cl)cc1,21.1,356.65,3.095577609
N#Cc1ccccc1C#N,20,413.15,3.044522438
O=C1OC(=O)c2ccccc21,23.09,404.26,3.181796817
C#Cc1ccccc1,9.46,228.04,2.347558459
c1ccc2cnncc2c1,13.32,363.65,2.661657162
c1ccc2ncncc2c1,16.95,321.15,2.887590115
O=C(O)c1cccc(C(=O)O)c1,30.414,619.15,3.447253653
c1ccc2[nH]ccc2c1,9,325,2.302585093
C=Cc1ccccc1,10.95,242.54,2.480731278
C1=CC=CC=CC=C1,11.27,266.16,2.507157259
COC(=O)c1ccccc1,13.9,260.75,2.701361213
Cc1ccccc1C(=O)O,20.17,376.85,3.052585085
Cc1ccc(C(=O)O)cc1,22.72,452.75,3.166318574
Cc1cccc(C(=O)O)c1,15.73,383.05,2.817203515
COc1ccc(C(=O)O)cc1,28.33,458.15,3.378610883
CC(=O)Nc1ccccc1,21.65,386.65,3.120159852
COC(=O)Nc1ccccc1,14.548,325,2.743932013
CC(=O)Nc1ccccc1O,21.25,364.5,3.102342009
Cc1ccccc1C,13.6,247.98,2.681021529
Cc1cccc(C)c1,11.569,225.27,2.531233465
CCOc1ccccc1,11.6,243.63,2.533696814
CCc1ccccc1O,13.94,269.84,2.70404218
CCc1cccc(O)c1,9.41,269.15,2.342766883
CCc1ccc(O)cc1,17,318.23,2.890371758
Cc1ccc(O)c(C)c1,12.84,297.68,2.62756295
Cc1cc(C)cc(O)c1,17.422,336.59,2.913545603
Cc1cccc(O)c1C,16.694,315.38,2.873225599
CCc1ccccc1S,17.004,264.38,2.890593955
CCc1cccc(S)c1,17.004,264.38,2.890593955
CCc1ccc(S)cc1,17.004,264.38,2.890593955
Cc1cccc(S)c1C,16.537,248.01,2.864312935
Cc1ccc(S)c(C)c1,16.537,248.01,2.864312935
Cc1ccc(C)c(S)c1,16.537,248.01,2.864312935
Cc1cccc(C)c1S,16.537,248.01,2.864312935
Cc1ccc(S)cc1C,16.537,248.01,2.864312935
Cc1cc(C)cc(S)c1,16.537,248.01,2.864312935
CSCc1ccccc1,16.633,243.15,2.869772146
SCCc1ccccc1,16.633,252.44,2.869772146
CCc1ccccc1N,12.2,226.55,2.58021683
CNc1ccccc1C,12.6,263.07,2.610069793
CNc1cccc(C)c1,12.6,263.07,2.610069793
CNc1ccc(C)cc1,12.6,263.07,2.610069793
Cc1cccc(N)c1C,12.6,263.07,2.610069793
Cc1ccc(N)c(C)c1,12.6,258.85,2.610069793
Cc1ccc(C)c(N)c1,12.6,288.65,2.610069793
Cc1cccc(C)c1N,12.6,284.35,2.610069793
Cc1ccc(N)cc1C,12.6,324.15,2.610069793
Cc1cc(C)cc(N)c1,12.6,282.95,2.610069793
CCc1cccc(N)c1,12.6,209.15,2.610069793
CCc1ccc(N)cc1,12.6,270.75,2.610069793
CCNc1ccccc1,12.6,209.65,2.610069793
CCc1cc(C)ccn1,9.006,216.18,2.303184913
CCc1cccc(C)n1,9.006,216.18,2.303184913
CCc1cnccc1C,9.006,216.18,2.303184913
CCc1ccnc(C)c1,9.006,216.18,2.303184913
CC(C)c1ccccn1,9.006,132.15,2.303184913
CC(C)c1cccnc1,9.006,227.35,2.303184913
CC(C)c1ccncc1,9.006,218.25,2.303184913
CCCc1ccncc1,9.006,216.18,2.303184913
CCCc1ccccn1,9.006,274.15,2.303184913
Cc1ccnc(C)c1C,9.006,216.18,2.303184913
Cc1cnc(C)c(C)c1,9.006,216.18,2.303184913
Cc1ccc(C)c(C)n1,9.006,216.18,2.303184913
Cc1cc(C)c(C)cn1,9.006,216.18,2.303184913
NCCc1ccccc1,13.47,250,2.672077541
C1=CCCC=CCC1,9.83,203.98,2.382320061
C1=CCCCC=CC1,10.301,220.15,2.424891217
C1=C\CC/C=C\CC/1,10.301,203.15,2.424891217
C=CC1=CCCCC1,8.253,164,2.224947823
C1=CCCCCC=C1,10.301,220.25,2.424891217
C1=C\CCCC\C=C/1,10.301,221.25,2.424891217
C1=C\CCCC/C=C/1,10.301,213.76,2.424891217
O=C=NCCCCCCN=C=O,18.64,206.06,2.977568303
O=C(O)C1CCC(C(=O)O)CC1,29.668,585.65,3.423219766
CCc1cc(C)sc1C,14.9,195,2.766319109
CCCC1=CCCC1,11.633,172.85,2.536312438
CC1=C(C)C(C)CC1,11.633,172.85,2.536312438
CC1=CCCC1(C)C,11.633,172.85,2.536312438
CCC1=CCCCC1,9.533,163.19,2.354513186
CCC1C=CCCC1,9.533,175.81,2.354513186
CCC1CC=CCC1,9.533,175.81,2.354513186
CC1=C(C)CCCC1,10.604,189,2.451349866
CC1=CC(C)CCC1,10.604,159.44,2.451349866
CC1=CCC(C)CC1,10.604,213.75,2.451349866
CC1=CCCC(C)C1,10.604,159.44,2.451349866
CC1=CCCCC1C,10.604,159.44,2.451349866
CC1(C)C=CCCC1,3.235,159.44,1.443383328
CC1(C)CC=CCC1,3.235,198.68,1.443383328
C#CCCCCCC,19.45,193.85,3.017982882
CC#CCCCCC,19.596,211.55,3.025096882
CCC#CCCCC,19.596,169.15,3.025096882
CCCC#CCCC,19.216,172.15,3.00647437
C#CC(C)(CC)CC,19.216,186.68,3.00647437
C=C(C)C(=O)OCCCC,18.255,196.8,2.957770767
C1COC(C2CCCO2)C1,22.7,235,3.165475048
CCCCCC/C=C\Br,21.963,234.14,3.133884225
CCCCCC/C=C/Br,21.963,234.14,3.133884225
CCCCCCCC(Br)(Br)Br,24.917,361.24,3.254899124
CCCCCC/C=C\Cl,20.875,204.26,3.085344432
CCCCCC/C=C/Cl,20.875,204.26,3.085344432
CCC(=CCCCl)CC,20.875,204.26,3.085344432
CC(C)=CCCC(C)Cl,20.875,204.26,3.085344432
C=C(Cl)CCCCCC,20.875,204.26,3.085344432
CCCCCC=C(C)Cl,20.875,204.26,3.085344432
CC=CC(Cl)CCCC,20.875,204.26,3.085344432
CCCCCCCC(Cl)(Cl)Cl,21.653,271.6,3.120292293
CCCCCC/C=C\F,19.758,206.49,3.032931715
CCCCCC/C=C/F,19.758,206.49,3.032931715
CCCCCCCC(F)(F)F,18.302,278.29,2.960208717
CCCCCC/C=C\I,21.084,232.4,3.094853364
CCCCCC/C=C/I,21.084,232.4,3.094853364
CCCCCCCC(I)(I)I,22.28,356.02,3.147594623
CCCCCCCC#N,17.982,227.55,2.943491162
CCCC1CCCC1,10.033,155.79,2.400890782
CC(C)C1CCCC1,6.888,161.78,2.065342617
CCC1(C)CCCC1,11.482,129.35,2.524287607
CC[C@H]1CCC[C@H]1C,11.482,167.2,2.524287607
CC[C@@H]1CCC[C@H]1C,11.482,167.25,2.524287607
CC[C@@H]1CC[C@H](C)C1,11.482,186.08,2.524287607
CC[C@H]1CC[C@H](C)C1,11.482,165.15,2.524287607
CC1CCCC1(C)C,5.184,251.51,1.821965311
CC1CCC(C)(C)C1,5.184,130.71,1.821965311
CC1C[C@@H](C)[C@@H](C)C1,12.553,140.6,2.606607925
CCC1CCC(C)C1,10.958,142.85,2.48140051
CCC1CCCCC1,8.33,161.84,2.233235015
CC1(C)CCCCC1,2.01,239.66,1.101940079
C[C@@H]1CCCC[C@@H]1C,1.64,223.16,0.970778917
C[C@@H]1CCCC[C@H]1C,10.49,184.99,2.441477092
C[C@@H]1CCC[C@H](C)C1,10.82,197.59,2.469793012
C[C@H]1CCC[C@H](C)C1,9.865,183.06,2.385546614
C[C@H]1CC[C@@H](C)CC1,9.31,185.72,2.333114298
C[C@H]1CC[C@H](C)CC1,12.331,236.22,2.59009215
C1CCCCCCC1,2.41,287.6,1.226712291
C=CCCCCCC,15.313,171.46,2.791962336
CC=CCCCCC,11.763,186.15,2.54655036
C/C=C\CCCCC,16.678,172.95,2.872320929
C/C=C/CCCCC,16.678,185.45,2.872320929
CC/C=C\CCCC,16.678,147.15,2.872320929
CC/C=C/CCCC,16.678,163.15,2.872320929
CCCC=CCCC,11.763,183.25,2.54655036
CCC/C=C\CCC,16.678,154.45,2.872320929
CCC/C=C/CCC,16.678,179.37,2.872320929
C=C(C)CCCCC,13.886,183.15,2.700421174
C=CC(C)CCCC,11.673,162.66,2.539473746
C=CCC(C)CCC,11.673,162.66,2.539473746
C=CCCC(C)CC,11.673,162.66,2.539473746
C=CCCCC(C)C,11.673,162.66,2.539473746
CCCCC=C(C)C,15.368,160.38,2.795328209
C/C=C\C(C)CCC,13.155,159.34,2.650067919
C/C=C/C(C)CCC,13.155,159.34,2.650067919
C/C=C\CC(C)CC,13.155,159.34,2.650067919
C/C=C/CC(C)CC,13.155,159.34,2.650067919
CC=CCCC(C)C,11.763,159.4,2.54655036
C/C=C\CCC(C)C,13.155,159.34,2.650067919
C/C=C/CCC(C)C,13.155,159.34,2.650067919
CCC=CCC(C)C,11.763,159.4,2.54655036
CCCC=CC(C)C,11.763,165.65,2.54655036
CCC/C=C\C(C)C,13.155,159.34,2.650067919
CCC/C=C/C(C)C,13.155,159.34,2.650067919
CCCC=C(C)CC,11.763,159.4,2.54655036
CCC=C(C)CCC,11.763,159.4,2.54655036
CCC=CC(C)CC,11.763,159.4,2.54655036
CC/C=C\C(C)CC,13.155,159.34,2.650067919
CC/C=C/C(C)CC,13.155,159.34,2.650067919
CC/C=C\CC(C)C,13.155,159.34,2.650067919
CC/C=C/CC(C)C,13.155,159.34,2.650067919
C=C(CC)CCCC,13.886,163.7,2.700421174
C=CC(CC)CCC,11.673,162.66,2.539473746
C=CCC(CC)CC,11.673,162.66,2.539473746
C=C(C)C(C)CCC,10.363,148.7,2.430362463
C=C(C)CC(C)CC,10.363,148.7,2.430362463
C=C(C)CCC(C)C,10.363,148.7,2.430362463
C=CC(C)(C)CCC,7.782,180.08,2.172704172
C=CC(C)C(C)CC,8.15,147.66,2.213753879
C=CC(C)CC(C)C,8.15,147.66,2.213753879
C=CCC(C)(C)CC,7.782,180.08,2.172704172
C=CCC(C)C(C)C,8.15,147.66,2.213753879
C=CCCC(C)(C)C,7.782,180.08,2.172704172
C/C=C\C(CC)CC,13.155,159.34,2.650067919
C/C=C/C(CC)CC,13.155,159.34,2.650067919
CCCC(C)=C(C)C,14.058,158.05,2.711909411
CCC(C)C=C(C)C,11.845,145.38,2.552954631
CC(C)=CCC(C)C,11.845,145.38,2.552954631
CCCC#CCCC(C)C,23.377,261.36,3.193640065
CCC#CC(C)(CC)CC,23.377,261.36,3.193640065
C1CC[C@H]2CCCC[C@H]2C1,14.414,242.78,2.735276187
C1CC[C@H]2CCCC[C@@H]2C1,3.244,242.4,1.445506221
CCCCCC1=CCCC1,16.813,190.15,2.879928528
CC1=CCC(C(C)C)C1C,16.813,190.15,2.879928528
CCCCCCCC/C=C\Br,27.143,256.68,3.337298656
CCCCCCCC/C=C/Br,27.143,256.68,3.337298656
CCCCCCCC=CCBr,27.143,256.68,3.337298656
C=C(Br)CCCCCCCC,27.143,256.68,3.337298656
CCCCCCCCCC(Br)(Br)Br,30.097,383.78,3.437111352
CCCCCCCC/C=C\Cl,26.055,226.8,3.297871831
CCCCCCCC/C=C/Cl,26.055,226.8,3.297871831
CC(C)C1CC[C@@H](C)CC1Cl,27.135,255,3.337014353
CCCCCCCCCC(Cl)(Cl)Cl,26.833,294.14,3.326222367
CCCCCCCC/C=C\F,24.938,229.03,3.255709075
CCCCCCCC/C=C/F,24.938,229.03,3.255709075
CCCCCCCCCC(F)(F)F,23.482,300.83,3.197938154
CCCCCCCC/C=C\I,26.264,254.94,3.305567151
CCCCCCCC/C=C/I,26.264,254.94,3.305567151
CCCCCCCCCC(I)(I)I,27.46,378.56,3.348499593
CCCCCCCCCC#N,23.162,258.65,3.184781151
CCCCCC1CCCC1,15.591,190.16,2.80886038
CCCCC1CCCCC1,14.159,198.42,2.718594415
CC(C)(C)C1CCCCC1,13.634,231.95,2.683347588
CCC(C)C1CCCCC1,13.634,191.06,2.683347588
CC(C)CC1CCCCC1,13.634,178.15,2.683347588
CCCC1(C)CCCCC1,13.634,191.06,2.683347588
CCCC1CCCCC1C,13.634,191.06,2.683347588
CCCC1CCCC(C)C1,13.634,191.06,2.683347588
CCCC1CCC(C)CC1,13.634,191.06,2.683347588
CC(C)C1CCCCC1C,13.634,191.06,2.683347588
CC1CCCC(C(C)C)C1,13.634,191.06,2.683347588
CC1CCC(C(C)C)CC1,13.634,185.55,2.683347588
CC(C)[C@H]1CC[C@@H](C)CC1,13.634,183.25,2.683347588
CC(C)[C@H]1CC[C@H](C)CC1,13.634,186.85,2.683347588
CC1CCC(C)(C)CC1C,13.634,191.06,2.683347588
C[C@H]1C[C@H](C)CC(C)(C)C1,13.634,191.06,2.683347588
C[C@@H]1C[C@H](C)CC(C)(C)C1,13.634,191.06,2.683347588
C=CCCCCCCCC,13.81,206.89,2.695302628
CCCC=CCCCCC,17.302,219,2.907010343
CCCC/C=C\CCCC,17.302,161.15,2.907010343
CCCC/C=C/CCCC,17.302,200.15,2.907010343
C=C(C)CCCCCCC,19.066,208.92,2.999026841
C/C=C\CCCCCCC,21.3,207,3.104586678
C/C=C/CCCCCCC,22.6,220,3.161246712
C=CCCCCCC(C)C,18.1,199,2.949688335
CCC1(CC)CCCCC1,12.2,173.15,2.58021683
CC1CCC(C)C(C)C1C,11.2,195,2.501435952
CCCCCC=CC(C)C,17.302,219,2.907010343
CCCC=C(C)CCCC,17.302,219,2.907010343
C=CC(C)CCCC(C)C,17.302,219,2.907010343
CCC(C)CCC=C(C)C,17.302,219,2.907010343
CCC=C(CCC)CCC,17.302,219,2.907010343
CC(C)(C)C=CC(C)(C)C,17.302,268.65,2.907010343
CC(C)(C)/C=C\C(C)(C)C,17.302,219,2.907010343
CC(C)(C)/C=C/C(C)(C)C,17.302,268.25,2.907010343
CCCCCCCCCC(Br)Br,28.703,306.56,3.391248051
BrCCCCCCCCCCBr,28.45,301.15,3.38269391
CCCCC(Br)C(Br)CCCC,28.45,303.86,3.38269391
CCCCCCCCCC(Cl)Cl,26.527,246.8,3.315167341
ClCCCCCCCCCCCl,28.781,288.75,3.393870606
CCCCCCCCCC(F)F,24.293,251.26,3.230527678
CCCCCCCCCC(I)I,26.945,303.08,3.330238293
ICCCCCCCCCCI,27.015,304.65,3.332740081
CCCCCCCCCC=O,30.6,269.47,3.453157121
CCCCCCCCC(C)=O,30.232,276.25,3.44144321
CCCCCCCC(=O)CC,29.515,274.45,3.418218366
CCCCCCC(=O)CCC,29.515,264.15,3.418218366
CCCCC(=O)CCC(C)C,29.515,269.7,3.418218366
CCCCCC(=O)CCCC,29.515,263.95,3.418218366
CC(C)CCCCCCC=O,30.6,269.47,3.453157121
CCCCCCC(=O)C(C)C,29.515,269.7,3.418218366
CCCCCCCCCC(=O)O,27.99,304.4,3.366950943
CCCCCCC(C)(C)C(=O)O,28.944,314.78,3.399328971
CCCCCCC(C)CC(=O)O,28.944,314.78,3.399328971
CCCCCCCCCOC=O,27.707,260.66,3.357140995
CCCCC(CC)COC(C)=O,22.502,180.15,3.157085524
CCCCCCCCOC(C)=O,26.025,234.65,3.296762364
CC(=O)OC(C)CCCC(C)C,24.454,207.4,3.236872902
CCC(CCC(C)C)OC(C)=O,24.454,207.4,3.236872902
CCCCCCCOC(=O)CC,26.025,222.25,3.296762364
CCCCCCOC(=O)CCC,26.025,195.15,3.296762364
CC(C)CCOC(=O)CC(C)C,18.979,215,2.994681722
CCCCC(=O)OCCC(C)C,18.677,211.58,2.979450441
CCCCCOC(=O)CCCC,18.677,194.35,2.979450441
CCCCCC(=O)OCCCC,18.677,208.85,2.979450441
CC(C)CCC(=O)OCC(C)C,18.677,211.58,2.979450441
CCCCCCC(=O)OCCC,18.677,209.65,2.979450441
CCCCC(CC)C(=O)OCC,18.677,211.58,2.979450441
CCCCCCCC(=O)OCC,18.677,230.05,2.979450441
CCCCCCCCC(=O)OC,18.677,211.58,2.979450441
CC(C)CCCCCCC(=O)O,28.944,314.78,3.399328971
CC(C)(C)CCCCCC(=O)O,28.944,314.78,3.399328971
CCCCCCCCCC(=O)O,28.944,314.78,3.399328971
CCCCCCOC(=O)C(C)C,18.677,211.58,2.979450441
CCCCCC(=O)OCC(C)C,18.677,211.58,2.979450441
CCC(C(=O)O)c1ccc(CC(C)C)cc1,28.944,325.15,3.399328971
CCCCCC(CCC)C(=O)O,28.944,314.78,3.399328971
CCCCCCCCCCBr,26.941,243.95,3.330095144
CCCCCCCCC(C)Br,26.941,243.95,3.330095144
CCCCCCCCCCCl,25.853,241.85,3.290377547
CCCCCCCCCCF,24.736,238.15,3.24789079
CCCCCCCCCCI,26.062,256.85,3.29813053
CCCCCCCCCC[N+](=O)[O-],29.715,345.57,3.424751135
CCCCCC(CC)CC,18.133,185.46,2.951414593
CCCCC(CC)CCC,18.133,185.46,2.951414593
CCCCCCC(C)(C)C,14.242,204.38,2.724054775
CCCCCC(C)C(C)C,14.61,219.16,2.747911735
CCCCC(C)CC(C)C,16,219.16,2.833213344
CCCC(C)CCC(C)C,16,219.16,2.833213344
CCC(C)CCCC(C)C,16,219.16,2.833213344
CC(C)CCCCC(C)C,17.3,219.16,2.90690106
CCCCCC(C)(C)CC,16,219.16,2.833213344
CCCCC(C)C(C)CC,17,219.16,2.890371758
CCCC(C)CC(C)CC,15,219.16,2.772588722
CCC(C)CCC(C)CC,15,219.16,2.772588722
CCCCC(C)(C)CCC,14.3,219.16,2.727852828
CCCC(C)C(C)CCC,16,219.16,2.833213344
CCCC(CCC)CCC,18,219.16,2.944438979
CCCC(CCC)C(C)C,16,219.16,2.833213344
CCCCC(CC)C(C)C,17,219.16,2.890371758
CCCC(CC)CC(C)C,15,219.16,2.772588722
CCC(CC)CCC(C)C,15,219.16,2.772588722
CCCCC(C)(CC)CC,15,219.16,2.772588722
CCCC(CC)C(C)CC,16,219.16,2.833213344
CCC(C)CC(CC)CC,14,219.16,2.708050201
CCCC(C)C(CC)CC,16,219.16,2.833213344
CCCC(C)(CC)CCC,14,219.16,2.708050201
CCCCC(C)C(C)(C)C,13.935,219.16,2.703707452
CCCC(C)CC(C)(C)C,13.935,219.16,2.703707452
CCC(C)CCC(C)(C)C,13.935,219.16,2.703707452
CC(C)CCCC(C)(C)C,13.935,219.16,2.703707452
CCCCC(C)(C)C(C)C,13.935,219.16,2.703707452
CCCC(C)C(C)C(C)C,14.413,219.16,2.735211309
CCC(C)CC(C)C(C)C,14.413,219.16,2.735211309
CC(C)CCC(C)C(C)C,14.413,219.16,2.735211309
CCCC(C)(C)CC(C)C,13.935,219.16,2.703707452
CCC(C)C(C)CC(C)C,14.413,219.16,2.735211309
CC(C)CC(C)CC(C)C,11,219.16,2.48490665
CCC(C)(C)CCC(C)C,11,219.16,2.48490665
CCCC(C)C(C)(C)CC,13,219.16,2.63905733
CCC(C)CC(C)(C)CC,14,219.16,2.708050201
CCCC(C)(C)C(C)CC,12,219.16,2.564949357
CCC(C)C(C)C(C)CC,14,219.16,2.708050201
CCCC(C(C)C)C(C)C,11,219.16,2.48490665
CCCC(CC)(CC)CC,15,219.16,2.772588722
CCC(CC)C(CC)CC,15,219.16,2.772588722
CCCC(CC)C(C)(C)C,14,219.16,2.708050201
CCC(CC)CC(C)(C)C,15,219.16,2.772588722
CCCC(C)(CC)C(C)C,14,219.16,2.708050201
CCC(CC)C(C)C(C)C,14,219.16,2.708050201
CCC(C)C(CC)C(C)C,10,219.16,2.397895273
CCC(C)(CC)CC(C)C,15,219.16,2.772588722
CCC(CC(C)C)C(C)C,13,219.16,2.63905733
CCC(CC)C(C)(C)CC,13,219.16,2.63905733
CCC(C)C(C)(CC)CC,13,219.16,2.63905733
CCCC(C)(C)C(C)(C)C,12.4,219.16,2.595254707
CCC(C)C(C)C(C)(C)C,9,219.16,2.302585093
CC(C)CC(C)C(C)(C)C,10,219.16,2.397895273
CCC(C)(C)CC(C)(C)C,13,219.16,2.63905733
CC(C)C(C)CC(C)(C)C,14,219.16,2.708050201
CC(C)(C)CCC(C)(C)C,9.8,260.56,2.379546134
CCC(C)C(C)(C)C(C)C,12,260.56,2.564949357
CC(C)CC(C)(C)C(C)C,15,260.56,2.772588722
CCC(C)(C)C(C)C(C)C,9,260.56,2.302585093
CC(C)C(C)C(C)C(C)C,12,260.56,2.564949357
CCC(C)(C)C(C)(C)CC,10,260.56,2.397895273
CC(C)C(C(C)C)C(C)C,16.631,191.46,2.869658716
CCC(CC)(CC)C(C)C,16.079,191.46,2.837849639
CCC(C)(CC)C(C)(C)C,10.242,191.46,2.419656765
CCC(C(C)C)C(C)(C)C,10.794,191.46,2.467590928
CCC(C)(C(C)C)C(C)C,10.794,191.46,2.467590928
CC(C)C(C)(C)C(C)(C)C,4.958,236.71,1.784734854
CC(C(C)(C)C)C(C)(C)C,4.958,234.41,1.784734854
CC(C)CCCCCCCO,25.554,213.15,3.279180395
CCCCCCCCC(C)O,25.554,270.75,3.279180395
CCCCCCCC(O)CC,25.554,268.15,3.279180395
CCCCCCC(O)CCC,25.554,261.75,3.279180395
CCCCCC(O)CCCC,25.554,281.85,3.279180395
CCCCCCCC(C)CO,25.554,247.78,3.279180395
CCCCCC(C)CCCO,25.554,247.78,3.279180395
CCCCC(C)CCCCO,25.554,247.78,3.279180395
CCC(C)CCCCCCO,25.554,247.78,3.279180395
CCCCCCC(C)CCO,25.554,247.78,3.279180395
CCCCCCCC(C)(C)O,21.08,265.2,3.094672221
CCCCCCC(C)C(C)O,21.503,232.78,3.113648634
CCCCC(C)CCC(C)O,21.503,232.78,3.113648634
CCCC(C)CCCC(C)O,21.503,232.78,3.113648634
CCC(C)CCCCC(C)O,21.503,232.78,3.113648634
CC(C)CCCCCC(C)O,21.503,232.78,3.113648634
CCCCCCC(O)C(C)C,21.503,232.78,3.113648634
CCCCCCC(C)(O)CC,21.08,265.2,3.094672221
CCCCC(C)CC(O)CC,21.503,232.78,3.113648634
CCCCCC(O)CC(C)C,21.503,232.78,3.113648634
CCCCCC(C)(O)CCC,21.08,265.2,3.094672221
CCCCC(C)C(O)CCC,21.503,232.78,3.113648634
CCCC(O)CCC(C)CC,21.503,232.78,3.113648634
CCCCC(O)CCC(C)C,21.503,232.78,3.113648634
CCCCC(O)CC(C)CC,21.503,232.78,3.113648634
CCCCC(C)(O)CCCC,21.08,265.2,3.094672221
CCCCCCC(CC)CO,25.554,247.78,3.279180395
CCCCCC(CC)CCO,25.554,247.78,3.279180395
CCCCCCC(C)(C)CO,21.08,265.2,3.094672221
CCC(C)CCCC(C)CO,21.503,232.78,3.113648634
CC(C)CCCC(C)CCO,21.503,232.78,3.113648634
CCCC(C)C(C)CCCO,21.503,232.78,3.113648634
CCC(C)CC(C)CCCO,21.503,232.78,3.113648634
CC(C)CCC(C)CCCO,21.503,232.78,3.113648634
CC(C)(C)CCCCCCO,21.08,265.2,3.094672221
CCCCC(C)CC(C)(C)O,17.028,250.2,2.891926105
CC(C)CCCCC(C)(C)O,17.028,250.2,2.891926105
CC(C)CCCC(C)C(C)O,17.451,217.78,2.91511857
CCCCCC(O)(CC)CC,21.08,265.2,3.094672221
CCC(O)CCC(CC)CC,21.503,232.78,3.113648634
CCCCCC(O)C(C)(C)C,17.028,250.2,2.891926105
CCCCCC(C)(O)C(C)C,17.028,250.2,2.891926105
CC(C)CCCC(O)C(C)C,17.451,217.78,2.91511857
CCCC(C)CC(C)(O)CC,17.028,250.2,2.891926105
CCC(C)CCC(C)(O)CC,17.028,205.65,2.891926105
CCC(C)(O)CCCC(C)C,17.028,250.2,2.891926105
CCCCC(O)C(CC)CC,21.503,232.78,3.113648634
CCCCC(O)(CC)CCC,21.08,265.2,3.094672221
CCCCC(O)CC(C)(C)C,17.028,250.2,2.891926105
CCCCC(C)(O)CC(C)C,17.028,250.2,2.891926105
CCCC(C)C(O)CC(C)C,17.451,217.78,2.91511857
CCC(C)CC(O)CC(C)C,17.451,217.78,2.91511857
CC(C)CCC(O)CC(C)C,17.451,217.78,2.91511857
CCCCC(C)(O)C(C)CC,17.028,250.2,2.891926105
CCC(C)CC(O)C(C)CC,17.451,217.78,2.91511857
CCCC(C)(O)CC(C)CC,17.028,250.2,2.891926105
CCCC(C)(O)CCC(C)C,17.028,250.2,2.891926105
CCCCCC(CO)CCC,25.554,247.78,3.279180395
CCCCC(CCO)C(C)C,21.503,232.78,3.113648634
CC(C)CC(C)CC(C)(C)O,12.977,235.2,2.637413122
CC(C)C(C)CCC(C)(C)O,12.977,235.2,2.637413122
CC(O)CC(C)CC(C)(C)C,12.977,235.2,2.637413122
CCCCC(O)(CC)C(C)C,17.028,250.2,2.891926105
CCC(O)C(C)C(CC)CC,17.451,217.78,2.91511857
CCC(C)CC(O)(CC)CC,17.028,250.2,2.891926105
CCCCC(C)(O)C(C)(C)C,12.553,267.62,2.606607925
CC(C)CCC(O)C(C)(C)C,12.977,235.2,2.637413122
CC(C)CCC(C)(O)C(C)C,12.977,235.2,2.637413122
CCC(C)(C)CC(C)(O)CC,12.553,267.62,2.606607925
CCCC(O)(CCC)CCC,21.08,265.2,3.094672221
CCCC(O)(CCC)C(C)C,17.028,250.2,2.891926105
CCCC(C)(O)CC(C)(C)C,12.553,267.62,2.606607925
CCC(C)C(O)CC(C)(C)C,12.977,235.2,2.637413122
CC(C)CC(O)CC(C)(C)C,12.977,235.2,2.637413122
CCC(C)C(C)(O)CC(C)C,12.977,235.2,2.637413122
CC(C)CC(C)(O)CC(C)C,12.977,235.2,2.637413122
CCC(C)(C)C(O)CC(C)C,12.977,235.2,2.637413122
CCCC(CO)CC(C)CC,21.503,232.78,3.113648634
CCC(C)CC(CO)C(C)C,17.451,216.41,2.91511857
CC(C)CCC(CO)C(C)C,17.451,217.78,2.91511857
CCC(CO)CCC(C)(C)C,17.028,250.2,2.891926105
CCC(C)(C)C(C)C(C)(C)O,8.502,252.62,2.251502303
CC(O)C(C)(C)CC(C)(C)C,8.502,252.62,2.251502303
CCCC(O)(C(C)C)C(C)C,12.977,233.83,2.637413122
CCC(CC)C(O)C(C)(C)C,12.977,235.2,2.637413122
CCC(C)(CC)C(O)C(C)C,12.977,235.2,2.637413122
CCC(O)(CC)CC(C)(C)C,12.553,267.62,2.606607925
CCC(C)C(C)(O)C(C)(C)C,8.502,252.62,2.251502303
CC(C)CC(C)(O)C(C)(C)C,8.502,252.62,2.251502303
CCC(C)(C)C(O)C(C)(C)C,8.502,277.15,2.251502303
CC(C)(C)CC(O)C(C)(C)C,8.502,325.15,2.251502303
CCC(C)(C)C(C)(O)C(C)C,8.502,252.62,2.251502303
CC(C)C(C)(O)CC(C)(C)C,8.502,252.62,2.251502303
CC(C)C(O)C(C)(C)C(C)C,8.925,220.2,2.295056827
CCC(C)(O)C(C)(C)C(C)C,8.502,252.62,2.251502303
CCC(C)(O)C(C)C(C)(C)C,8.502,252.62,2.251502303
CC(C)C(CCO)C(C)(C)C,12.977,235.2,2.637413122
CC(C)C(C)(C(C)C)C(C)O,12.977,218.83,2.637413122
CCCC(O)(C(C)C)C(C)C,12.977,235.2,2.637413122
CC(C)C(O)(C(C)C)C(C)C,12.977,258.45,2.637413122
CCC(O)(C(C)C)C(C)(C)C,8.502,252.62,2.251502303
CC(C)(C)C(C)(O)C(C)(C)C,4.027,315.25,1.614823385
CC(C)C(C)(CO)C(C)(C)C,8.502,327.15,2.251502303
CCC(O)(CC)CCC(C)C,17.733,246.36,2.930286674
CC(C)CCCCCCCO,17.733,246.36,2.930286674
CCCCCOCCCCC,25.8,203.72,3.288401888
CCCCCCCCOCC,30.988,285.65,3.465360832
CCCCCCCC[C@H](C)O,17.733,246.36,2.930286674
CC(C)CCC[C@@H](C)CCO,17.733,246.36,2.930286674
CC(C)CCCC(C)CCO,17.733,246.36,2.930286674
COCCOCCOCCOCCOC,25.4,243.45,3.27336401
CCCCCCCCCCS,31,247.56,3.465735903
CCCCCCCCC(C)S,26.61,231.15,3.318178026
CCCCCSCCCCC,25.786,221.85,3.287879363
CCCCCCCCCSC,25.786,238.16,3.287879363
CCCCCCCCSCC,25.786,238.16,3.287879363
CCCCCCCSCCC,25.786,238.16,3.287879363
CCCCCCSCCCC,25.786,238.16,3.287879363
CCC(C)CSCC(C)CC,25.141,228.84,3.263504963
CC(C)CCSCCC(C)C,25.141,198.55,3.263504963
CCCCCSSCCCCC,23.933,214.16,3.216192227
CC(C)CCSSCCC(C)C,23.933,214.16,3.216192227
CCCCCCCCCNC,26.054,234.65,3.297834869
CCCCCCCCN(C)C,24.677,198.15,3.24559565
CCCCCCN(CC)CC,24.677,198.15,3.24559565
CCCCCCCCNCC,26.054,234.65,3.297834869
CCCCCNCCCCC,26.665,240.15,3.320168076
CC(C)CCNCCC(C)C,26.054,229.15,3.297834869
CC(C)CN(C(C)C)C(C)C,24.677,198.15,3.24559565
Cc1cccc2ccccc12,6.95,242.67,2.073171929
Cc1cccc2ccccc12,9.655,307.15,2.366029266
CC1CCCc2ccccc21,13.933,232.3,2.703573529
CC1CCc2ccccc2C1,13.933,230.15,2.703573529
Cc1cccc2c1CCCC2,14.247,250.15,2.724382762
Cc1ccc2c(c1)CCCC2,14.247,233.15,2.724382762
CC1(C)CCc2ccccc21,11.993,227.35,2.564410751
CCCCCc1ccccc1,15.24,198.15,2.787477335
CCCC(C)c1ccccc1,14.764,224.65,2.757728859
CCC(CC)c1ccccc1,14.764,224.65,2.757728859
CCC(C)Cc1ccccc1,14.764,224.65,2.757728859
CC(C)CCc1ccccc1,14.764,224.65,2.757728859
CCC(C)(C)c1ccccc1,10.873,242.07,2.474266915
CC(C)C(C)c1ccccc1,11.241,209.65,2.504790973
CC(C)(C)Cc1ccccc1,10.873,242.07,2.474266915
CCCCc1ccccc1C,17.898,252.17,2.939056096
CCCCc1cccc(C)c1,17.898,252.17,2.939056096
CCCCc1ccc(C)cc1,17.898,188.15,2.939056096
CCC(C)c1ccccc1C,14.375,237.17,2.732742814
CCC(C)c1cccc(C)c1,14.375,237.17,2.732742814
CCC(C)c1ccc(C)cc1,14.375,237.17,2.732742814
Cc1ccccc1CC(C)C,14.375,199.85,2.732742814
Cc1cccc(CC(C)C)c1,14.375,237.17,2.732742814
Cc1ccc(CC(C)C)cc1,14.375,237.17,2.732742814
Cc1ccccc1C(C)(C)C,10.484,222.83,2.440954762
Cc1cccc(C(C)(C)C)c1,10.484,231.78,2.440954762
Cc1ccc(C(C)(C)C)cc1,10.484,220.64,2.440954762
CCCc1ccccc1CC,17.898,252.17,2.939056096
CCCc1cccc(CC)c1,17.898,252.17,2.939056096
CCCc1ccc(CC)cc1,17.898,252.17,2.939056096
CCc1ccccc1C(C)C,14.375,237.17,2.732742814
CCc1cccc(C(C)C)c1,14.375,237.17,2.732742814
CCc1ccc(C(C)C)cc1,14.375,237.17,2.732742814
CCCc1cccc(C)c1C,17.509,264.69,2.9182571
CCCc1ccc(C)c(C)c1,17.509,253.15,2.9182571
CCCc1c(C)cccc1C,17.509,264.69,2.9182571
CCCc1ccc(C)cc1C,17.509,264.69,2.9182571
CCCc1cc(C)cc(C)c1,17.509,214.05,2.9182571
CCCc1cc(C)ccc1C,17.509,264.69,2.9182571
Cc1cccc(C(C)C)c1C,13.986,249.69,2.707116432
Cc1ccc(C(C)C)cc1C,13.986,249.69,2.707116432
Cc1cccc(C)c1C(C)C,13.986,249.69,2.707116432
Cc1ccc(C(C)C)c(C)c1,13.986,191.15,2.707116432
Cc1cc(C)cc(C(C)C)c1,13.986,249.69,2.707116432
Cc1ccc(C)c(C(C)C)c1,13.986,249.69,2.707116432
CCc1cccc(C)c1CC,17.509,264.69,2.9182571
CCc1ccc(C)c(CC)c1,17.509,264.69,2.9182571
CCc1ccc(CC)c(C)c1,17.509,264.69,2.9182571
CCc1cccc(CC)c1C,17.509,264.69,2.9182571
CCc1ccc(C)cc1CC,17.509,264.69,2.9182571
CCc1cc(C)cc(CC)c1,17.509,199.03,2.9182571
CCc1ccc(C)c(C)c1C,17.12,277.21,2.897016301
CCc1cc(C)c(C)c(C)c1,17.12,277.21,2.897016301
CCc1c(C)ccc(C)c1C,17.12,277.21,2.897016301
CCc1cc(C)c(C)cc1C,17.12,259.65,2.897016301
CCc1cc(C)cc(C)c1C,17.12,259.65,2.897016301
CCc1c(C)cc(C)cc1C,17.12,257.65,2.897016301
Cc1cc(C)c(C)c(C)c1C,10.67,327.45,2.457021446
CCc1cc(C)cc(C)c1C,15.411,243.06,2.797951842
CCCC(C)c1ccccc1,15.411,203.25,2.797951842
CCC(C)(C)c1ccc(O)cc1,22,366,3.135494216
CCCCc1cc(C)ccc1O,23,292.15,3.17805383
Cc1ccc(O)c(C(C)(C)C)c1,22.42,324.65,3.153590358
Cc1ccc(C(C)(C)C)c(O)c1,22.42,319.65,3.153590358
Cc1cccc(C(C)(C)C)c1O,22.42,304.15,3.153590358
Cc1cc(C(C)(C)C)ccc1O,22.42,300.65,3.153590358
CC(C)CCc1ccc(O)cc1,22.42,302.15,3.153590358
CCC(C)c1ccc(C)cc1O,22.42,322.97,3.153590358
Cc1c(C)c(C)c(O)c(C)c1C,22.42,401.15,3.153590358
CCCCCc1ccc(O)cc1,22.42,296.15,3.153590358
CCCC(C)c1ccccc1O,22.42,322.97,3.153590358
CCCCCc1ccccc1O,22.42,322.97,3.153590358
CCCC(C)c1ccc(O)cc1,22.42,322.97,3.153590358
C[C@]12CCCC[C@H]1CCCC2,13.187,225.04,2.652326052
C[C@]12CCCC[C@@H]1CCCC2,13.187,237.65,2.652326052
CCCCCCC1=CCCC1,19.403,189.32,3.015681949
C#CCCCCCCCCC,27.22,248.16,3.340030946
CC#CCCCCCCCC,27.366,243.05,3.345191245
CCC#CCCCCCCC,27.366,319.33,3.345191245
CCCC#CCCCCCC,24.803,198.45,3.250490764
CCCCC#CCCCCC,24.803,199.05,3.250490764
CCCCC#CC(C)(C)CC,24.803,241.61,3.250490764
C=CC(=O)OCC(CC)CCCC,23.812,183.15,3.211327407
CCCCCCCCC/C=C\Br,29.733,267.95,3.425336996
CCCCCCCCC/C=C/Br,29.733,267.95,3.425336996
C=CCCCCCCCCCBr,29.733,267.95,3.425336996
CCCCCCCCCCC(Br)(Br)Br,32.687,395.05,3.517112006
CCCCCCCCC/C=C\Cl,28.645,238.07,3.389293477
CCCCCCCCC/C=C/Cl,28.645,238.07,3.389293477
CCCCCCCCCCC(Cl)(Cl)Cl,29.423,305.41,3.415198901
CCCCCCCCC/C=C\F,27.528,240.3,3.350886061
CCCCCCCCC/C=C/F,27.528,240.3,3.350886061
CCCCCCCCCCC(F)(F)F,26.072,312.1,3.298499983
CCCCCCCCC/C=C\I,28.854,266.21,3.396318834
CCCCCCCCC/C=C/I,28.854,266.21,3.396318834
CCCCCCCCCCC(I)(I)I,30.05,389.83,3.435598808
CCCCCCCCCCC#N,25.752,267.35,3.286609237
CCCCCCC1CCCC1,18.181,200.16,2.953920206
CCCCCC1CCCCC1,19.297,215.66,3.010473092
CC(C)CCC1CCCCC1,19.297,215.66,3.010473092
C=CCCCCCCCCC,16.99,223.99,2.889816048
C/C=C\CCCCCCCC,17.862,206.65,2.937149316
C/C=C/CCCCCCCC,17.862,224.85,2.937149316
CCC=CCCCCCCC,17.862,211.15,2.937149316
CCC/C=C\CCCCCC,17.862,176.15,2.937149316
CCC/C=C/CCCCCC,17.862,209.45,2.937149316
CCCC/C=C\CCCCC,17.862,166.65,2.937149316
CCCC/C=C/CCCCC,17.862,212.05,2.937149316
C=C(C)CCCCCCCC,21.656,221.67,3.120424718
CCCCCCCCCCC(Br)Br,31.293,317.83,3.474850488
BrCCCCCCCCCCCBr,37.265,439.15,3.64453564
CCCCCCCCCCC(Cl)Cl,29.117,258.07,3.405089796
CCCCCCCCCCC(F)F,26.883,262.53,3.328017184
CCCCCCCCCCC(I)I,29.535,314.35,3.418873567
CCCCCCCCCCC=O,38.33,273.15,3.671987586
CCCCCCCCCC(C)=O,33.599,285.95,3.54382478
CCCCCCCCC(=O)CC,33.096,285.15,3.529180075
CCCCCCCC(=O)CCC,33.096,275.45,3.529180075
CCCCCCC(=O)CCCC,33.096,274.15,3.529180075
CCCCCCCCC(C)C=O,38.33,273.15,3.671987586
CCCCCCCCCCC(=O)O,25.98,301.65,3.295095851
CCCCCCCCCCOC=O,30.297,271.93,3.443522246
CCCCCCCCCOC(C)=O,28.615,247.15,3.38828099
CCCCCCCCOC(=O)CC,28.615,231.55,3.38828099
CCCCCCCOC(=O)CCC,28.615,215.65,3.38828099
CCCCCCC(=O)OCCCC,19.5,205.65,3.020424886
CCCCCCCCC(=O)OCC,21.499,236.45,3.113470864
CCCCCCOC(=O)CCCC,21.499,210.05,3.113470864
CCCCCC(=O)OCCC(C)C,21.499,226.73,3.113470864
CCCCCOC(=O)CCCCC,21.499,226.15,3.113470864
CCCCCCC(=O)OCC(C)C,21.499,226.73,3.113470864
CCCCCCCC(=O)OC(C)C,21.499,226.73,3.113470864
CCCCCCCC(=O)OCCC,21.499,226.95,3.113470864
CCCCCCCCCC(=O)OC,21.499,255.15,3.113470864
CCCCC(C)CCCCC(=O)O,25.98,301.65,3.295095851
CCCCCCOC(=O)CC(C)C,21.499,226.73,3.113470864
CCCCCCOC(=O)C(C)CC,21.499,226.73,3.113470864
CC(=O)OCCC(C)CC(C)(C)C,28.615,247.15,3.38828099
CCCCCCCCCCCBr,33.47,263.45,3.540089381
CCCCCCCCCCCCl,28.443,256.25,3.382456191
CCCCCCCCCCCF,27.326,257.15,3.343780111
CCCCCCCCCCCI,28.652,275.15,3.389529577
CCCCCCCCCCC[N+](=O)[O-],32.046,356.84,3.49790053
CCCCCCCCCCC,22.2,247.57,3.144152279
CCCCCCCCC(C)C,25.087,224.31,3.261437106
CCCCCCCC(C)CC,20.723,180.25,3.078371607
CCCCCCC(C)CCC,20.723,181.15,3.078371607
CCCCCC(C)CCCC,20.723,198.23,3.078371607
CCCCCCC(CC)CC,20.723,198.23,3.078371607
CCCCCC(CC)CCC,20.723,198.23,3.078371607
CCCCC(CC)CCCC,20.723,198.23,3.078371607
CCCCCCCC(C)(C)C,16.832,215.65,2.880994596
CCCCCCC(C)C(C)C,17.2,183.23,2.901421594
CCCCCC(C)CC(C)C,17.2,183.23,2.901421594
CCCCC(C)CCC(C)C,17.2,183.23,2.901421594
CCCC(C)CCCC(C)C,17.2,183.23,2.901421594
CCC(C)CCCCC(C)C,17.2,183.23,2.901421594
CC(C)CCCCCC(C)C,17.2,183.23,2.901421594
CCCCCCC(C)(C)CC,16.832,215.65,2.880994596
CCCCCC(C)C(C)CC,17.2,183.23,2.901421594
CCCCC(C)CC(C)CC,17.2,183.23,2.901421594
CCCC(C)CCC(C)CC,17.2,183.23,2.901421594
CCC(C)CCCC(C)CC,17.2,183.23,2.901421594
CCCCCC(C)(C)CCC,16.832,215.65,2.880994596
CCCCC(C)C(C)CCC,17.2,183.23,2.901421594
CCCC(C)CC(C)CCC,17.2,183.23,2.901421594
CCCCC(C)(C)CCCC,16.832,215.65,2.880994596
CCCCC(CCC)CCC,20.723,198.23,3.078371607
CCCCC(CCC)C(C)C,17.2,183.23,2.901421594
CCCCCC(CC)C(C)C,17.2,183.23,2.901421594
CCCCC(CC)CC(C)C,17.2,183.23,2.901421594
CCCC(CC)CCC(C)C,17.2,183.23,2.901421594
CCC(CC)CCCC(C)C,17.2,183.23,2.901421594
CCCCCC(C)(CC)CC,16.832,215.65,2.880994596
CCCCC(CC)C(C)CC,17.2,183.23,2.901421594
CCCC(CC)CC(C)CC,17.2,183.23,2.901421594
CCC(C)CCC(CC)CC,17.2,183.23,2.901421594
CCCCC(C)C(CC)CC,17.2,183.23,2.901421594
CCCCC(C)(CC)CCC,16.832,215.65,2.880994596
CCCC(C)C(CC)CCC,17.2,183.23,2.901421594
CCCC(C)CC(CC)CC,17.2,183.23,2.901421594
CCCCCC(C)C(C)(C)C,17.302,200.65,2.907010343
CCCCC(C)CC(C)(C)C,17.302,200.65,2.907010343
CCCC(C)CCC(C)(C)C,17.302,200.65,2.907010343
CCC(C)CCCC(C)(C)C,17.302,200.65,2.907010343
CC(C)CCCCC(C)(C)C,17.302,200.65,2.907010343
CCCCCC(C)(C)C(C)C,17.302,200.65,2.907010343
CCCCC(C)C(C)C(C)C,17.78,168.23,2.932792474
CCCC(C)CC(C)C(C)C,17.78,168.23,2.932792474
CCC(C)CCC(C)C(C)C,17.78,168.23,2.932792474
CC(C)CCCC(C)C(C)C,17.78,168.23,2.932792474
CCCCC(C)(C)CC(C)C,17.302,200.65,2.907010343
CCCC(C)C(C)CC(C)C,17.78,168.23,2.932792474
CCC(C)CC(C)CC(C)C,17.78,168.23,2.932792474
CC(C)CCC(C)CC(C)C,17.78,168.23,2.932792474
CCCC(C)(C)CCC(C)C,17.302,200.65,2.907010343
CCC(C)C(C)CCC(C)C,17.78,168.23,2.932792474
CCC(C)(C)CCCC(C)C,17.302,200.65,2.907010343
CCCCC(C)C(C)(C)CC,17.302,200.65,2.907010343
CCCC(C)CC(C)(C)CC,17.302,200.65,2.907010343
CCC(C)CCC(C)(C)CC,17.302,200.65,2.907010343
CCCCC(C)(C)C(C)CC,17.302,200.65,2.907010343
CCCC(C)C(C)C(C)CC,17.78,168.23,2.932792474
CCC(C)CC(C)C(C)CC,17.78,168.23,2.932792474
CCCC(C)(C)CC(C)CC,17.302,200.65,2.907010343
CCCC(C)C(C)(C)CCC,17.302,200.65,2.907010343
CCCC(CCC)C(C)(C)C,17.302,200.65,2.907010343
CCCC(CCC)CC(C)C,22.36,183.23,3.151025158
CCCC(CCC)C(C)CC,22.36,183.23,3.151025158
CCCC(C)(CCC)CCC,21.882,215.65,3.130350575
CCCCC(C(C)C)C(C)C,17.78,168.23,2.932792474
CCCC(CC(C)C)C(C)C,17.78,168.23,2.932792474
CCCC(C(C)C)C(C)CC,17.78,168.23,2.932792474
CCCC(C)(CCC)C(C)C,17.302,200.65,2.907010343
CCCCC(CC)(CC)CC,21.882,215.65,3.130350575
CCCC(CC)C(CC)CC,22.36,183.23,3.151025158
CCC(CC)CC(CC)CC,22.36,183.23,3.151025158
CCCC(CC)(CC)CCC,21.882,215.65,3.130350575
CCCCC(CC)C(C)(C)C,17.302,200.65,2.907010343
CCCC(CC)CC(C)(C)C,17.302,200.65,2.907010343
CCC(CC)CCC(C)(C)C,17.302,200.65,2.907010343
CCCCC(C)(CC)C(C)C,17.302,200.65,2.907010343
CCCC(CC)C(C)C(C)C,17.78,168.23,2.932792474
CCC(CC)CC(C)C(C)C,17.78,168.23,2.932792474
CCCC(C)C(CC)C(C)C,17.78,168.23,2.932792474
CCCC(C)(CC)CC(C)C,17.302,247.15,2.907010343
CCC(CC)C(C)CC(C)C,17.78,168.23,2.932792474
CCC(C)CC(CC)C(C)C,17.78,168.23,2.932792474
CCC(C)C(CC)CC(C)C,17.78,168.23,2.932792474
CCC(C)(CC)CCC(C)C,17.302,200.65,2.907010343
CCC(CCC(C)C)C(C)C,17.78,168.23,2.932792474
CCC(CC(C)C)CC(C)C,17.78,168.23,2.932792474
CCCC(CC)C(C)(C)CC,17.302,200.65,2.907010343
CCC(CC)CC(C)(C)CC,17.302,200.65,2.907010343
CCCC(C)C(C)(CC)CC,17.302,200.65,2.907010343
CCCC(C)(CC)C(C)CC,17.302,200.65,2.907010343
CCC(C)C(C)C(CC)CC,17.78,168.23,2.932792474
CCC(C)CC(C)(CC)CC,17.302,200.65,2.907010343
CCC(C)C(CC)C(C)CC,17.78,168.23,2.932792474
CCCC(C)(C)C(CC)CC,17.302,200.65,2.907010343
CCCCC(C)(C)C(C)(C)C,14.127,218.07,2.716481227
CCCC(C)C(C)C(C)(C)C,14.679,185.65,2.752322237
CCC(C)CC(C)C(C)(C)C,14.679,185.65,2.752322237
CC(C)CCC(C)C(C)(C)C,14.679,185.65,2.752322237
CCCC(C)(C)CC(C)(C)C,14.127,218.07,2.716481227
CCC(C)C(C)CC(C)(C)C,14.679,185.65,2.752322237
CC(C)CC(C)CC(C)(C)C,14.679,185.65,2.752322237
CCC(C)(C)CCC(C)(C)C,14.127,218.07,2.716481227
CC(C)C(C)CCC(C)(C)C,14.679,185.65,2.752322237
CC(C)(C)CCCC(C)(C)C,14.127,218.07,2.716481227
CCCC(C)C(C)(C)C(C)C,14.679,185.65,2.752322237
CCC(C)CC(C)(C)C(C)C,14.679,185.65,2.752322237
CC(C)CCC(C)(C)C(C)C,14.679,185.65,2.752322237
CCCC(C)(C)C(C)C(C)C,14.679,185.65,2.752322237
CCC(C)C(C)C(C)C(C)C,15.231,153.23,2.786922994
CC(C)CC(C)C(C)C(C)C,15.231,153.23,2.786922994
CCC(C)(C)CC(C)C(C)C,14.679,185.65,2.752322237
CC(C)C(C)CC(C)C(C)C,15.231,153.23,2.786922994
CCC(C)C(C)(C)CC(C)C,14.679,185.65,2.752322237
CC(C)CC(C)(C)CC(C)C,14.679,185.65,2.752322237
CCC(C)(C)C(C)CC(C)C,14.679,185.65,2.752322237
CCCC(C)(C)C(C)(C)CC,14.127,218.07,2.716481227
CCC(C)C(C)C(C)(C)CC,14.679,185.65,2.752322237
CCC(C)(C)CC(C)(C)CC,14.127,218.07,2.716481227
CCC(C)C(C)(C)C(C)CC,14.679,185.65,2.752322237
CCCC(C(C)C)C(C)(C)C,14.679,185.65,2.752322237
CCCC(C)(C(C)C)C(C)C,14.679,185.65,2.752322237
CCC(C)C(C(C)C)C(C)C,15.231,153.23,2.786922994
CC(C)CC(C(C)C)C(C)C,15.231,153.23,2.786922994
CCCC(CC)(CC)C(C)C,19.964,200.65,3.042806681
CCC(CC)C(CC)C(C)C,20.516,168.23,3.068796844
CCC(CC)(CC)CC(C)C,19.964,200.65,3.042806681
CCC(CC)C(C)(CC)CC,19.964,200.65,3.042806681
CCC(C)C(CC)(CC)CC,19.964,200.65,3.042806681
CCCC(C)(CC)C(C)(C)C,14.127,218.07,2.716481227
CCC(CC)C(C)C(C)(C)C,14.679,185.65,2.752322237
CCC(C)C(CC)C(C)(C)C,14.679,185.65,2.752322237
CCC(C)(CC)CC(C)(C)C,14.127,218.07,2.716481227
CCC(CC(C)C)C(C)(C)C,14.679,185.65,2.752322237
CCC(CC(C)(C)C)C(C)C,14.679,185.65,2.752322237
CCC(CC)C(C)(C)C(C)C,14.679,185.65,2.752322237
CCC(C)C(C)(CC)C(C)C,14.679,185.65,2.752322237
CCC(C)(CC)C(C)C(C)C,14.679,185.65,2.752322237
CCC(C)(CC(C)C)C(C)C,14.679,185.65,2.752322237
CCC(C(C)C)C(C)C(C)C,15.231,153.23,2.786922994
CCC(C(C)C)C(C)(C)CC,14.679,185.65,2.752322237
CCC(C)(C)C(C)(CC)CC,14.127,218.07,2.716481227
CCC(C)C(C)(C)C(C)(C)C,8.843,203.07,2.286760543
CC(C)CC(C)(C)C(C)(C)C,8.843,203.07,2.286760543
CCC(C)(C)C(C)C(C)(C)C,8.843,203.07,2.286760543
CC(C)C(C)C(C)C(C)(C)C,9.395,170.65,2.341324921
CC(CC(C)(C)C)C(C)(C)C,8.843,203.07,2.286760543
CC(C)C(C)(C)CC(C)(C)C,8.843,203.07,2.286760543
CCC(C)(C)C(C)(C)C(C)C,8.843,203.07,2.286760543
CC(C)C(C)C(C)(C)C(C)C,9.395,170.65,2.341324921
CC(C)C(C(C)C)C(C)(C)C,9.395,170.65,2.341324921
CC(C)C(C)(C(C)C)C(C)C,9.395,170.65,2.341324921
CCC(CC)(CC)C(C)(C)C,14.127,218.07,2.716481227
CCC(CC)(C(C)C)C(C)C,14.679,185.65,2.752322237
CCC(C)(C(C)C)C(C)(C)C,8.843,203.07,2.286760543
CCC(C(C)(C)C)C(C)(C)C,8.843,203.07,2.286760543
CC(C)(C)C(C)(C)C(C)(C)C,3.006,220.49,1.387793237
CCCCCCCCCC(C)O,28.533,273.15,3.385508282
CCCCCCCC[C@H](O)CC,33.341,290.15,3.536339976
CCCCCCC(O)CCCC,33.341,271.35,3.536339976
CCCCCC(O)CCCCC,33.341,298.15,3.536339976
CC(C)CCC(O)CCC(C)C,33.341,285.15,3.536339976
CCCCC(CC)CCC(C)O,33.341,285.15,3.536339976
CCOC(C)COC(C)COC(C)CO,28.35,256.5,3.379292546
CCCCCCCCCCCS,39.9,270.15,3.711130063
CCCCCCCCCC(C)S,29.718,239.15,3.424848802
CCCCCCCCCCSC,28.376,254.66,3.380178014
CCCCCCCCCSCC,28.376,254.66,3.380178014
CCCCCCCCSCCC,28.376,254.66,3.380178014
CCCCCCCSCCCC,28.376,254.66,3.380178014
CCCCCCCCCCCN,35.332,288.26,3.592698896
CCCCCCCCCCNC,29.255,277.15,3.40966146
CCCCCCCCCNCC,29.255,277.15,3.40966146
CCCCCCCCCN(C)C,27.267,215,3.341695047
CCCCCCCN(CC)CC,27.267,215,3.341695047
CCCCC(CC)CCC(C)N,35.332,288.26,3.592698896
c1ccc2nc3ccccc3nc2c1,18.88,447.89,2.989714201
c1ccc2c(c1)nnc1ccccc12,20.9,429,3.086486637
c1ccc2c(c1)oc1ccccc12,22.7,355.65,3.165475048
c1ccc2c(c1)Oc1ccccc1S2,20.267,328.78,3.057156576
c1ccc2c(c1)sc1ccccc12,21.708,371.82,3.122717285
c1ccc2c(c1)Sc1ccccc1S2,27.555,429.58,3.351832052
Clc1ccccc1-c1ccccc1,14.518,304.94,2.74200064
Clc1cccc(-c2ccccc2)c1,13.483,289.15,2.672975548
Clc1ccc(-c2ccccc2)cc1,13.318,348.55,2.661517487
c1ccc2c(c1)[nH]c1ccccc12,24.1,517.95,3.222867846
O=[N+]([O-])c1ccc(Nc2ccc([N+](=O)[O-])cc2)cc1,30.8,491.05,3.45946629
c1cc2c3c(cccc3c1)CC2,21.462,366.56,3.111824993
c1ccc(Oc2ccccc2)cc1,17.215,300.03,2.90224543
c1ccc(Nc2ccccc2)cc1,18.5,326.15,2.970414466
Cc1ccc2ccccc2c1C,17.118,272.16,2.896905919
Cc1cc(C)c2ccccc2c1,17.118,269.16,2.896905919
Cc1ccc(C)c2ccccc12,10.6,280.82,2.451005098
Cc1cccc2c(C)cccc12,17.118,355.16,2.896905919
Cc1ccc2c(C)cccc2c1,17.118,259.16,2.896905919
Cc1ccc2cccc(C)c2c1,17.118,260.16,2.896905919
Cc1cccc2cccc(C)c12,15.78,337.15,2.820187701
Cc1cc2ccccc2cc1C,19.35,378.16,3.013080912
Cc1ccc2cc(C)ccc2c1,25.06,384.55,3.260401572
Cc1ccc2ccc(C)cc2c1,23.351,368.81,3.192572916
CCc1cccc2ccccc12,16.3,259.34,2.850706502
CCc1ccc2ccccc2c1,17.507,265.76,2.918149039
c1ccc(NNc2ccccc2)cc1,17.63,404.15,2.924773185
CCOC(=O)c1ccccc1C(=O)OCC,17.984,269.15,2.943596519
CCC1CCCc2ccccc21,16.523,243.57,2.863514304
CCC1CCc2ccccc2C1,16.523,224.75,2.863514304
CCc1cccc2c1CCCC2,17.946,228.65,2.941592827
CCc1ccc2c(c1)CCCC2,17.946,203.15,2.941592827
CC1Cc2ccccc2C(C)C1,17.946,253.92,2.941592827
CC1CCC(C)c2ccccc21,17.946,253.92,2.941592827
Cc1cccc2c1CCCC2C,17.946,253.92,2.941592827
CC1(C)CCc2ccccc2C1,17.946,253.92,2.941592827
CC1Cc2ccccc2CC1C,17.946,270.65,2.941592827
Cc1cccc2c1CCC(C)C2,17.946,253.92,2.941592827
Cc1ccc2c(c1)CCC(C)C2,17.946,293.15,2.941592827
Cc1ccc2c(c1)CC(C)CC2,17.946,253.92,2.941592827
Cc1cccc2c1CC(C)CC2,17.946,253.92,2.941592827
Cc1ccc2c(c1C)CCCC2,17.946,253.92,2.941592827
Cc1cc(C)c2c(c1)CCCC2,17.946,267.15,2.941592827
Cc1ccc(C)c2c1CCCC2,17.946,271.05,2.941592827
Cc1cc2c(cc1C)CCCC2,17.946,283.15,2.941592827
CC1(C)CCCc2ccccc21,17.946,253.92,2.941592827
CC1CCc2ccccc2C1C,17.946,253.92,2.941592827
CCCCCCc1ccccc1,18.41,212,2.965788397
CCCc1ccc(CCC)cc1,19.34,249.75,3.012589391
CC(C)c1ccccc1C(C)C,19.34,249.75,3.012589391
CC(C)c1ccccc1C(C)C,19.34,216.15,3.012589391
CC(C)c1cccc(C(C)C)c1,13.442,210.02,2.670140628
CC(C)c1ccc(C(C)C)cc1,13.442,256.08,2.670140628
CCc1cccc(CC)c1CC,20.099,206.66,3.049225646
CCc1ccc(CC)c(CC)c1,20.099,206.66,3.049225646
CCc1cc(CC)cc(CC)c1,20.099,206.66,3.049225646
Cc1cc(C)cc(C(C)(C)C)c1,19.34,255.15,3.012589391
CCCC(C)(C)c1ccccc1,19.34,249.75,3.012589391
CCC(C)c1ccc(C)cc1C,19.34,249.75,3.012589391
CCCC(CC)c1ccccc1,19.34,217.75,3.012589391
CCC(C)(CC)c1ccccc1,19.34,249.75,3.012589391
CCCCC(C)c1ccccc1,19.34,249.75,3.012589391
CCC(C)CCc1ccccc1,19.34,249.75,3.012589391
CC(C)CCCc1ccccc1,19.34,249.75,3.012589391
Cc1cc(C)c(C(C)C)cc1C,19.34,294.15,3.012589391
Cc1ccc(C(C)(C)C)cc1C,19.34,249.75,3.012589391
CC1=C(C)C2(C)C(C)=C(C)C12C,19.34,277,3.012589391
Cc1c(C)c(C)c(C)c(C)c1C,20.6,438.66,3.072693315
CCc1ccc(C(C)(C)C)cc1,11.9,234.8,2.557227311
C1=CCCC=CCCC=CCC1,12.2,256.35,2.58021683
Cc1cc(O)c(C(C)(C)C)cc1C,25,319.15,3.258096538
Cc1cc(C)c(O)c(C(C)(C)C)c1,24.372,295.45,3.233646204
Cc1cc(C(C)(C)C)c(C)cc1O,24.372,344.35,3.233646204
Cc1cc(C(C)(C)C)cc(C)c1O,24.372,355.55,3.233646204
CCC(C)(C)c1ccc(O)c(C)c1,24.372,288.15,3.233646204
CCCc1cccc(CCC)c1O,24.372,300.15,3.233646204
CCCCCc1ccc(C)cc1O,24.372,297.15,3.233646204
CCc1ccc(O)c(C(C)(C)C)c1,24.372,303.15,3.233646204
CC(C)c1cc(O)cc(C(C)C)c1,24.372,311.14,3.233646204
CC(C)c1ccc(O)c(C(C)C)c1,24.372,311.14,3.233646204
CCCCCCc1ccccc1O,24.372,311.14,3.233646204
C#CCCCCCCCCCC,29.81,254.16,3.427839313
CC#CCCCCCCCCC,29.956,264.15,3.432566841
CCC#CCCCCCCCC,29.956,330.6,3.432566841
CCCCCC#CCCCCC,30.307,282.97,3.443841715
CCCCCC#CC(C)(C)CC,30.307,282.97,3.443841715
CC[C@]12CCCC[C@H]1CCCC2,15.777,236.31,2.820008901
CC[C@]12CCCC[C@@H]1CCCC2,15.777,248.92,2.820008901
CCCCCCCC1=CCCC1,21.993,200.59,3.135189822
C1CCC(SC2CCCCC2)CC1,10.9,283.05,2.4765384
CCCCCCCCCC/C=C\Br,32.323,279.22,3.506247849
CCCCCCCCCC/C=C/Br,32.323,279.22,3.506247849
CCCCCCCCCCCC(Br)(Br)Br,35.277,406.32,3.591183932
CCCCCCCCCC/C=C\Cl,31.235,249.34,3.473052819
CCCCCCCCCC/C=C/Cl,31.235,249.34,3.473052819
CCCCCCCCCCCC(Cl)(Cl)Cl,32.013,316.68,3.496901423
CCCCCCCCCC/C=C\F,30.118,251.57,3.43778643
CCCCCCCCCC/C=C/F,30.118,251.57,3.43778643
CCCCCCCCCCCC(F)(F)F,28.662,323.37,3.389866765
CCCCCCCCCC/C=C\I,31.444,277.48,3.479515526
CCCCCCCCCC/C=C/I,31.444,277.48,3.479515526
CCCCCCCCCCCC(I)(I)I,32.64,401.1,3.515715835
CCCCCCCCCCCC#N,28.342,277.15,3.379019937
CCCCCCCC1CCCC1,20.771,220,3.080578809
CCCCCCC1CCCCC1,22.175,263.6,3.143074111
CCCCCC1CCCCC1C,22.175,263.6,3.143074111
C=CCCCCCCCCCC,19.9,237.93,3.039749159
C/C=C\CCCCCCCCC,28.3,233,3.377587516
C/C=C/CCCCCCCCC,29.6,243,3.421000009
C=C(C)CCCCCCCCC,24.246,232.38,3.228667727
C=C(CC(C)(C)C)CC(C)(C)C,22.064,271.55,3.13827296
CC(=CC(C)(C)C)CC(C)(C)C,22.064,234.75,3.13827296
CCCCCCCCCCCC(Br)Br,33.883,329.1,3.551999605
BrCCCCCCCCCCCCBr,33.113,314.15,3.529678543
CCCCCCCCCCCC(Cl)Cl,31.707,269.34,3.487589122
ClCCCCCCCCCCCCCl,33.638,302.15,3.544951345
CCCCCCCCCCCC(F)F,29.473,273.8,3.416841046
CCCCCCCCCCCC(I)I,32.125,325.62,3.500288284
CCCCCCCCCC(C)C=O,42.21,285.15,3.76607195
CCCCCCCCCCC(C)=O,36.966,293.65,3.636691022
CCCCCCC(=O)CCCCC,34.306,283.15,3.564052921
CCCCCCCC(=O)C(C)(C)C,34.306,198.25,3.564052921
CCCCCCCCCC(=O)CC,34.306,292.58,3.564052921
CCCCCCCC(=O)CCCC,34.306,282.85,3.564052921
CCCCCCCCC(=O)CCC,34.306,284.65,3.564052921
CCCCCCCCCCCC(=O)O,36.65,316.9,3.628332954
CCCCCCCCCCCOC=O,32.887,283.2,3.52303146
CCCCCCCCCCOC(C)=O,31.205,258.12,3.47212172
CCCCCCCCCOC(=O)CC,31.205,266.83,3.47212172
CCCCCCCCOC(=O)CCC,31.205,217.15,3.47212172
CCCCCCCOC(=O)CCCC,24,226.75,3.218875825
CCCCCCOC(=O)CCCCC,24.375,218.15,3.233764437
CCCCCCC(=O)OCCCCC,24.375,223.15,3.233764437
CCCCCCCC(=O)OCCCC,24.375,230.25,3.233764437
CCCCCCCCCC(=O)OCC,24.375,253.15,3.233764437
CCCCCCC(C)CC(=O)OCC,24.375,230.29,3.233764437
CCCCCCCCCCC(=O)OC,24.375,230.29,3.233764437
CC(=O)OCCC(C)CCCC(C)C,31.205,258.12,3.47212172
CCCCCCCCCCCCBr,32.121,263.65,3.500167522
CCCCCCCCCCC(C)Br,26.858,177.25,3.327120178
CCCCCCCCCCCCCl,31.033,263.85,3.466766621
CCCCCCCCCCCCF,29.916,260.15,3.431273849
CCCCCCCCCCCCI,31.242,273.45,3.47326995
CCCCCCCCCCCC[N+](=O)[O-],34.377,368.11,3.566061891
CCCCCCCCC(C)CC,23.313,215.15,3.191011187
CCCCCCCC(C)CCC,23.313,209.5,3.191011187
CCCCCCC(C)CCCC,23.313,209.5,3.191011187
CCCCCC(C)CCCCC,23.313,209.5,3.191011187
CCCCCCCC(CC)CC,23.313,209.5,3.191011187
CCCCCCC(CC)CCC,23.313,209.5,3.191011187
CCCCCC(CC)CCCC,23.313,209.5,3.191011187
CCCCCCCCC(C)(C)C,19.422,226.92,3.016612751
CCCCCCCC(C)C(C)C,19.79,194.5,3.034472102
CCCCCC(C)CCC(C)C,19.79,194.5,3.034472102
CCCCC(C)CCCC(C)C,19.79,194.5,3.034472102
CCCC(C)CCCCC(C)C,19.79,194.5,3.034472102
CCC(C)CCCCCC(C)C,19.79,194.5,3.034472102
CC(C)CCCCCCC(C)C,19.79,194.5,3.034472102
CCCCCCCC(C)(C)CC,19.422,226.92,3.016612751
CCCCCCC(C)C(C)CC,19.79,194.5,3.034472102
CCCCCC(C)CC(C)CC,19.79,194.5,3.034472102
CCCCC(C)CCC(C)CC,19.79,194.5,3.034472102
CCCC(C)CCCC(C)CC,19.79,194.5,3.034472102
CCC(C)CCCCC(C)CC,19.79,194.5,3.034472102
CCCCCCC(C)(C)CCC,19.422,226.92,3.016612751
CCCCCC(C)C(C)CCC,19.79,194.5,3.034472102
CCCCC(C)CC(C)CCC,19.79,194.5,3.034472102
CCCC(C)CCC(C)CCC,19.79,194.5,3.034472102
CCCCCC(C)(C)CCCC,19.422,226.92,3.016612751
CCCCC(C)C(C)CCCC,19.79,194.5,3.034472102
CCCCCC(CCC)CCC,23.313,209.5,3.191011187
CCCCC(CCC)CCCC,23.313,209.5,3.191011187
CCCCCC(CCC)C(C)C,19.79,194.5,3.034472102
CCCCC(CCCC)C(C)C,19.79,194.5,3.034472102
CCCCCCC(CC)C(C)C,19.79,194.5,3.034472102
CCCCCC(CC)CC(C)C,19.79,194.5,3.034472102
CCCCC(CC)CCC(C)C,19.79,194.5,3.034472102
CCCC(CC)CCCC(C)C,19.79,194.5,3.034472102
CCC(CC)CCCCC(C)C,19.79,194.5,3.034472102
CCCCCCC(C)(CC)CC,19.422,226.92,3.016612751
CCCCCC(CC)C(C)CC,19.79,194.5,3.034472102
CCCCC(CC)CC(C)CC,19.79,194.5,3.034472102
CCCC(CC)CCC(C)CC,19.79,194.5,3.034472102
CCC(C)CCCC(CC)CC,19.79,194.5,3.034472102
CCCCCC(C)C(CC)CC,19.79,194.5,3.034472102
CCCCCC(C)(CC)CCC,19.422,226.92,3.016612751
CCCCC(CC)C(C)CCC,19.79,194.5,3.034472102
CCCC(C)CC(CC)CCC,19.79,194.5,3.034472102
CCCC(C)CCC(CC)CC,19.79,194.5,3.034472102
CCCCC(C)CC(CC)CC,19.79,194.5,3.034472102
CCCCC(C)C(CC)CCC,19.79,194.5,3.034472102
CCCCC(C)(CC)CCCC,19.422,226.92,3.016612751
CCCCCCC(C)C(C)(C)C,20.669,211.92,3.075882668
CCCCCC(C)CC(C)(C)C,20.669,211.92,3.075882668
CCCCC(C)CCC(C)(C)C,20.669,211.92,3.075882668
CCCC(C)CCCC(C)(C)C,20.669,211.92,3.075882668
CCC(C)CCCCC(C)(C)C,20.669,211.92,3.075882668
CC(C)CCCCCC(C)(C)C,20.669,211.92,3.075882668
CCCCCCC(C)(C)C(C)C,20.669,211.92,3.075882668
CCCCCC(C)C(C)C(C)C,21.147,179.5,3.097702047
CCCCC(C)CC(C)C(C)C,21.147,179.5,3.097702047
CCCC(C)CCC(C)C(C)C,21.147,179.5,3.097702047
CCC(C)CCCC(C)C(C)C,21.147,179.5,3.097702047
CC(C)CCCCC(C)C(C)C,21.147,179.5,3.097702047
CCCCCC(C)(C)CC(C)C,20.669,211.92,3.075882668
CCCCC(C)C(C)CC(C)C,21.147,179.5,3.097702047
CCCC(C)CC(C)CC(C)C,21.147,179.5,3.097702047
CCC(C)CCC(C)CC(C)C,21.147,179.5,3.097702047
CC(C)CCCC(C)CC(C)C,21.147,179.5,3.097702047
CCCCC(C)(C)CCC(C)C,20.669,211.92,3.075882668
CCCC(C)C(C)CCC(C)C,21.147,179.5,3.097702047
CCC(C)CC(C)CCC(C)C,21.147,179.5,3.097702047
CC(C)CCC(C)CCC(C)C,21.147,179.5,3.097702047
CCCC(C)(C)CCCC(C)C,20.669,211.92,3.075882668
CCC(C)C(C)CCCC(C)C,21.147,179.5,3.097702047
CCC(C)(C)CCCCC(C)C,20.669,211.92,3.075882668
CCCCCC(C)C(C)(C)CC,20.669,211.92,3.075882668
CCCCC(C)CC(C)(C)CC,20.669,211.92,3.075882668
CCC(C)CCCC(C)(C)CC,20.669,211.92,3.075882668
CCCC(C)CCC(C)(C)CC,20.669,211.92,3.075882668
CCCCCC(C)(C)C(C)CC,20.669,211.92,3.075882668
CCCCC(C)C(C)C(C)CC,21.147,179.5,3.097702047
CCCC(C)CC(C)C(C)CC,21.147,179.5,3.097702047
CCC(C)CCC(C)C(C)CC,21.147,179.5,3.097702047
CCCCC(C)(C)CC(C)CC,20.669,211.92,3.075882668
CCCC(C)C(C)CC(C)CC,21.147,179.5,3.097702047
CCC(C)CC(C)CC(C)CC,21.147,179.5,3.097702047
CCCC(C)(C)CCC(C)CC,20.669,211.92,3.075882668
CCCCC(C)C(C)(C)CCC,20.669,211.92,3.075882668
CCCC(C)CC(C)(C)CCC,20.669,211.92,3.075882668
CCCCC(C)(C)C(C)CCC,20.669,211.92,3.075882668
CCCC(C)C(C)C(C)CCC,21.147,179.5,3.097702047
CCCCC(CCC)C(C)(C)C,20.669,211.92,3.075882668
CCCCC(CCC)CC(C)C,25.727,194.5,3.28567429
CCCC(CCC)CCC(C)C,25.727,194.5,3.28567429
CCCCC(CCC)C(C)CC,25.727,194.5,3.28567429
CCCC(CCC)CC(C)CC,25.727,194.5,3.28567429
CCCCC(C)(CCC)CCC,25.249,226.92,3.267627893
CCCC(C)C(CCC)CCC,25.727,194.5,3.28567429
CCCCCC(C(C)C)C(C)C,21.147,179.5,3.097702047
CCCCC(CC(C)C)C(C)C,21.147,179.5,3.097702047
CCCC(CCC(C)C)C(C)C,21.147,179.5,3.097702047
CCCCC(C(C)C)C(C)CC,21.147,179.5,3.097702047
CCCC(CC(C)CC)C(C)C,21.147,179.5,3.097702047
CCCCC(C)(CCC)C(C)C,20.669,211.92,3.075882668
CCCC(C)C(CCC)C(C)C,21.147,179.5,3.097702047
CCCCCC(CC)(CC)CC,25.249,226.92,3.267627893
CCCCC(CC)C(CC)CC,25.727,194.5,3.28567429
CCCC(CC)CC(CC)CC,25.727,194.5,3.28567429
CCC(CC)CCC(CC)CC,25.727,194.5,3.28567429
CCCCC(CC)(CC)CCC,25.249,226.92,3.267627893
CCCC(CC)C(CC)CCC,25.727,194.5,3.28567429
CCCCCC(CC)C(C)(C)C,20.669,211.92,3.075882668
CCCCC(CC)CC(C)(C)C,20.669,211.92,3.075882668
CCCC(CC)CCC(C)(C)C,20.669,211.92,3.075882668
CCC(CC)CCCC(C)(C)C,20.669,211.92,3.075882668
CCCCCC(C)(CC)C(C)C,20.669,211.92,3.075882668
CCCCC(CC)C(C)C(C)C,21.147,179.5,3.097702047
CCCC(CC)CC(C)C(C)C,21.147,179.5,3.097702047
CCC(CC)CCC(C)C(C)C,21.147,179.5,3.097702047
CCCCC(C)C(CC)C(C)C,21.147,179.5,3.097702047
CCCCC(C)(CC)CC(C)C,20.669,211.92,3.075882668
CCCC(CC)C(C)CC(C)C,21.147,179.5,3.097702047
CCC(CC)CC(C)CC(C)C,21.147,179.5,3.097702047
CCCC(C)CC(CC)C(C)C,21.147,179.5,3.097702047
CCCC(C)C(CC)CC(C)C,21.147,179.5,3.097702047
CCCC(C)(CC)CCC(C)C,20.669,211.92,3.075882668
CCC(CC)C(C)CCC(C)C,21.147,179.5,3.097702047
CCC(C)CCC(CC)C(C)C,21.147,179.5,3.097702047
CCC(C)CC(CC)CC(C)C,21.147,179.5,3.097702047
CCC(C)C(CC)CCC(C)C,21.147,179.5,3.097702047
CCC(C)(CC)CCCC(C)C,20.669,211.92,3.075882668
CCC(CCCC(C)C)C(C)C,21.147,179.5,3.097702047
CCC(CCC(C)C)CC(C)C,21.147,179.5,3.097702047
CCCCC(CC)C(C)(C)CC,20.669,211.92,3.075882668
CCCC(CC)CC(C)(C)CC,20.669,211.92,3.075882668
CCC(CC)CCC(C)(C)CC,20.669,211.92,3.075882668
CCCCC(C)C(C)(CC)CC,20.669,211.92,3.075882668
CCCCC(C)(CC)C(C)CC,20.669,211.92,3.075882668
CCCC(CC)C(C)C(C)CC,21.147,179.5,3.097702047
CCC(CC)CC(C)C(C)CC,21.147,179.5,3.097702047
CCCC(C)CC(C)(CC)CC,20.669,211.92,3.075882668
CCCC(C)C(CC)C(C)CC,21.147,179.5,3.097702047
CCCC(C)(CC)CC(C)CC,20.669,211.92,3.075882668
CCC(C)CC(C)C(CC)CC,21.147,179.5,3.097702047
CCC(C)CCC(C)(CC)CC,20.669,211.92,3.075882668
CCC(C)CC(CC)C(C)CC,21.147,179.5,3.097702047
CCCCC(C)(C)C(CC)CC,20.669,211.92,3.075882668
CCCC(CC)C(C)(C)CCC,20.669,211.92,3.075882668
CCCC(C)(C)CC(CC)CC,20.669,211.92,3.075882668
CCCC(C)C(C)C(CC)CC,21.147,179.5,3.097702047
CCCC(C)C(C)(CC)CCC,20.669,211.92,3.075882668
CCCCCC(C)(C)C(C)(C)C,18.012,229.34,2.945070359
CCCCC(C)C(C)C(C)(C)C,18.564,196.92,2.973691143
CCCC(C)CC(C)C(C)(C)C,18.564,196.92,2.973691143
CCC(C)CCC(C)C(C)(C)C,18.564,196.92,2.973691143
CC(C)CCCC(C)C(C)(C)C,18.564,196.92,2.973691143
CCCCC(C)(C)CC(C)(C)C,18.012,229.34,2.945070359
CCCC(C)C(C)CC(C)(C)C,18.564,196.92,2.973691143
CCC(C)CC(C)CC(C)(C)C,18.564,196.92,2.973691143
CC(C)CCC(C)CC(C)(C)C,18.564,196.92,2.973691143
CCCC(C)(C)CCC(C)(C)C,18.012,229.34,2.945070359
CCC(C)C(C)CCC(C)(C)C,18.564,196.92,2.973691143
CC(C)CC(C)CCC(C)(C)C,18.564,196.92,2.973691143
CCC(C)(C)CCCC(C)(C)C,18.012,229.34,2.945070359
CC(C)C(C)CCCC(C)(C)C,18.564,196.92,2.973691143
CC(C)(C)CCCCC(C)(C)C,18.012,229.34,2.945070359
CCCCC(C)C(C)(C)C(C)C,18.564,196.92,2.973691143
CCCC(C)CC(C)(C)C(C)C,18.564,196.92,2.973691143
CCC(C)CCC(C)(C)C(C)C,18.564,196.92,2.973691143
CC(C)CCCC(C)(C)C(C)C,18.564,196.92,2.973691143
CCCCC(C)(C)C(C)C(C)C,18.564,196.92,2.973691143
CCCC(C)C(C)C(C)C(C)C,19.116,164.5,3.001515518
CCC(C)CC(C)C(C)C(C)C,19.116,164.5,3.001515518
CC(C)CCC(C)C(C)C(C)C,19.116,164.5,3.001515518
CCCC(C)(C)CC(C)C(C)C,18.564,196.92,2.973691143
CCC(C)C(C)CC(C)C(C)C,19.116,164.5,3.001515518
CC(C)CC(C)CC(C)C(C)C,19.116,164.5,3.001515518
CCC(C)(C)CCC(C)C(C)C,18.564,196.92,2.973691143
CC(C)C(C)CCC(C)C(C)C,19.116,164.5,3.001515518
CCCC(C)C(C)(C)CC(C)C,18.564,196.92,2.973691143
CCC(C)CC(C)(C)CC(C)C,18.564,196.92,2.973691143
CC(C)CCC(C)(C)CC(C)C,18.564,196.92,2.973691143
CCCC(C)(C)C(C)CC(C)C,18.564,196.92,2.973691143
CCC(C)C(C)C(C)CC(C)C,19.116,164.5,3.001515518
CC(C)CC(C)C(C)CC(C)C,19.116,164.5,3.001515518
CCC(C)(C)CC(C)CC(C)C,18.564,196.92,2.973691143
CCC(C)C(C)(C)CCC(C)C,18.564,196.92,2.973691143
CCC(C)(C)C(C)CCC(C)C,18.564,196.92,2.973691143
CCCCC(C)(C)C(C)(C)CC,18.012,229.34,2.945070359
CCCC(C)C(C)C(C)(C)CC,18.564,196.92,2.973691143
CCC(C)CC(C)C(C)(C)CC,18.564,196.92,2.973691143
CCCC(C)(C)CC(C)(C)CC,18.012,229.34,2.945070359
CCC(C)C(C)CC(C)(C)CC,18.564,196.92,2.973691143
CCC(C)(C)CCC(C)(C)CC,18.012,199.87,2.945070359
CCCC(C)C(C)(C)C(C)CC,18.564,196.92,2.973691143
CCC(C)CC(C)(C)C(C)CC,18.564,196.92,2.973691143
CCCC(C)(C)C(C)C(C)CC,18.564,196.92,2.973691143
CCC(C)C(C)C(C)C(C)CC,19.116,164.5,3.001515518
CCCC(C)(C)C(C)(C)CCC,18.012,229.34,2.945070359
CCCC(CC(C)C)C(C)(C)C,18.564,196.92,2.973691143
CCCC(C(C)CC)C(C)(C)C,18.564,196.92,2.973691143
CCCC(C)(CCC)C(C)(C)C,18.012,229.34,2.945070359
CCCC(CCC)C(CC)CC,19.79,194.5,3.034472102
CCCC(CC)(CCC)CCC,19.422,226.92,3.016612751
CCCC(C(C)C)C(CC)CC,16.267,179.5,2.848797165
CCCC(CC)(CCC)C(C)C,15.899,211.92,2.827254449
CCCC(CCC)CC(C)(C)C,15.899,211.92,2.827254449
CCCC(CCC)C(C)C(C)C,16.267,179.5,2.848797165
CCCC(C)(CCC)CC(C)C,15.899,211.92,2.827254449
CCCC(CC(C)C)C(C)CC,16.267,179.5,2.848797165
CCCC(CC(C)C)CC(C)C,16.267,179.5,2.848797165
CCCC(CCC)C(C)(C)CC,15.899,211.92,2.827254449
CCCC(C)(CCC)C(C)CC,15.899,211.92,2.827254449
CCCC(C(C)CC)C(C)CC,16.267,179.5,2.848797165
CCCCC(C(C)C)C(C)(C)C,16.089,196.92,2.838434982
CCCC(CC(C)(C)C)C(C)C,16.089,196.92,2.838434982
CCCCC(C)(C(C)C)C(C)C,16.089,196.92,2.838434982
CCCC(C(C)C)C(C)C(C)C,16.567,164.5,2.866022142
CCCC(C)C(C(C)C)C(C)C,16.567,164.5,2.866022142
CCCC(C)(CC(C)C)C(C)C,16.089,196.92,2.838434982
CCC(C)CC(C(C)C)C(C)C,16.567,164.5,2.866022142
CCC(C)C(CC(C)C)C(C)C,16.567,164.5,2.866022142
CC(C)CCC(C(C)C)C(C)C,16.567,164.5,2.866022142
CC(C)CC(CC(C)C)C(C)C,16.567,164.5,2.866022142
CCCC(C(C)C)C(C)(C)CC,16.089,196.92,2.838434982
CCCC(C)(C(C)C)C(C)CC,16.089,196.92,2.838434982
CCC(C)C(C(C)C)C(C)CC,16.567,164.5,2.866022142
CCCCC(CC)(CC)C(C)C,20.669,211.92,3.075882668
CCCC(CC)C(CC)C(C)C,21.147,179.5,3.097702047
CCC(CC)CC(CC)C(C)C,21.147,179.5,3.097702047
CCCC(CC)(CC)CC(C)C,20.669,211.92,3.075882668
CCC(CC)C(CC)CC(C)C,21.147,179.5,3.097702047
CCC(CC)(CC)CCC(C)C,20.669,211.92,3.075882668
CCCC(CC)C(C)(CC)CC,20.669,211.92,3.075882668
CCC(CC)CC(C)(CC)CC,20.669,211.92,3.075882668
CCCC(CC)(CC)C(C)CC,20.669,211.92,3.075882668
CCC(C)C(CC)C(CC)CC,21.147,179.5,3.097702047
CCC(C)CC(CC)(CC)CC,20.669,211.92,3.075882668
CCCC(C)C(CC)(CC)CC,20.669,211.92,3.075882668
CCCC(C)(CC)C(CC)CC,20.669,211.92,3.075882668
CCC(CC)C(C)C(CC)CC,21.147,179.5,3.097702047
CCCCC(C)(CC)C(C)(C)C,18.012,229.34,2.945070359
CCCC(CC)C(C)C(C)(C)C,18.564,196.92,2.973691143
CCC(CC)CC(C)C(C)(C)C,18.564,196.92,2.973691143
CCCC(C)C(CC)C(C)(C)C,18.564,196.92,2.973691143
CCCC(C)(CC)CC(C)(C)C,18.012,229.34,2.945070359
CCC(CC)C(C)CC(C)(C)C,18.564,196.92,2.973691143
CCC(C)CC(CC)C(C)(C)C,18.564,196.92,2.973691143
CCC(C)C(CC)CC(C)(C)C,18.564,196.92,2.973691143
CCC(C)(CC)CCC(C)(C)C,18.012,229.34,2.945070359
CCC(CCC(C)C)C(C)(C)C,18.564,196.92,2.973691143
CCC(CC(C)C)CC(C)(C)C,18.564,196.92,2.973691143
CCC(CCC(C)(C)C)C(C)C,18.564,196.92,2.973691143
CCCC(CC)C(C)(C)C(C)C,18.564,196.92,2.973691143
CCC(CC)CC(C)(C)C(C)C,18.564,196.92,2.973691143
CCCC(C)C(C)(CC)C(C)C,18.564,196.92,2.973691143
CCCC(C)(CC)C(C)C(C)C,18.564,196.92,2.973691143
CCC(CC)C(C)C(C)C(C)C,19.116,164.5,3.001515518
CCC(C)CC(C)(CC)C(C)C,18.564,196.92,2.973691143
CCC(C)C(CC)C(C)C(C)C,19.116,164.5,3.001515518
CCC(C)(CC)CC(C)C(C)C,18.564,196.92,2.973691143
CCC(C)(CCC(C)C)C(C)C,18.564,196.92,2.973691143
CCC(CC(C)C)C(C)C(C)C,19.116,164.5,3.001515518
CCC(CC(C)C(C)C)C(C)C,19.116,164.5,3.001515518
CCCC(C)(C)C(CC)C(C)C,18.564,196.92,2.973691143
CCC(CC)C(C)(C)CC(C)C,18.564,196.92,2.973691143
CCC(C)C(C)C(CC)C(C)C,19.116,164.5,3.001515518
CCC(C)C(C)(CC)CC(C)C,18.564,196.92,2.973691143
CCC(C)(CC)C(C)CC(C)C,18.564,196.92,2.973691143
CCC(C(C)C)C(C)CC(C)C,19.116,164.5,3.001515518
CCC(C)(CC(C)C)CC(C)C,18.564,196.92,2.973691143
CCC(CC(C)(C)CC)C(C)C,18.564,196.92,2.973691143
CCC(CC(C)C)C(C)(C)CC,18.564,196.92,2.973691143
CCCC(C)(CC)C(C)(C)CC,18.012,229.34,2.945070359
CCC(CC)C(C)C(C)(C)CC,18.564,196.92,2.973691143
CCC(C)C(CC)C(C)(C)CC,18.564,196.92,2.973691143
CCC(C)(C)CC(C)(CC)CC,18.012,229.34,2.945070359
CCCC(C)(C)C(C)(CC)CC,18.012,229.34,2.945070359
CCC(C)C(C)(C)C(CC)CC,18.564,196.92,2.973691143
CCC(C)C(C)C(C)(CC)CC,18.564,196.92,2.973691143
CCC(C)C(C)(CC)C(C)CC,18.564,196.92,2.973691143
CCCC(C)C(C)(C)C(C)(C)C,12.728,214.34,2.619437543
CCC(C)CC(C)(C)C(C)(C)C,12.728,214.34,2.619437543
CC(C)CCC(C)(C)C(C)(C)C,12.728,214.34,2.619437543
CCCC(C)(C)C(C)C(C)(C)C,12.728,214.34,2.619437543
CCC(C)C(C)C(C)C(C)(C)C,13.28,181.92,2.658859957
CC(C)CC(C)C(C)C(C)(C)C,13.28,181.92,2.658859957
CCC(C)(C)CC(C)C(C)(C)C,12.728,214.34,2.619437543
CC(C)C(C)CC(C)C(C)(C)C,13.28,181.92,2.658859957
CC(CCC(C)(C)C)C(C)(C)C,12.728,214.34,2.619437543
CCC(C)C(C)(C)CC(C)(C)C,12.728,214.34,2.619437543
CC(C)CC(C)(C)CC(C)(C)C,12.728,214.34,2.619437543
CCC(C)(C)C(C)CC(C)(C)C,12.728,214.34,2.619437543
CC(C)C(C)C(C)CC(C)(C)C,13.28,181.92,2.658859957
CC(CC(C)(C)C)CC(C)(C)C,12.728,206.15,2.619437543
CC(C)C(C)(C)CCC(C)(C)C,12.728,214.34,2.619437543
CCCC(C)(C)C(C)(C)C(C)C,12.728,214.34,2.619437543
CCC(C)C(C)C(C)(C)C(C)C,13.28,181.92,2.658859957
CC(C)CC(C)C(C)(C)C(C)C,13.28,181.92,2.658859957
CCC(C)(C)CC(C)(C)C(C)C,12.728,214.34,2.619437543
CC(C)C(C)CC(C)(C)C(C)C,13.28,181.92,2.658859957
CCC(C)C(C)(C)C(C)C(C)C,13.28,181.92,2.658859957
CC(C)CC(C)(C)C(C)C(C)C,13.28,181.92,2.658859957
CCC(C)(C)C(C)C(C)C(C)C,13.28,181.92,2.658859957
CC(C)C(C)C(C)C(C)C(C)C,13.832,149.5,2.696787009
CCC(C)(C)C(C)(C)CC(C)C,12.728,214.34,2.619437543
CCC(C)C(C)(C)C(C)(C)CC,12.728,214.34,2.619437543
CCC(C)(C)C(C)C(C)(C)CC,12.728,214.34,2.619437543
CCCC(C(C)(C)C)C(C)(C)C,12.728,214.34,2.619437543
CCCC(CC)(C(C)C)C(C)C,20.669,211.92,3.075882668
CCC(CC)C(C(C)C)C(C)C,21.147,179.5,3.097702047
CCCC(C)(C(C)C)C(C)(C)C,12.728,214.34,2.619437543
CCC(C)C(C(C)C)C(C)(C)C,13.28,181.92,2.658859957
CC(C)CC(C(C)C)C(C)(C)C,13.28,181.92,2.658859957
CC(C)C(CC(C)(C)C)C(C)C,13.28,181.92,2.658859957
CCC(C)C(C)(C(C)C)C(C)C,13.28,181.92,2.658859957
CC(C)CC(C)(C(C)C)C(C)C,13.28,181.92,2.658859957
CC(C)C(C)C(C(C)C)C(C)C,13.832,149.5,2.696787009
CCC(C)(C)C(C(C)C)C(C)C,13.28,181.92,2.658859957
CCC(CC)C(CC)(CC)CC,15.899,211.92,2.827254449
CCCC(CC)(CC)C(C)(C)C,15.61,229.34,2.810004924
CCC(CC)C(CC)C(C)(C)C,16.089,196.92,2.838434982
CCC(CC)(CC)CC(C)(C)C,15.61,229.34,2.810004924
CCC(CC)C(C)(CC)C(C)C,16.089,196.92,2.838434982
CCC(CC)(CC)C(C)C(C)C,16.089,196.92,2.838434982
CCC(C)C(CC)(CC)C(C)C,16.089,196.92,2.838434982
CCC(C(C)C)C(C)(CC)CC,16.089,196.92,2.838434982
CCC(CC)(CC(C)C)C(C)C,16.089,196.92,2.838434982
CCC(C(C)C)C(CC)C(C)C,16.567,164.5,2.866022142
CCC(C)(C)C(CC)(CC)CC,15.61,229.34,2.810004924
CCC(C)(CC)C(C)(CC)CC,15.61,229.34,2.810004924
CCC(CC)C(C)(C)C(C)(C)C,12.728,214.34,2.619437543
CCC(C)C(C)(CC)C(C)(C)C,12.728,214.34,2.619437543
CCC(C)(CC)C(C)C(C)(C)C,12.728,214.34,2.619437543
CCC(C)(CC(C)C)C(C)(C)C,12.728,214.34,2.619437543
CCC(C(C)C)C(C)C(C)(C)C,13.28,181.92,2.658859957
CCC(C(C)(C)C)C(C)(C)CC,12.728,214.34,2.619437543
CCC(C(C)C(C)C)C(C)(C)C,13.28,181.92,2.658859957
CCC(C)(CC(C)(C)C)C(C)C,12.728,214.34,2.619437543
CCC(CC(C)(C)C)C(C)(C)C,12.728,214.34,2.619437543
CCC(C)(CC)C(C)(C)C(C)C,12.728,214.34,2.619437543
CCC(C(C)C)C(C)(C)C(C)C,13.28,181.92,2.658859957
CCC(C)(C)C(C)(CC)C(C)C,12.728,214.34,2.619437543
CCC(C)(C(C)C)C(C)C(C)C,13.28,181.92,2.658859957
CCC(C)(C)C(C)(C)C(C)(C)C,9.188,231.76,2.321210557
CC(C)C(C)C(C)(C)C(C)(C)C,9.924,199.34,2.390962204
CC(C)(C)CC(C)(C)C(C)(C)C,9.188,231.76,2.321210557
CC(C)C(C)(C)C(C)C(C)(C)C,9.924,199.34,2.390962204
CC(C(C)C(C)(C)C)C(C)(C)C,9.924,199.34,2.390962204
CC(C)C(C)(C)C(C)(C)C(C)C,9.924,199.34,2.390962204
CCC(C(C)C)(C(C)C)C(C)C,8.853,181.92,2.287775977
CCC(CC)(C(C)C)C(C)(C)C,8.485,214.34,2.249711603
CC(C)C(C)(C(C)C)C(C)(C)C,9.924,199.34,2.390962204
CC(C)C(C(C)(C)C)C(C)(C)C,9.924,199.34,2.390962204
CCC(C)(C(C)(C)C)C(C)(C)C,9.188,231.76,2.321210557
CCCCCCCCCC(C)C,23.313,227,3.191011187
CCCCCCCCCCCCO,40.2,296.95,3.718438256
CCCCCCCCCCC(C)O,31.511,292.15,3.481578494
CCCCCCCCCC(O)CC,34.142,298.15,3.559396996
CCCCCCC(O)CCCCC,34.142,303.15,3.559396996
CCCCCCCCCC(C)CO,34.142,280.73,3.559396996
CCCCCCCCC(O)C(C)C,34.142,280.73,3.559396996
CCCCCCC(O)CCC(C)C,34.142,280.73,3.559396996
CCCCCCC(CO)CCCC,34.142,280.73,3.559396996
CCCCCCOCCCCCC,30.5,230.15,3.449987546
CCCCOCCOCCOCCCC,30.6,212.95,3.453157121
CCCCCCCCCCCCS,39,265.15,3.688879454
CCCCCCCCCCC(C)S,32.826,256.15,3.521229738
CCCCCCSCCCCCC,30.966,259.16,3.464672838
CCCCCCCCCCCSC,30.966,259.16,3.464672838
CCCCCCCCCCSCC,30.966,259.16,3.464672838
CCCCCCCCCSCCC,30.966,259.16,3.464672838
CCCCCCCCSCCCC,30.966,259.16,3.464672838
CCCCCCSSCCCCCC,28.077,225.16,3.369947484
CCCCCCCCCCCCN,43.5,301.47,3.795489189
CCCCCCCCCCCNC,31.845,260.09,3.491799526
CCCCCCCCCCNCC,31.845,260.09,3.491799526
CCCCCCNCCCCCC,31.845,260.09,3.491799526
CCCCCCCCCCN(C)C,29.857,229.15,3.429363629
CCCCCCCCN(CC)CC,31.597,227.83,3.48422026
CCCCN(CCCC)CCCC,29.857,203,3.429363629
CC(C)CN(CC(C)C)CC(C)C,31.597,251.35,3.48422026
O=c1c2ccccc2oc2ccccc12,26.12,449.63,3.300271463
c1ccc2nc3ccccc3cc2c1,20.682,383.24,3.076482423
O=C(c1ccccc1)c1ccccc1,18.194,321.03,2.95459773
CC1(c2ccccc2)C=CC=CC1,17.119,273.15,2.896961111
Cc1cccc(-c2ccccc2)c1,17.119,277.85,2.896961111
Cc1ccc(-c2ccccc2)cc1,17.119,321.15,2.896961111
Cc1ccccc1-c1ccccc1,17.076,272.95,2.894585092
Cc1ccccc1-c1ccccc1,17.076,297.2,2.894585092
CCCc1cccc2ccccc12,20.097,264.69,3.04913085
CCCc1ccc2ccccc2c1,20.097,270.16,3.04913085
CC(C)c1cccc2ccccc12,16.574,257.61,2.866420537
CC(C)c1ccc2ccccc2c1,16.574,288.31,2.866420537
CCc1ccc2ccccc2c1C,19.708,338.14,3.030520099
CCc1cc(C)c2ccccc2c1,19.708,338.14,3.030520099
CCc1ccc(C)c2ccccc12,19.708,338.14,3.030520099
CCc1cccc2c(C)cccc12,19.708,313.15,3.030520099
CCc1ccc2c(C)cccc2c1,19.708,338.14,3.030520099
CCc1ccc2cccc(C)c2c1,19.708,370.15,3.030520099
CCc1cccc2cccc(C)c12,19.708,338.14,3.030520099
CCc1c(C)ccc2ccccc12,19.708,338.14,3.030520099
CCc1cc2ccccc2cc1C,19.708,344.16,3.030520099
CCc1cc(C)cc2ccccc12,19.708,338.14,3.030520099
CCc1cccc2cc(C)ccc12,19.708,338.14,3.030520099
CCc1ccc2cc(C)ccc2c1,19.708,318.16,3.030520099
CCc1ccc2ccc(C)cc2c1,19.708,318.16,3.030520099
CCc1cccc2ccc(C)cc12,19.708,338.14,3.030520099
Cc1cc2ccccc2c(C)c1C,19.319,301.15,3.011556409
Cc1cc(C)c2ccccc2c1C,19.319,325.15,3.011556409
Cc1ccc2c(C)cccc2c1C,19.319,306.65,3.011556409
Cc1ccc2c(C)c(C)ccc2c1,19.319,287.15,3.011556409
Cc1ccc2ccc(C)c(C)c2c1,19.319,416.15,3.011556409
Cc1ccc2cccc(C)c2c1C,19.319,417.15,3.011556409
Cc1cc(C)c2cccc(C)c2c1,19.319,319.15,3.011556409
Cc1ccc2c(C)cc(C)cc2c1,19.319,338.14,3.011556409
Cc1cc(C)c2cc(C)ccc2c1,19.319,286.15,3.011556409
Cc1cc(C)c2c(C)cccc2c1,19.319,321.15,3.011556409
Cc1ccc(C)c2c(C)cccc12,19.319,335.15,3.011556409
Cc1ccc2c(C)ccc(C)c2c1,19.319,338.14,3.011556409
Cc1cc2cccc(C)c2cc1C,19.319,298.15,3.011556409
Cc1ccc2cc(C)c(C)cc2c1,19.319,375.15,3.011556409
CCCC1CCCc2ccccc21,19.113,254.84,3.001366372
CCCC1CCc2ccccc2C1,19.113,265.65,3.001366372
Cc1ccc2c(c1)CCCC2(C)C,19.121,260.25,3.001764046
Cc1ccc(C)c2c1CCC2(C)C,19.121,260.25,3.001764046
Cc1cc(C)c2c(c1)C(C)(C)CC2,19.121,260.25,3.001764046
Cc1ccc(C)c2c1CCC(C)C2,19.121,260.25,3.001764046
CCCCCCCc1ccccc1,21.801,225.15,3.126804395
Cc1ccc(C(C)C)cc1C(C)C,22.147,228.72,3.141865183
Cc1cc(C(C)C)cc(C(C)C)c1,22.147,212.35,3.141865183
CC(C)C(c1ccccc1)C(C)C,22.147,248.65,3.141865183
CC(C)CC(C)Cc1ccccc1,22.147,228.72,3.141865183
CCCCCCCc1ccc(O)cc1,26,297.15,3.295836866
CCC(C)c1cccc(C(C)C)c1O,26,297.15,3.295836866
CCCCCCCc1ccccc1O,26,297.15,3.295836866
C#CCCCCCCCCCCC,32.4,268.16,3.5085559
CC#CCCCCCCCCCC,32.546,341.87,3.512917631
CCC#CCCCCCCCCC,32.546,341.87,3.512917631
CCCCCCCCC1=CCCC1,24.583,211.86,3.241928068
CCCCCCCCCCC/C=C\Br,34.913,290.49,3.581099347
CCCCCCCCCCC/C=C/Br,34.913,290.49,3.581099347
CCCCCCCCCCCCC(Br)(Br)Br,37.867,417.59,3.660145562
CCCCCCCCCCC/C=C\Cl,33.825,260.61,3.55033552
CCCCCCCCCCC/C=C/Cl,33.825,260.61,3.55033552
CCCCCCCCCCCCC(Cl)(Cl)Cl,34.603,327.95,3.572429904
CCCCCCCCCCC/C=C\F,32.708,262.84,3.517735198
CCCCCCCCCCC/C=C/F,32.708,262.84,3.517735198
CCCCCCCCCCCCC(F)(F)F,31.252,334.64,3.473580057
CCCCCCCCCCC/C=C\I,34.034,288.75,3.556319019
CCCCCCCCCCC/C=C/I,34.034,288.75,3.556319019
CCCCCCCCCCCCC(I)(I)I,35.23,412.37,3.589887505
CCCCCCCCCCCCC#N,30.932,283.05,3.463608642
CCCCCCCCC1CCCC1,23.361,229.16,3.192983493
CCCCCCCC1CCCCC1,25.941,242.66,3.29364929
CCCCC1C(C)CCCC1(C)C,25.941,242.66,3.29364929
C=CCCCCCCCCCCC,22.83,250.08,3.170945291
C=C(C)CCCCCCCCCC,26.836,241.94,3.326330147
CCCC=C(CCCC)CCCC,24.873,246.01,3.253199954
CCCCCCCCCCCCC(Br)Br,36.473,340.37,3.623620674
BrCCCCCCCCCCCCCBr,33.354,282.15,3.53671846
CCCCCCCCCCCCC(Cl)Cl,34.297,280.61,3.563797974
CCCCCCCCCCCCC(F)F,32.063,285.07,3.498414832
CCCCCCCCCCCCC(I)I,34.715,336.89,3.575570769
CCCCCCCCCCCCC=O,46.1,288.15,3.852273001
CCCCCCCCCCCC(C)=O,40.333,300.65,3.721661212
CCCCCCCCCCC(=O)CC,40.735,304.15,3.731340105
CCCCCCC(=O)CCCCCC,40.735,306.15,3.731340105
CCCCCCCCCCC(C)C(=O)O,32.67,295.15,3.516607233
CCCCCCCCCCCCOC=O,35.477,294.47,3.596681925
CCCCCCCCCCCOC(C)=O,33.795,266.35,3.549473698
CCCCCCCCCCOC(=O)CC,33.795,278.1,3.549473698
CCCCCCCCCOC(=O)CCC,33.795,278.1,3.549473698
CCCCCCCCOC(=O)CCCC,28.255,230.85,3.376050499
CCCCCCCOC(=O)CCCCC,28.255,238.75,3.376050499
CCCCCCOC(=O)CCCCCC,28.255,225.15,3.376050499
CCCCCCCC(=O)OCCCCC,28.255,238.35,3.376050499
CCCCCCCCC(=O)OCCCC,26,235.15,3.295836866
CCCCCCCCCC(=O)OCCC,28.255,243.51,3.376050499
CCCCCCCCCC(=O)OC(C)C,28.255,243.51,3.376050499
CCCCCCCCCCC(=O)OCC,28.255,258.15,3.376050499
CCCCCCCC(=O)OCCC(C)C,28.255,243.51,3.376050499
CCCCCCCCCCCCCBr,34.711,279.35,3.575458765
CCCCCCCCCCCCCCl,33.623,273.85,3.544518201
CCCCCCCCCCCCCF,32.506,276.15,3.511724527
CCCCCCCCCCCCCI,33.832,285.45,3.550536504
CCCCCCCCCCCCC[N+](=O)[O-],36.708,379.38,3.629872274
CCCCCCCCCCC(C)C,25.903,247.15,3.292237805
CCCCCCCCCC(C)CC,25.903,220.15,3.292237805
CCCCCCCCCC(C)(C)C,22.012,238.19,3.136015819
CCCCCCCCC(C)C(C)C,22.38,205.77,3.151880956
CCCCCCCC(C)CC(C)C,22.38,205.77,3.151880956
CCCCC(CCCC)CCCC,24.574,230.8,3.24157621
CCCCCCCCCCCC(C)O,34.49,295.15,3.569250967
CCCCCCCCCCC(O)CC,37.884,305.15,3.660582855
CCCCC(O)(CCCC)CCCC,37.884,293.15,3.660582855
CCCCCCCCCCCCCS,40.162,282.04,3.717515501
CCCCCCCCCCCC(C)S,35.934,263.15,3.609132536
CCCCCCCCCCCCSC,33.556,271.16,3.542581196
CCCCCCCCCCCSCC,33.556,271.16,3.542581196
CCCCCCCCCCSCCC,33.556,271.16,3.542581196
CCCCCCCCCSCCCC,33.556,271.16,3.542581196
CCCCCCCCCCCCCN,41.548,299.15,3.75063285
CCCCCCCCCCCCNC,34.435,291.15,3.567700032
CCCCCCCCCCCNCC,34.435,291.15,3.567700032
CCCCCCCCCCCN(C)C,41.548,299.15,3.75063285
CCCCCCCCCN(CC)CC,41.548,299.15,3.75063285
CC(C)CCCC(C)NCCC(C)C,34.435,291.15,3.567700032
CCC(C)(C)NC(C)(C)CC(C)(C)C,34.435,291.15,3.567700032
CCCCCCN(C)CCCCCC,41.548,299.15,3.75063285
O=C1c2ccccc2C(=O)c2ccccc21,32.552,559.15,3.513096474
c1ccc2cc3ccccc3cc2c1,29.4,489.25,3.414442608
C(#Cc1ccccc1)c1ccccc1,21.402,335.65,3.109150241
c1ccc2c(c1)ccc1ccccc12,16.46,372.38,2.85991255
C(=C\c1ccccc1)\c1ccccc1,27.608,268.15,3.353686399
C(=C/c1ccccc1)\c1ccccc1,27.7,397.35,3.356897123
C=C(c1ccccc1)c1ccccc1,17.508,281.41,2.918203071
c1ccc2c(c1)Cc1ccccc1C2,23.84,382.18,3.212455257
C(=Cc1ccccc1)c1ccccc1,27.829,397.55,3.361381825
CC(c1ccccc1)c1ccccc1,17.573,255.2,2.921708913
c1ccc(CCc2ccccc2)cc1,23.01,324.34,3.17847041
Cc1ccccc1Cc1ccccc1,19.709,279.79,3.030568388
Cc1cccc(Cc2ccccc2)c1,19.709,245.35,3.030568388
Cc1ccc(Cc2ccccc2)cc1,19.709,277.76,3.030568388
Cc1ccccc1-c1ccccc1C,19.32,291.15,3.011605623
Cc1cccc(-c2cccc(C)c2)c1,19.32,280.15,3.011605623
Cc1ccc(-c2cccc(C)c2)cc1,19.32,288.15,3.011605623
Cc1ccc(-c2ccc(C)cc2)cc1,19.32,394.15,3.011605623
CCc1ccccc1-c1ccccc1,19.709,267.05,3.030568388
CCc1cccc(-c2ccccc2)c1,19.709,245.65,3.030568388
CCc1ccc(-c2ccccc2)cc1,19.709,320.15,3.030568388
Cc1cccc(-c2ccccc2)c1C,19.32,315.15,3.011605623
Cc1ccc(-c2ccccc2)cc1C,19.32,302.65,3.011605623
Cc1cccc(C)c1-c1ccccc1,19.32,270.65,3.011605623
Cc1ccc(-c2ccccc2)c(C)c1,19.32,322.15,3.011605623
Cc1cc(C)cc(-c2ccccc2)c1,19.32,322.15,3.011605623
Cc1ccc(C)c(-c2ccccc2)c1,19.32,322.15,3.011605623
Cc1ccc(C)c(-c2ccccc2)c1,19.661,301.14,3.028247865
Cc1ccc(-c2ccccc2)c(C)c1,19.661,301.14,3.028247865
Cc1cc(C)cc(-c2ccccc2)c1,19.661,295.65,3.028247865
c1ccc(COCc2ccccc2)cc1,20.209,276.75,3.05442562
CCCCc1cccc2ccccc12,25.1,253.43,3.261935314
CCCCc1ccc2ccccc2c1,22.687,268.16,3.164926374
CCC(C)c1cccc2ccccc12,19.164,333.04,3.003898836
CCC(C)c1ccc2ccccc2c1,19.164,333.04,3.003898836
CC(C)Cc1cccc2ccccc12,19.164,263.75,3.003898836
CC(C)Cc1ccc2ccccc2c1,19.164,333.04,3.003898836
CC(C)(C)c1cccc2ccccc12,15.273,262.15,2.789507293
CC(C)(C)c1ccc2ccccc2c1,15.273,268.15,2.789507293
CCCc1ccc2ccccc2c1C,22.298,333.04,3.14836752
CCCc1c(C)ccc2ccccc12,22.298,333.04,3.14836752
CCCc1cc2ccccc2cc1C,22.298,333.04,3.14836752
Cc1ccc2ccccc2c1C(C)C,18.775,333.04,2.984418514
Cc1cc2ccccc2cc1C(C)C,18.775,333.04,2.984418514
Cc1cc(C(C)C)cc2ccccc12,18.775,333.04,2.984418514
Cc1ccc(C(C)C)c2ccccc12,18.775,333.04,2.984418514
Cc1cccc2cc(C(C)C)ccc12,18.775,333.04,2.984418514
Cc1cccc2ccc(C(C)C)cc12,18.775,333.04,2.984418514
Cc1ccc2cccc(C(C)C)c2c1,18.775,333.04,2.984418514
CCc1ccc2ccccc2c1CC,22.298,333.04,3.14836752
CCc1ccc(CC)c2ccccc12,22.298,293.15,3.14836752
CCc1ccc2c(CC)cccc2c1,22.298,333.04,3.14836752
CCc1ccc2cccc(CC)c2c1,22.298,333.04,3.14836752
CCc1cc2ccccc2cc1CC,22.298,333.04,3.14836752
CCc1ccc2cc(CC)ccc2c1,20.3,322.15,3.058707073
CCc1c(C)cc(C)c2ccccc12,21.909,333.04,3.131529846
CCc1ccc(C)c2cc(C)ccc12,21.909,333.04,3.131529846
CCc1cc2c(C)cccc2cc1C,21.909,333.04,3.131529846
CCc1cc(C)c(C)c2ccccc12,21.909,333.04,3.131529846
CCc1cccc2c(C)cc(C)cc12,21.909,303.15,3.131529846
CCc1cccc2c(C)ccc(C)c12,21.909,265.15,3.131529846
CCc1ccc2c(C)cc(C)cc2c1,21.909,333.04,3.131529846
CCc1ccc2c(C)ccc(C)c2c1,21.909,333.04,3.131529846
CCc1ccc2ccc(C)c(C)c2c1,21.909,333.04,3.131529846
Cc1c(C)c(C)c2ccccc2c1C,21.52,379.15,3.114403803
Cc1ccc2c(C)c(C)c(C)cc2c1,21.52,332.15,3.114403803
Cc1ccc2c(C)c(C)cc(C)c2c1,21.52,317.15,3.114403803
Cc1ccc2c(C)cc(C)c(C)c2c1,21.52,270.15,3.114403803
Cc1cc(C)c2cccc(C)c2c1C,21.52,329.15,3.114403803
Cc1ccc2c(C)c(C)ccc2c1C,21.52,387.15,3.114403803
Cc1ccc2c(C)ccc(C)c2c1C,21.52,333.04,3.114403803
Cc1cc(C)c2c(C)c(C)ccc2c1,21.52,333.04,3.114403803
Cc1cc(C)c2c(C)ccc(C)c2c1,21.52,329.15,3.114403803
Cc1cc(C)c2cc(C)c(C)cc2c1,21.52,318.15,3.114403803
Cc1ccc(C)c2c(C)ccc(C)c12,21.52,404.15,3.114403803
Cc1cc2c(C)ccc(C)c2cc1C,21.52,336.15,3.114403803
Cc1cc2cc(C)c(C)cc2cc1C,21.52,464.15,3.114403803
Cc1ccc2cccc(C(C)C)c2c1,21.207,327.4,3.100407554
Cc1cc(C)c2c(C)cc(C)cc2c1,21.207,357.65,3.100407554
CCCCC1CCCc2ccccc21,21.703,266.11,3.122497074
CCCCC1CCc2ccccc2C1,21.703,243.05,3.122497074
CCCCc1cccc2c1CCCC2,21.178,224.05,3.099100807
CC(C)Cc1cccc2c1CCCC2,21.178,258.45,3.099100807
CCc1ccc(CC)c(CC)c1CC,24.89,284.96,3.253856794
CCc1cc(CC)c(CC)c(CC)c1,24.89,284.16,3.253856794
CCc1cc(CC)c(CC)cc1CC,24.89,283.16,3.253856794
CCCCCCC(C)c1ccccc1,27.311,234.25,3.343250422
CC(C)(C)c1cccc(C(C)(C)C)c1,27.311,283.65,3.343250422
CC(C)(C)CC(C)(C)c1ccc(O)cc1,27,358.55,3.33220451
CC(C)(C)c1ccc(O)c(C(C)(C)C)c1,24.258,329.65,3.229142937
CCC(C)c1cccc(C(C)CC)c1O,24.258,231.15,3.229142937
CC(C)(C)c1cccc(C(C)(C)C)c1O,24.258,312.15,3.229142937
CCCCCCCCc1ccc(O)cc1,24.258,316.15,3.229142937
CC(C)(C)CC(C)(C)c1ccccc1O,24.258,346.15,3.229142937
CC(C)(C)c1cc(O)cc(C(C)(C)C)c1,24.258,361.15,3.229142937
CCCC(C)c1cccc(C(C)C)c1O,24.258,322.14,3.229142937
CCCCCCCCCC1=CCCC1,27.173,223.13,3.338364072
C#CCCCCCCCCCCCC,34.99,294.01,3.583241122
CCC#CCCCCCCCCCC,35.136,353.14,3.587289598
CCCCCCC#CCCCCCC,35.351,323.58,3.593221714
CCCCCCCCCCCC/C=C\Br,37.503,301.76,3.65073616
CCCCCCCCCCCC/C=C/Br,37.503,301.76,3.65073616
CCCCCCCCCCCCCC(Br)(Br)Br,40.457,428.86,3.724656745
CCCCCCCCCCCC/C=C\Cl,36.415,271.88,3.622071694
CCCCCCCCCCCC/C=C/Cl,36.415,271.88,3.622071694
CCCCCCCCCCCCCC(Cl)(Cl)Cl,37.193,339.22,3.642652253
CCCCCCCCCCCC/C=C\F,35.298,274.11,3.591762643
CCCCCCCCCCCC/C=C/F,35.298,274.11,3.591762643
CCCCCCCCCCCCCC(F)(F)F,33.842,345.91,3.550823556
CCCCCCCCCCCC/C=C\I,36.624,300.02,3.627642145
CCCCCCCCCCCC/C=C/I,36.624,300.02,3.627642145
CCCCCCCCCCCCCC(I)(I)I,37.82,423.64,3.658935578
CCCCCCCCCCCCCC#N,33.522,292.45,3.541596802
CCCCCCCCCC1CCCC1,33.129,244.16,3.530147463
CCCCCCCCC1CCCCC1,30.125,253.46,3.438011355
C=CCCCCCCCCCCCC,25.47,260.3,3.276012016
CC=CCCCCCCCCCCC,32.218,279.65,3.503091898
C=C(C)CCCCCCCCCCC,29.426,251.37,3.415297506
CCCCCC/C=C/CCCCCC,29.026,263.77,3.402063673
CCCCCCCCCCCCCC(Br)Br,39.063,351.64,3.690453215
BrCCCCCCCCCCCCCCBr,37.503,323.55,3.65073616
CCCCCCCCCCCCCC(Cl)Cl,36.887,291.88,3.634608045
CCCCCCCCCCCCCC(F)F,34.653,296.34,3.573833295
CCCCCCCCCCCCCC(I)I,37.305,348.16,3.645580436
CCCCCCCCCCCCCC=O,48.027,298.15,3.892371167
CCCCC(CC)CCC(=O)CC(C)C,49.862,311.33,3.929116083
CCCCCCCCCCC(=O)C(C)C,49.862,320.15,3.929116083
CCCCCCCCCCCC(=O)CC,49.862,307.15,3.929116083
CCCCCCCCCCCCCC(=O)O,45.1,327.55,3.83081295
CCCCCCCCCCCCCOC=O,38.067,305.74,3.665278121
CCCCCCCCCCCCOC(C)=O,36.385,274.25,3.621269554
CCCCCCCCCCCOC(=O)CC,36.385,289.37,3.621269554
CCCCCCCCCCOC(=O)CCC,36.385,289.37,3.621269554
CCCC(=O)OCCC(C)CCCC(C)C,36.385,289.37,3.621269554
CCCCCCCCCCCCCCBr,37.301,278.75,3.645476006
CC(C)CCCCCCCCCCCBr,37.301,278.75,3.645476006
CCCCCCCCCCCCCCCl,36.213,278.05,3.616658163
CCCCCCCCCCCCCCF,35.096,277.15,3.586182056
CCCCCCCCCCCCCCI,36.422,286.75,3.622258767
CCCCCCCCCCCCCC[N+](=O)[O-],39.039,390.65,3.689853979
CCCCCCCCCCCC(C)C,28.493,248.15,3.384152947
CCCCCCCCCCC(C)CC,28.493,235.65,3.384152947
CCCCCCCCCCC(C)(C)C,24.602,249.46,3.242670473
CCCCCCCCCC(C)C(C)C,24.97,217.04,3.256942026
CCCCCCCCC(C)CC(C)C,24.97,217.04,3.256942026
CCCCCCC(C)CCCCCC,29.079,235.95,3.403827254
CCCCCCCCCCCCC(C)O,32.581,307.15,3.513960431
CCCCCCCCCCCC(O)CC,39.975,304.65,3.712962125
CC(C)CCCCCCCCCCCO,39.975,283.65,3.712962125
CCCCCCCCCCC(O)C(C)C,39.975,293.15,3.712962125
CCCCCCCCCC(O)CC(C)C,39.975,301.79,3.712962125
CCCCCCCOCCCCCCC,33.204,269.27,3.532342596
CCCCCCCCCCCCCCS,43.27,279.26,3.790307247
CCCCCCCCCCCCC(C)S,39.042,274.15,3.689928903
CCCCCCCSCCCCCCC,36.146,343.15,3.614856094
CCCCCCCCCCCCCSC,36.146,276.16,3.614856094
CCCCCCCCCCCCSCC,36.146,276.16,3.614856094
CCCCCCCCCCCSCCC,36.146,276.16,3.614856094
CCCCCCCCCCSCCCC,36.146,276.16,3.614856094
CCCCCCCSSCCCCCCC,32.221,235.16,3.503182206
CCCCCCCCCCCCCCN,51,311.34,3.951243719
CCCCCCCCCCCCCNC,37.025,274.15,3.638243838
CCCCCCCCCCCCNCC,37.025,274.15,3.638243838
CCCCCCCNCCCCCCC,37.025,274.15,3.638243838
CCCCCCCCCCCCN(C)C,35.037,252.85,3.584546188
CCCCCCCCCCN(CC)CC,35.037,252.85,3.584546188
C1=CC(c2ccccc2)c2ccccc21,13.5,310.65,2.674148649
CC=C(c1ccccc1)c1ccccc1,21.58,322.15,3.117064559
CC(=Cc1ccccc1)c1ccccc1,21.563,355.15,3.116311397
C(=Cc1ccccc1)Cc1ccccc1,21.563,289.15,3.116311397
C=C(Cc1ccccc1)c1ccccc1,21.563,321.15,3.116311397
CCC(c1ccccc1)c1ccccc1,21.006,286.85,3.091315143
CC(Cc1ccccc1)c1ccccc1,19.165,273.4,3.003948428
c1ccc(CCCc2ccccc2)cc1,22.688,252.4,3.164968591
CC(C)(c1ccccc1)c1ccccc1,15.274,302.35,2.789568742
CCC(c1ccccc1)c1ccccc1,18.776,304.56,2.984469081
Cc1cccc(C(C)c2ccccc2)c1,18.776,304.56,2.984469081
Cc1ccc(C(C)c2ccccc2)cc1,18.776,304.56,2.984469081
CC(Cc1ccccc1)c1ccccc1,22.299,304.56,3.148410441
Cc1cccc(CCc2ccccc2)c1,22.299,304.56,3.148410441
Cc1ccc(CCc2ccccc2)cc1,22.299,304.56,3.148410441
CCc1ccccc1Cc1ccccc1,22.299,262.03,3.148410441
CCc1cccc(Cc2ccccc2)c1,22.299,263.95,3.148410441
CCc1ccc(Cc2ccccc2)cc1,22.299,249.65,3.148410441
CC(C)(c1ccccc1)c1ccc(O)cc1,21.677,346.4,3.121351195
CC(C)(c1ccc(O)cc1)c1ccc(O)cc1,29.286,426.15,3.41068556
CCCCCc1ccc2ccccc2c1,25.277,269.16,3.268694032
Cc1ccc2c(C)ccc(C(C)C)c2c1,25.307,260.16,3.269835063
CCCCCc1cccc2ccccc12,25.277,251.15,3.268694032
CCCCCC1CCCc2ccccc21,24.293,277.38,3.230527678
CCCCCC1CCc2ccccc2C1,24.293,277.38,3.230527678
CCCCCCCCCc1ccccc1,28.87,249,3.396854632
CC(C)c1ccc(C(C)C)c(C(C)C)c1,31.668,273.13,3.486396005
CC(C)c1cc(C(C)C)cc(C(C)C)c1,31.668,265.75,3.486396005
Cc1cc(C(C)(C)C)cc(C(C)(C)C)c1,31.668,304.65,3.486396005
Cc1cc(C(C)(C)C)c(O)c(C(C)(C)C)c1,27,344,3.33220451
CCCCCCCCCc1ccccc1O,25.883,329.76,3.291494117
Cc1cc(O)c(C(C)(C)C)cc1C(C)(C)C,25.883,335.25,3.291494117
Cc1cc(C(C)(C)C)cc(C(C)(C)C)c1O,25.883,324.15,3.291494117
CCCCCCCCCc1ccc(O)cc1,25.883,315.65,3.291494117
CCCCCCCCCCC1=CCCC1,29.763,234.4,3.426312669
C#CCCCCCCCCCCCCC,37.58,283.16,3.652734007
CC#CCCCCCCCCCCCC,37.726,364.41,3.656511209
CCC#CCCCCCCCCCCC,37.726,364.41,3.656511209
CCCCCCCCCCCCC/C=C\Br,40.093,313.03,3.715837791
CCCCCCCCCCCCC/C=C/Br,40.093,313.03,3.715837791
CCCCCCCCCCCCCCC(Br)(Br)Br,43.047,440.13,3.785257246
CCCCCCCCCCCCC/C=C\Cl,39.005,283.15,3.689004446
CCCCCCCCCCCCC/C=C/Cl,39.005,283.15,3.689004446
CCCCCCCCCCCCCCC(Cl)(Cl)Cl,39.783,350.49,3.708265328
CCCCCCCCCCCCC/C=C\F,37.888,285.38,3.66068572
CCCCCCCCCCCCC/C=C/F,37.888,285.38,3.66068572
CCCCCCCCCCCCCCC(F)(F)F,36.432,357.18,3.622525954
CCCCCCCCCCCCC/C=C\I,39.214,311.29,3.694215194
CCCCCCCCCCCCC/C=C/I,39.214,311.29,3.694215194
CCCCCCCCCCCCCCC(I)(I)I,40.41,434.91,3.723522398
CCCCCCCCCCCCCCC#N,36.112,295.85,3.613940367
CCCCCCCCCCC1CCCC1,33.125,251.02,3.530030254
CCCCCCCCCC1CCCCC1,34.309,262.96,3.564137889
C=CCCCCCCCCCCCCC,29.57,269.42,3.420019136
C=C(C)CCCCCCCCCCCC,32.016,258.08,3.496992292
CCCCCCC=CCCCCCCC,30.834,263.75,3.460534901
C/C=C/CCCCCCCCCCCC,36.3,263,3.618993327
CCCCCCCCCCCCCCC(Br)Br,41.653,362.91,3.753097611
CCCCCCCCCCCCCCC(Cl)Cl,39.477,303.15,3.700733912
CCCCCCCCCCCCCCC(F)F,37.243,307.61,3.643960537
CCCCCCCCCCCCCCC(I)I,39.895,359.43,3.711007806
CCCCCCCCCCCCCCC=O,51.653,300.15,3.963723217
CCCCCCCC(=O)CCCCCCC,54.915,316.15,4.02383268
CCCCCCCCCCCCCCOC=O,40.657,317.01,3.729469422
CCCCCCCCCCCCCOC(C)=O,38.975,281.55,3.688254259
CCCCCCCCCCCCOC(=O)CC,38.975,300.64,3.688254259
CCCCCCCCCCCOC(=O)CCC,38.975,300.64,3.688254259
CCCCCCCCCCCCCCCBr,39.891,292.15,3.71090999
CCCCCCCCCCCCCCCCl,38.803,287.85,3.683942286
CCCCCCCCCCCCCCCF,37.686,290.15,3.655477777
CCCCCCCCCCCCCCCI,39.012,297.15,3.689179409
CCCCCCCCCCCCCCC[N+](=O)[O-],41.37,401.92,3.746440565
CCCCCCCCCCCCC(C)C,31.083,264.85,3.468326295
CCCCCCCCCCCC(C)CC,31.083,241.15,3.468326295
CCCCCCCCCCCC(C)(C)C,27.192,260.73,3.33903825
CCCCCCCCCCC(C)C(C)C,27.56,228.31,3.352007137
CCCCCCCCCC(C)CC(C)C,27.56,228.31,3.352007137
CCCCCCCCCCCCCC(C)O,35.171,308.15,3.588257693
CCCCCCCCCCCCC(O)CC,36.89,311.95,3.634687225
CC(C)CC(O)CC(CC(C)C)CC(C)C,36.89,312.38,3.634687225
CCCCCCCCCCCCCCCS,46.378,290.93,3.858157986
CCCCCCCCCCCCCC(C)S,42.15,280.15,3.764682418
CCCCCCCCCCCCCCSC,38.736,284.16,3.682257578
CCCCCCCCCCCCCSCC,38.736,284.16,3.682257578
CCCCCCCCCCCCSCCC,38.736,284.16,3.682257578
CCCCCCCCCCCSCCCC,38.736,284.16,3.682257578
CCCCCCCCCCCCCCCN,47.764,309.65,3.886992336
CCCCCCCCCCCCCCNC,39.615,301.15,3.704137457
CCCCCCCCCCCCCNCC,43.641,305.4,3.798652719
CCCCCCCCCCCCCN(C)C,37.627,260,3.653951514
CCCCCCCCCCCN(CC)CC,37.627,260,3.653951514
CCCCCN(CCCCC)CCCCC,50.936,315.63,3.950012191
CC(C)CCN(CCC(C)C)CCC(C)C,37.627,260,3.653951514
CCC(C)CN(CC(C)CC)CC(C)CC,37.627,260,3.653951514
c1ccc2c(c1)-c1cccc3cccc-2c13,18.728,383.36,2.982038946
c1cc2ccc3cccc4ccc(c1)c2c34,17.36,423.81,2.910174385
c1ccc(-c2cccc3ccccc23)cc1,21.908,318.15,3.131486195
CCC=C(c1ccccc1)c1ccccc1,24.17,271.96,3.225652809
CC(C=Cc1ccccc1)c1ccccc1,29.182,320.65,3.40724572
C/C(=C(/C)c1ccccc1)c1ccccc1,29.182,380.15,3.40724572
COc1cc(/C=C/c2ccccc2)cc(OC)c1,23.9,329.55,3.214867803
CCCC(c1ccccc1)c1ccccc1,21.755,247.95,3.124784901
CCC(Cc1ccccc1)c1ccccc1,26.552,302.63,3.316075128
c1ccc(CCCCc2ccccc2)cc1,26.552,325.65,3.316075128
CC(Cc1ccccc1)Cc1ccccc1,26.552,239.45,3.316075128
CC(c1ccccc1)C(C)c1ccccc1,26.552,302.63,3.316075128
CC(c1ccccc1)C(C)c1ccccc1,26.552,397.45,3.316075128
CCc1ccc(CCc2ccccc2)cc1,21.3,292,3.104586678
CCCCCCc1cccc2ccccc12,27.867,255.15,3.362699074
CCCCCCc1ccc2ccccc2c1,27.867,267.65,3.362699074
Cc1ccc2c(C)ccc(C(C)C)c2c1C,32.411,360.15,3.508885187
CC(C)c1ccc2cc(C(C)C)ccc2c1,32.411,341.65,3.508885187
CC(C)c1ccc2ccccc2c1C(C)C,32.411,303.85,3.508885187
CCCCCCC1CCCc2ccccc21,26.883,288.65,3.328017184
CCCCCCC1CCc2ccccc2C1,26.883,288.65,3.328017184
CCc1cc(CC)c(CC)c(CC)c1CC,29.681,327.66,3.42364357
CCCCCCCCC(C)c1ccccc1,31.027,272.65,3.466579297
C#CCCCCCCCCCCCCCC,40.17,288.16,3.717709836
CC#CCCCCCCCCCCCCC,40.316,293.15,3.721249834
CCC#CCCCCCCCCCCCC,40.316,375.68,3.721249834
CCCCCCCCCCCC1=CCCC1,32.353,245.67,3.507147723
CCCCCCCCCCCCCC/C=C\Br,42.683,324.3,3.77695901
CCCCCCCCCCCCCC/C=C/Br,42.683,324.3,3.77695901
CCCCCCCCCCCCCCCC(Br)(Br)Br,45.637,451.4,3.842394218
CCCCCCCCCCCCCC/C=C\Cl,41.595,294.42,3.751736875
CCCCCCCCCCCCCC/C=C/Cl,41.595,294.42,3.751736875
CCCCCCCCCCCCCCCC(Cl)(Cl)Cl,42.373,361.76,3.769837128
CCCCCCCCCCCCCC/C=C\F,40.478,296.65,3.725163166
CCCCCCCCCCCCCC/C=C/F,40.478,296.65,3.725163166
CCCCCCCCCCCCCCCC(F)(F)F,39.022,368.45,3.689429303
CCCCCCCCCCCCCC/C=C\I,41.804,322.56,3.756631556
CCCCCCCCCCCCCC/C=C/I,41.804,322.56,3.756631556
CCCCCCCCCCCCCCCC(I)(I)I,43,446.18,3.784189634
CCCCCCCCCCCCCCCC#N,38.702,304.65,3.681401564
CCCCCCCCCCCC1CCCC1,31.131,263.16,3.469821296
CCCCCCCCCCC1CCCCC1,38.597,271.43,3.678753358
C=CCCCCCCCCCCCCCC,30.192,277.51,3.440161652
C=C(C)CCCCCCCCCCCCC,34.606,266.58,3.572514163
BrCCCCCCCCCCCCCCCCBr,41.581,329.15,3.751408144
CCCCCCCCCCCCCCCC(Br)Br,44.243,374.18,3.812047962
CCCCCCCCCCCCCCCC(Cl)Cl,42.067,314.42,3.762757043
CCCCCCCCCCCCCCCC(F)F,39.833,318.88,3.709490578
CCCCCCCCCCCCCCCC(I)I,42.485,370.7,3.772416051
CCCCCCCCCCCCCCCC=O,55.279,309.15,4.030321464
CCCCCCCCCCCCCCC(C)=O,50.434,317.15,3.940299432
CCCCCCCCCCCCCC(=O)CC,50.354,316.15,3.93874283
CCCCCCCCCCCCCCCC(=O)O,54.935,336,4.024190302
CCCCCCCCCCCCCCCOC=O,43.247,286.83,3.789787573
CCCCCCCCCCCCCCOC(C)=O,41.565,287.15,3.751032319
CCCCCCCCCCCCCOC(=O)CC,41.565,272.73,3.751032319
CCCCCCCCCCCCOC(=O)CCC,41.565,259.15,3.751032319
CCCCCCCCCCCCCCCCBr,42.481,291.05,3.772324061
CCCCCCCCCCCCCCCCCl,41.393,291.05,3.746983254
CCCCCCCCCCCCCCCCF,40.276,291.15,3.720281217
CCCCCCCCCCCCCCCCI,41.602,297.85,3.751901201
CCCCCCCCCCCCCCCC[N+](=O)[O-],43.701,413.19,3.799995873
CCCCCCCCCCCCCCCC,53.359,291.34,3.995610193
CCCCCCCCCCCCCC(C)C,33.673,266.15,3.545961286
CCCCCCCCCCCCC(C)CC,33.673,250.85,3.545961286
CCCCCCCCCCCCC(C)(C)C,29.782,272,3.426930104
CCCCCCCCCCCC(C)C(C)C,30.15,239.58,3.438814245
CCCCCCCCCCC(C)CC(C)C,30.15,239.58,3.438814245
CCCCCCCCCCCCCCC(C)O,37.761,317.15,3.657414586
CCCCCCCCCCCCCC(O)CC,34.843,323.15,3.57914829
CCCCCCCCCCCCCC(C)CO,34.843,285.65,3.57914829
CCCCCCCCCC(C)(O)CCCCC,34.843,312.08,3.57914829
CCCCCCCCC(CO)CCCCCC,34.843,312.08,3.57914829
CCCCCCCCCCCCCCCCS,49.486,290.93,3.92169607
CCCCCCCCCCCCCCC(C)S,45.258,288.15,3.834234422
CCCCCCCCSCCCCCCCC,41.326,288.16,3.745401554
CCCCCCCCCCCCCCCSC,41.326,288.16,3.745401554
CCCCCCCCCCCCCCSCC,41.326,288.16,3.745401554
CCCCCCCCCCCCCSCCC,41.326,288.16,3.745401554
CCCCCCCCCCCCSCCCC,41.326,288.16,3.745401554
CCCCCCCCSSCCCCCCCC,36.365,244.16,3.620734437
CCCCCCCCCCCCCCCCN,50.872,319.92,3.948779146
CCCCCCCCCCCCCCNCC,42.205,287.77,3.765956229
CCCCCCCCNCCCCCCCC,42.205,287.77,3.765956229
CCCCCCCCCCCCCCCNC,42.205,287.77,3.765956229
CCCCCCC(C)NC(C)CCCCCC,42.205,287.77,3.765956229
CCCCCCCCCCCCCCN(C)C,40.217,270.15,3.718850793
CCCCCCCCCCCCN(CC)CC,40.217,270.15,3.718850793
CCCCC(CC)CNCC(CC)CCCC,42.205,287.77,3.765956229
CCCC=C(c1ccccc1)c1ccccc1,26.76,266.11,3.323596136
CCCCC(c1ccccc1)c1ccccc1,24.345,261.13,3.232581472
CCC(CCc1ccccc1)c1ccccc1,24.532,263.14,3.239932567
c1ccc(CCCCCc2ccccc2)cc1,24.532,265.15,3.239932567
CCCCCCCc1cccc2ccccc12,30.457,265.15,3.448621534
CCCCCCCc1ccc2ccccc2c1,30.457,274.15,3.448621534
CCCCCCCC1CCCc2ccccc21,29.473,299.92,3.416841046
CCCCCCCC1CCc2ccccc2C1,29.473,299.92,3.416841046
CCCCCCCCCCCc1ccccc1,36,268,3.610917913
CC#CCCCCCCCCCCCCCC,42.906,386.95,3.782050985
CCC#CCCCCCCCCCCCCC,42.906,386.95,3.782050985
CCCCCCCCCCCCC1=CCCC1,34.943,256.94,3.58193435
CCCCCCCCCCCCCCC/C=C\Br,45.273,335.57,3.834558638
CCCCCCCCCCCCCCC/C=C/Br,45.273,335.57,3.834558638
CCCCCCCCCCCCCCCCC(Br)(Br)Br,48.227,462.67,3.896442253
CCCCCCCCCCCCCCC/C=C\Cl,44.185,305.69,3.810765173
CCCCCCCCCCCCCCC/C=C/Cl,44.185,305.69,3.810765173
CCCCCCCCCCCCCCCCC(Cl)(Cl)Cl,44.963,373.03,3.827836725
CCCCCCCCCCCCCCC/C=C\F,43.068,307.92,3.785733895
CCCCCCCCCCCCCCC/C=C/F,43.068,307.92,3.785733895
CCCCCCCCCCCCCCCCC(F)(F)F,41.612,379.72,3.752135904
CCCCCCCCCCCCCCC/C=C\I,44.394,333.83,3.815379938
CCCCCCCCCCCCCCC/C=C/I,44.394,333.83,3.815379938
CCCCCCCCCCCCCCCCC#N,41.292,306.45,3.744597943
CCCCCCCCCCCCC1CCCC1,33.721,268.16,3.547344691
CCCCCCCCCCCC1CCCCC1,42.677,278.96,3.776821648
C=CCCCCCCCCCCCCCCC,31.4,284.4,3.478158423
C=C(C)CCCCCCCCCCCCCC,37.196,274.65,3.642730798
CCCCCCCCCCCCCCCCC(Br)Br,46.833,385.45,3.867715778
BrCCCCCCCCCCCCCCCCCBr,42.319,311.15,3.768591338
CCCCCCCCCCCCCCCCC(Cl)Cl,44.657,325.69,3.821156936
CCCCCCCCCCCCCCCCC(F)F,42.423,330.15,3.770989255
CCCCCCCCCCCCCCCCC(I)I,45.075,381.97,3.830270504
CCCCCCCCC(=O)CCCCCCCC,54.219,326.15,4.011307097
CCCCCCCCCCCCCCCC(C)=O,53.801,321.15,4.003708442
CCCCCCCCCCCCCCCCC=O,58.905,310.15,4.092759974
CCCCCCCCCCCCCCCCC(=O)O,51.34,334.35,3.957760897
CCCCCCCCCCCCCCCCOC=O,45.837,339.55,3.846673489
CCCCCCCCCCCCCCCOC(C)=O,44.155,291.65,3.810101016
CCCCCCCCCCCCCCOC(=O)CC,44.155,323.18,3.810101016
CCCCCCCCCCCCCOC(=O)CCC,44.155,323.18,3.810101016
CCCCCCCCCCCCCCCCCBr,45.071,302.75,3.830183685
CCCCCCCCCCCCCCCCCCl,43.983,299.35,3.806284641
CCCCCCCCCCCCCCCCCF,42.866,302.15,3.781139533
CCCCCCCCCCCCCCCCCI,44.192,306.85,3.81092008
CCCCCCCCCCCCCCCCC[N+](=O)[O-],46.032,424.46,3.850828221
CCCCCCCCCCCCCCC(C)C,36.263,277.15,3.618000877
CCCCCCCCCCCCCC(C)CC,36.263,258.15,3.618000877
CCCCCCCCCCCCCC(C)(C)C,32.372,283.27,3.507717225
CCCCCCCCCCCCC(C)C(C)C,32.74,250.85,3.518684077
CCCCCCCCCCCC(C)CC(C)C,32.74,250.85,3.518684077
CCCCCCCCCCCCCCCC(C)O,40.351,317.65,3.722096605
CCCCCCCCC(O)CCCCCCCC,52.684,334.15,3.983115006
CCCCCCCCCCCCCCCCCS,52.594,300.37,3.981437122
CCCCCCCCCCCCCCCC(C)S,48.366,293.15,3.899261928
CCCCCCCCCCCCCCCCSC,43.916,294.16,3.804794079
CCCCCCCCCCCCCCCSCC,43.916,294.16,3.804794079
CCCCCCCCCCCCCCSCCC,43.916,294.16,3.804794079
CCCCCCCCCCCCCSCCCC,43.916,294.16,3.804794079
CCCCCCCCCCCCCCCCCN,53.98,317.15,4.006969483
CCCCCCCCCCCCCCCCNC,44.795,309.15,3.824174915
CCCCCCCCCCCCCCCNCC,44.795,309.15,3.824174915
CCCCCCCCCCCCCCCN(C)C,42.807,277.65,3.779793622
CCCCCCCCCCCCCN(CC)CC,40.14,260.35,3.716980884
CCCCCCCCN(C)CCCCCCCC,40.14,243.05,3.716980884
c1ccc2c(c1)ccc1c3ccccc3ccc21,26.2,531.15,3.303216973
c1ccc2c(c1)c1ccccc1c1ccccc21,24.744,471.01,3.24820159
c1ccc(-c2ccccc2-c2ccccc2)cc1,17.192,329.35,2.900981937
O=P(Oc1ccccc1)(Oc1ccccc1)Oc1ccccc1,23.97,323.15,3.217675104
CCCCC=C(c1ccccc1)c1ccccc1,29.35,261.01,3.412796518
C=C(CC(C)(C)c1ccccc1)c1ccccc1,29.35,261.01,3.412796518
CCCCCC(c1ccccc1)c1ccccc1,26.935,261.61,3.329880383
CC(C)(c1ccccc1)C(C)(C)c1ccccc1,33.655,392.15,3.545442015
CC(C)(OOC(C)(C)c1ccccc1)c1ccccc1,20.4,311.15,3.063390922
CCCCCCCCc1cccc2ccccc12,33.047,271.15,3.527741923
CCCCCCCCc1ccc2ccccc2c1,33.047,285.15,3.527741923
CC(C)(C)c1ccc2cc(C(C)(C)C)ccc2c1,38.652,419.05,3.680141388
CCCCCCCCC1CCCc2ccccc21,32.063,311.19,3.498414832
CCCCCCCCC1CCc2ccccc2C1,32.063,311.19,3.498414832
CCCCCCCCCCCCc1ccccc1,40.166,275.93,3.717612673
CCc1c(CC)c(CC)c(CC)c(CC)c1CC,34.472,401.16,3.568743653
CCCCC/C=C\C/C=C\CCCCCCCC(=O)O,47.7,268.15,3.88567903
CCCCCCCCC#CCCCCCCCC,44.821,274.65,3.824742501
C#CCCCCCCCCCCCCCCCC,45.35,300.16,3.836221292
CC#CCCCCCCCCCCCCCCC,45.496,303.15,3.839366287
CCC#CCCCCCCCCCCCCCC,45.496,275.55,3.839366287
CCCCCCCCCCCCCC1=CCCC1,37.533,268.21,3.651515017
CCCCCCCCCCCCCCCC/C=C\Br,47.863,346.84,3.889020464
CCCCCCCCCCCCCCCC/C=C/Br,47.863,346.84,3.889020464
CCCCCCCCCCCCCCCCCC(Br)(Br)Br,50.817,473.94,3.947718281
CCCCCCCCCCCCCCCC/C=C\Cl,46.775,316.96,3.86650249
CCCCCCCCCCCCCCCC/C=C/Cl,46.775,316.96,3.86650249
CCCCCCCCCCCCCCCCCC(Cl)(Cl)Cl,47.553,384.3,3.882655985
CCCCCCCCCCCCCCCC/C=C\F,45.658,319.19,3.842844402
CCCCCCCCCCCCCCCC/C=C/F,45.658,319.19,3.842844402
CCCCCCCCCCCCCCCCCC(F)(F)F,44.202,390.99,3.811141334
CCCCCCCCCCCCCCCC/C=C\I,46.984,345.1,3.870867622
CCCCCCCCCCCCCCCC/C=C/I,46.984,345.1,3.870867622
CCCCCCCCCCCCCCCCCC(I)(I)I,48.18,468.72,3.895487037
CCCCCCCCCCCCCCCCCC#N,43.882,314.65,3.804036824
C=CCCCCCCCCCCCCCCCC,32.6,290.76,3.514526067
CCCCCCCCC=CCCCCCCCC,34.42,242.65,3.567276632
C=C(C)CCCCCCCCCCCCCCC,39.786,281.65,3.708338885
CCCCCCCCCCCCCC1CCCC1,36.311,278.16,3.619288189
CCCCCCCCCCCCCCCCCC(Br)Br,49.423,396.72,3.92044742
CCCCCCCCCCCCCCCCCC(Cl)Cl,47.247,336.96,3.87633365
CCCCCCCCCCCCCCCCCC(F)F,45.013,341.42,3.828923965
CCCCCCCCCCCCCCCCCC(I)I,47.665,393.24,3.884960086
CCCCCCCCCCCCCCCCCC=O,62.531,316.15,4.151527976
CCCCCCCCCCCCCCCCC(C)=O,57.168,325.15,4.063335375
CCCCCCCCCCCCCCCC(=O)CC,57.08,324.15,4.061821371
CCCCCCCCCCCCCCCCCC(=O)O,61.3,342.75,4.131961426
CCCCCCCCC(CCCCCCCC)C(=O)O,58.519,311.65,4.086295589
CCCCCCCCCCCCCCCCCOC=O,48.427,350.82,3.900496834
CCCCCCCCCCCCCCCCOC(C)=O,46.745,297.35,3.865874349
CCCCCCCCCCCCCCCOC(=O)CC,46.745,334.45,3.865874349
CCCCCCCCCCCCCCOC(=O)CCC,46.745,334.45,3.865874349
CCCCCCCCCCCCCCCCCCBr,47.661,301.35,3.884877888
CCCCCCCCCCCCCCCCCCCl,46.573,301.75,3.862265373
CCCCCCCCCCCCCCCCCCF,45.456,302.15,3.838505628
CCCCCCCCCCCCCCCCCCI,46.782,307.15,3.866649
CCCCCCCCCCCCCCCCCC[N+](=O)[O-],48.363,435.73,3.899201156
CCCCCCCCC(C)CCCCCCCC,40.594,277.73,3.727955926
CCCCCCCCCCCCCCCC(C)C,38.853,279.15,3.685197685
CCCCCCCCCCCCCCC(C)CC,38.853,266.95,3.685197685
CCCCCCCCCCCCCCC(C)(C)C,34.962,294.54,3.582462825
CCCCCCCCCCCCCC(C)C(C)C,35.33,262.12,3.592643846
CCCCCCCCCCCCC(C)CC(C)C,35.33,262.12,3.592643846
CCCCCCCCCCCCCCCCC(C)O,42.941,325.15,3.782847825
CCCCCCCCCOCCCCCCCCC,43.564,314.35,3.796926358
CCCCCCCCCCCCCCCCCCS,55.702,300.93,4.037809483
CCCCCCCCCCCCCCCCC(C)S,51.474,299.15,3.960317809
CCCCCCCCCCCCCCCCCSC,46.506,298.15,3.860856019
CCCCCCCCCSCCCCCCCCC,46.506,298.16,3.860856019
CCCCCCCCCCCCCCCCCSC,46.506,298.16,3.860856019
CCCCCCCCCCCCCCCCSCC,46.506,298.16,3.860856019
CCCCCCCCCCCCCCCSCCC,46.506,298.16,3.860856019
CCCCCCCCCCCCCCSCCCC,46.506,298.16,3.860856019
CCCCCCCCCSSCCCCCCCCC,40.509,252.16,3.725910271
CCCCCCCCCCCCCCCCCCN,57.088,326.23,4.061959102
CCCCCCCCCCCCCCCCCNC,47.385,298.15,3.879189848
CCCCCCCCCCCCCCCCNCC,47.385,298.15,3.879189848
CCCCCCCCCNCCCCCCCCC,47.385,298.15,3.879189848
CCCCCCCCCCCCCCCCN(C)C,45.397,285.15,3.837234802
CCCCCCCCCCCCCCN(CC)CC,45.397,285.15,3.837234802
CCCCCCN(CCCCCC)CCCCCC,45.397,285.15,3.837234802
CCCCCC=C(c1ccccc1)c1ccccc1,31.94,255.91,3.494687725
CCCCCCC(c1ccccc1)c1ccccc1,29.525,286.15,3.41854602
CCCCCCCCCc1cccc2ccccc12,35.637,284.15,3.601058659
CCCCCCCCCc1ccc2ccccc2c1,35.637,284.15,3.601058659
CCCCCCCCCC1CCCc2ccccc21,34.653,322.46,3.573833295
CCCCCCCCCC1CCc2ccccc2C1,34.653,322.46,3.573833295
CCCCCCCCCCCCCc1ccccc1,43.932,283.15,3.805150236
CCCCCCC(CCCCCC)c1ccccc1,40.969,244.95,3.736931251
C#CCCCCCCCCCCCCCCCCC,47.94,306.16,3.890595058
CC#CCCCCCCCCCCCCCCCC,48.086,409.49,3.893573862
CCC#CCCCCCCCCCCCCCCC,48.086,409.49,3.893573862
CCCCCCCCCCCCCCC1=CCCC1,40.123,279.48,3.716567576
CCCCCCCCCCCCCCCCC/C=C\Br,50.453,358.11,3.94066877
CCCCCCCCCCCCCCCCC/C=C/Br,50.453,358.11,3.94066877
CCCCCCCCCCCCCCCCCCC(Br)(Br)Br,53.407,485.21,3.996492822
CCCCCCCCCCCCCCCCC/C=C\Cl,49.365,328.23,3.919296489
CCCCCCCCCCCCCCCCC/C=C/Cl,49.365,328.23,3.919296489
CCCCCCCCCCCCCCCCCCC(Cl)(Cl)Cl,50.143,395.57,3.934625631
CCCCCCCCCCCCCCCCC/C=C\F,48.248,330.46,3.896868758
CCCCCCCCCCCCCCCCC/C=C/F,48.248,330.46,3.896868758
CCCCCCCCCCCCCCCCCCC(F)(F)F,46.792,402.26,3.866858261
CCCCCCCCCCCCCCCCC/C=C\I,49.574,356.37,3.92343761
CCCCCCCCCCCCCCCCC/C=C/I,49.574,356.37,3.92343761
CCCCCCCCCCCCCCCCCCC#N,46.472,315.85,3.860140064
CCCCCCCCCCCCCCC1CCCC1,38.901,282,3.686401386
CCCCCCCCCCCCCC1CCCCC1,51.045,291.66,3.952108729
C=C(C)CCCCCCCCCCCCCCCC,42.376,287.15,3.769906293
CCCCCCCCCCCCCCCCCCC(Cl)Cl,49.837,348.23,3.928624436
CCCCCCCCCCCCCCCCCCC(F)F,47.603,352.69,3.883685257
CCCCCCCCCCCCCCCCCCC(I)I,50.255,404.51,3.936813174
CCCCCCCCCCCCCCCCCCC=O,66.157,317.15,4.207033162
CCCCCCCCCCCCCCCCCC(C)=O,60.535,329.15,4.119606119
CCCCCCCCCC(=O)CCCCCCCCC,61.408,338.65,4.133693472
CCCCC(C)CCCCCCCCCCCCC(=O)O,55.117,310.65,4.027438797
CC(C)CCCCCCCCCCCCCCCC(=O)O,55.117,340.65,4.027438797
CCCCCCCCCC(C)CCCCCCCC(=O)O,55.117,313.15,4.027438797
CCCCCCCCCCCCCCCCCCOC=O,51.017,362.09,3.951570588
CCCCCCCCCCCCCCCCCOC(C)=O,49.335,303.39,3.91870066
CCCCCCCCCCCCCCCCOC(=O)CC,49.335,345.72,3.91870066
CCCCCCCCCCCCCCCOC(=O)CCC,49.335,345.72,3.91870066
CCCCCCCCCCCCCCCCCCCBr,50.251,311.65,3.93673513
CCCCCCCCCCCCCCCCCCCCl,49.163,308.85,3.915277703
CCCCCCCCCCCCCCCCCCCF,48.046,312.15,3.892758633
CCCCCCCCCCCCCCCCCCCI,49.372,315.15,3.919435465
CCCCCCCCCCCCCCCCCCC[N+](=O)[O-],50.694,447,3.945341721
CCCCCCC(CCCCCC)CCCCCC,39.547,244.85,3.702461795
CC(C)CCCC(C)CCCC(C)CCCC(C)C,39.547,280.65,3.702461795
CCCCCCCCCCCCCCCCC(C)C,41.443,288.15,3.748161999
CCCCCCCCCCCCCCCC(C)CC,41.443,273.65,3.748161999
CCCCCCCCCCCCCCCC(C)(C)C,37.552,305.81,3.652007979
CCCCCCCCCCCCCCC(C)C(C)C,37.92,273.39,3.661508257
CCCCCCCCCCCCCC(C)CC(C)C,37.92,273.39,3.661508257
CCCCCCCCCCCCCCCCCC(C)O,45.531,325.15,3.840118757
CCCCCCCCCCCCCCCCCCCS,58.81,307.04,4.091172871
CCCCCCCCCCCCCCCCCC(C)S,54.582,304.15,4.017859408
CCCCCCCCCCCCCCCCCCSC,49.096,303.16,3.913941165
CCCCCCCCCCCCCCCCCSCC,49.096,303.16,3.913941165
CCCCCCCCCCCCCCCCSCCC,49.096,303.16,3.913941165
CCCCCCCCCCCCCCCSCCCC,49.096,303.16,3.913941165
CCCCCCCCCCCCCCCCCCCN,60.196,325.15,4.114081828
CCCCCCCCCCCCCCCCCCNC,49.975,315.15,3.931335316
CCCCCCCCCCCCCCCCCNCC,49.975,315.15,3.931335316
CCCCCCCCCCCCCCCCCN(C)C,47.987,290,3.891554957
CCCCCCCCCCCCCCCN(CC)CC,47.987,290,3.891554957
CCCCCCC=C(c1ccccc1)c1ccccc1,34.53,250.81,3.57037741
CCCCCCCC(c1ccccc1)c1ccccc1,32.115,269.15,3.499986352
CC(C)(CCC(C)(C)c1ccccc1)c1ccccc1,36.041,334.95,3.612025407
CCC(C)(c1ccccc1)C(C)(CC)c1ccccc1,36.041,302.05,3.612025407
CCCCCCCCCCc1cccc2ccccc12,38.227,288.15,3.669365285
CCCCCCCCCCc1ccc2ccccc2c1,38.227,296.15,3.669365285
C=C[C@@]1(C)CC[C@H]2C(=CC[C@@H]3[C@]2(C)CCC[C@@]3(C)C(=O)O)C1,30.2,435.65,3.440418095
CCCCCCCCCCC1CCCc2ccccc21,37.243,333.73,3.643960537
CCCCCCCCCCC1CCc2ccccc2C1,37.243,333.73,3.643960537
CCCCCCCCCCCCCCc1ccccc1,41.597,289.16,3.751783828
CC#CCCCCCCCCCCCCCCCCC,50.676,420.76,3.944993457
CCC#CCCCCCCCCCCCCCCCC,50.676,420.76,3.944993457
CCCCCCCCCCCCCCCC1=CCCC1,42.713,290.75,3.777645541
CCCCCCCCCCCCCCCCCC/C=C\Br,53.043,369.38,3.989780026
CCCCCCCCCCCCCCCCCC/C=C/Br,53.043,369.38,3.989780026
CCCCCCCCCCCCCCCCCCCC(Br)(Br)Br,55.997,496.48,4.042998635
CCCCCCCCCCCCCCCCCC/C=C\Cl,51.955,339.5,3.969442496
CCCCCCCCCCCCCCCCCC/C=C/Cl,51.955,339.5,3.969442496
CCCCCCCCCCCCCCCCCCCC(Cl)(Cl)Cl,52.733,406.84,3.984027338
CCCCCCCCCCCCCCCCCC/C=C\F,50.838,341.73,3.948123471
CCCCCCCCCCCCCCCCCC/C=C/F,50.838,341.73,3.948123471
CCCCCCCCCCCCCCCCCCCC(F)(F)F,49.382,413.53,3.919633968
CCCCCCCCCCCCCCCCCC/C=C\I,52.164,367.64,3.973381476
CCCCCCCCCCCCCCCCCC/C=C/I,52.164,367.64,3.973381476
CCCCCCCCCCCCCCCCCCCC(I)(I)I,53.36,491.26,3.995628589
CCCCCCCCCCCCCCCCCCCC#N,49.062,323.75,3.913262237
CCCCCCCCCCCCCCCC1CCCC1,41.491,290,3.749292289
CCCCCCCCCCCCCCC1CCCCC1,55.229,297.16,4.029432638
C/C=C/CCCCCCCCCCCCCCCCC,56.1,285,4.044804117
C=C(C)CCCCCCCCCCCCCCCCC,44.966,292.65,3.827901993
CCCCCCCCCCCCCCCCCCCC(Br)Br,54.603,419.26,4.018237157
CCCCCCCCCCCCCCCCCCCC(Cl)Cl,52.427,359.5,3.978316236
CCCCCCCCCCCCCCCCCCCC(F)F,50.193,363.96,3.935602804
CCCCCCCCCCCCCCCCCCCC(I)I,52.845,415.78,3.986109549
CCCCCCCCCCCCCCCCCCCC=O,69.783,324.15,4.259618859
CCCCCCCCCCCCCCCCCCC(C)=O,63.902,332.15,4.17287844
CCCCCCCCCCCCCCCCCCCC(=O)O,69.2,348.45,4.251348311
CC(C)CCCC(C)CCCC(C)CCCC(C)CC(=O)O,55.269,208.15,4.030143762
CCCCCCCCCCCCCCCCCCCOC=O,53.607,373.36,4.00016208
CCCCCCCCCCCCCCCCCCOC(C)=O,51.925,305.99,3.968875817
CCCCCCCCCCCCCCCCCOC(=O)CC,51.925,356.99,3.968875817
CCCCCCCCCCCCCCCCOC(=O)CCC,51.925,356.99,3.968875817
CCCCCCCCCCCCCCCCCCCCBr,52.841,310.05,3.986035259
CCCCCCCCCCCCCCCCCCCCCl,51.753,310.75,3.965620643
CCCCCCCCCCCCCCCCCCCCF,50.636,311.15,3.944219104
CCCCCCCCCCCCCCCCCCCCI,51.962,315.05,3.969574675
CCCCCCCCCCCCCCCCCCCC[N+](=O)[O-],53.025,458.27,3.989446902
CCCCCCCCCCCCCCCCCC(C)C,44.033,291.45,3.807395554
CCCCCCCCCCCCCCCCC(C)CC,44.033,281.15,3.807395554
CCCCCCCCCCCCCCCCC(C)(C)C,40.142,317.08,3.717029498
CCCCCCCCCCCCCCCC(C)C(C)C,40.51,284.66,3.725934362
CCCCCCCCCCCCCCC(C)CC(C)C,40.51,284.66,3.725934362
CCCCCCCCCCCCCCCCCCC(C)O,48.121,333.15,3.894286642
CCCCCCCCCCOCCCCCCCCCC,48.744,257.15,3.906889853
CCCCCCCCCCCCCCCCCCCCS,61.918,310.37,4.141832291
CCCCCCCCCCCCCCCCCCC(C)S,57.69,308.15,4.072269355
CCCCCCCCCCSCCCCCCCCCC,51.686,308.16,3.964349766
CCCCCCCCCCCCCCCCCCCSC,51.686,308.16,3.964349766
CCCCCCCCCCCCCCCCCCSCC,51.686,308.16,3.964349766
CCCCCCCCCCCCCCCCCSCCC,51.686,308.16,3.964349766
CCCCCCCCCCCCCCCCSCCCC,51.686,308.16,3.964349766
CCCCCCCCCCSSCCCCCCCCCC,44.653,259.16,3.821069322
CCCCCCCCCCCCCCCCCCCCN,63.304,332.15,4.163621838
CCCCCCCCCCCCCCCCCCCNC,51.27,311.15,3.956422593
CCCCCCCCCCCCCCCCCCNCC,51.924,309.15,3.968856922
CCCCCCCCCCNCCCCCCCCCC,52.565,307.15,3.98089587
CCCCCCCCCCCCCCCCCCN(C)C,50.577,296.04,3.943075837
CCCCCCCCCCCCCCCCN(CC)CC,50.577,280.15,3.943075837
CCCCCCCC=C(c1ccccc1)c1ccccc1,37.12,245.71,3.640739079
CCCCCCCCC(c1ccccc1)c1ccccc1,34.705,288.15,3.575290735
CCCCCCCCCCCc1cccc2ccccc12,40.817,296.15,3.733302955
CCCCCCCCCCCc1ccc2ccccc2c1,40.817,293.15,3.733302955
CCCCCCCCCCCCCCCc1ccccc1,51.469,295.16,3.960222519
CCCCCCCCCCCCCCCCC1=CCCC1,45.303,302.02,3.835206754
C#CCCCCCCCCCCCCCCCCCCC,53.12,314.15,3.991203803
CCCCCCCCCCCCCCCCCCCCC#N,51.652,324.15,3.963704225
CCCCCCCCCCCCCCCCC1CCCC1,44.081,294.16,3.808460872
CCCCCCCCCCCCCCCC1CCCCC1,59.413,302.16,4.101204314
C=CCCCCCCCCCCCCCCCCCCC,48.866,306.45,3.909339408
CCCCCCCCCCCCCCCCCCCCC(Br)Br,57.193,430.53,4.063765073
CCCCCCCCCCCCCCCCCCCCC(Cl)Cl,55.017,370.77,4.025655216
CCCCCCCCCCCCCCCCCCCCC(F)F,52.783,375.23,3.984957432
CCCCCCCCCCCCCCCCCCCCC(I)I,55.435,427.05,4.033089533
CCCCCCCCCCCCCCCCCCCCOC=O,56.197,384.63,4.046501449
CCCCCCCCCCCCCCCCCCCOC(C)=O,54.515,310.75,4.016653255
CCCCCCCCCCCCCCCCCCOC(=O)CC,54.515,303.95,4.016653255
CCCCCCCCCCCCCCCCCOC(=O)CCC,54.515,368.26,4.016653255
CCCCCCCCCCCCCCCCCCCCCBr,55.431,319.25,4.033018653
CCCCCCCCCCCCCCCCCCCCCCl,54.343,317.15,4.013550183
CCCCCCCCCCCCCCCCCCCCCF,53.226,320.15,3.993160498
CCCCCCCCCCCCCCCCCCCCCI,54.552,322.25,4.017319519
CCCCCCCCCCCCCCCCCCCCCN,66.412,331.15,4.210823044
CCCCCCCCCCCCCCCCCCCCNC,55.155,319.15,4.028115724
CCCCCCCCCCCCCCCCCCCNCC,55.155,319.15,4.028115724
CCCCCCCCCCCCCCCCCCNC(C)C,55.155,319.15,4.028115724
CCCCCCCCCCCCCCCCCCCN(C)C,53.167,300,3.992071867
CCCCCCCCCCCCCCCCCN(CC)CC,53.167,300,3.992071867
CCCCCCCN(CCCCCCC)CCCCCCC,53.167,300,3.992071867
CCCCCCCCC=C(c1ccccc1)c1ccccc1,39.71,240.61,3.706473763
CCCCCCCCCC(c1ccccc1)c1ccccc1,37.295,276.15,3.645319339
CCCCCCCCCCCCc1cccc2ccccc12,43.407,301.15,3.793397115
CCCCCCCCCCCCc1ccc2ccccc2c1,43.407,305.15,3.793397115
CCCCCCCCCCCCCCCCc1ccccc1,46.777,300.16,3.866544352
C#CCCCCCCCCCCCCCCCCCCCC,55.71,318.15,4.037950562
CCCCCCCCCCCCCCCCCC1CCCC1,46.671,300.15,3.864323247
CCCCCCCCCCCCCCCCC1CCCCC1,63.597,306.76,4.16816797
C=CCCCCCCCCCCCCCCCCCCCC,51.456,310.95,3.959974723
CCCCCCCCCCCCCCCCCCCCCC(Br)Br,59.783,441.8,4.107310145
CCCCCCCCCCCCCCCCCCCCCC(Cl)Cl,57.607,382.04,4.070854143
CCCCCCCCCCCCCCCCCCCCCC(F)F,55.373,386.5,4.03199032
CCCCCCCCCCCCCCCCCCCCCC(I)I,58.025,438.32,4.077961083
CCCCCCCCCCCCCCCCCCCCOC(C)=O,57.105,313.15,4.062251719
CCCCCCCCCCCCCCCCCCCOC(=O)CC,57.105,379.53,4.062251719
CCCCCCCCCCCCCCCCCCOC(=O)CCC,57.105,379.53,4.062251719
CCCCCCCCCCCCCCCCCC(=O)OCCCC,56.902,299.45,4.058751926
CCCCCCCCCCCCCCCCCC(=O)OCC(C)C,59.23,302.05,4.098170567
CCCCCCCCCCCCCCCCCCCC(=O)OCC,59.23,323.15,4.098170567
CCCCCCCCCCCCCCCCCCCCCCBr,58.021,317.45,4.077893313
CCCCCCCCCCCCCCCCCCCCCCCl,56.933,318.15,4.05928717
CCCCCCCCCCCCCCCCCCCCCCF,55.816,319.15,4.039817976
CCCCCCCCCCCCCCCCCCCCCCI,57.142,321.95,4.062888294
CCCCCCCCCCCCCCCCCCCCCCN,69.52,336.15,4.255896358
CCCCCCCCCCCCCCCCCCCCCNC,57.745,321.15,4.073206043
CCCCCCCCCCCCCCCCCCCCNCC,57.75,318.15,4.073291153
CCCCCCCCCCCNCCCCCCCCCCC,57.745,315.15,4.073206043
CCCCCCCCCCCCCCCCCCCCN(C)C,55.757,306.15,4.038778997
CCCCCCCCCCCCCCCCCCN(CC)CC,55.757,306.15,4.038778997
CCCCCCCCCC=C(c1ccccc1)c1ccccc1,42.3,235.51,3.768152635
CCCCCCCCCCC(c1ccccc1)c1ccccc1,39.885,294.15,3.710763248
CCCCCCCCCCCCCCCCCc1ccccc1,49.367,305.15,3.919336199
C#CCCCCCCCCCCCCCCCCCCCCC,58.3,322.15,4.082609306
CCCCCCCCCCCCCCCCCCC1CCCC1,49.261,303.15,3.917229428
CCCCCCCCCCCCCCCCCC1CCCCC1,56.593,310.95,4.053401033
C=CCCCCCCCCCCCCCCCCCCCCC,54.046,314.75,4.008169199
CCCCCCCC/C=C\CCCCCCCCCCCCC,50.474,273.15,3.941076826
CCCCCCCCCCCCCCCCCCCCCCC(Br)Br,62.373,453.07,4.149037903
CCCCCCCCCCCCCCCCCCCCCCC(Cl)Cl,60.197,393.31,4.114098169
CCCCCCCCCCCCCCCCCCCCCCC(F)F,57.963,397.77,4.076910129
CCCCCCCCCCCCCCCCCCCCCCC(I)I,60.615,449.59,4.120905347
CCCCCCCCCCCCCCCCCCCCOC(=O)CC,59.695,390.8,4.105861322
CCCCCCCCCCCCCCCCCCCOC(=O)CCC,59.695,390.8,4.105861322
CCCCCCCCCCCCCCCCCCCCCCCBr,60.611,325.85,4.120840426
CCCCCCCCCCCCCCCCCCCCCCCCl,59.523,324.15,4.103023458
CCCCCCCCCCCCCCCCCCCCCCCF,58.406,327.15,4.084395231
CCCCCCCCCCCCCCCCCCCCCCCI,59.732,328.35,4.106470742
CCCCCCCCC(CCCCCC)CCCCCCCC,48.116,253.75,3.894184847
CCCCCCCCCCCCCCCCCCCCCCCN,72.628,337.15,4.299025388
CCCCCCCCCCCCCCCCCCCCCCNC,60.335,324.15,4.116350642
CCCCCCCCCCCCCCCCCCCCCNCC,60.335,324.15,4.116350642
CCCCCCCCCCCCCCCCCCCCCN(C)C,58.347,311,4.083401572
CCCCCCCCCCCCCCCCCCCN(CC)CC,58.347,311,4.083401572
CCCCCCCCCCC=C(c1ccccc1)c1ccccc1,44.89,230.41,3.826247228
CCCCCCCCCCCC(c1ccccc1)c1ccccc1,42.475,283.15,3.77218606
CCCCCCCCCOC(=O)c1ccccc1C(=O)OCCCCCCC,46.4,240,3.858622229
CCCCCCCCCCCCCCCCCCc1ccccc1,51.957,309.15,3.969480263
CCCCCCCCCCCC(C1CCCCC1)C1CCCCC1,44.267,300.58,3.81257829
C#CCCCCCCCCCCCCCCCCCCCCCC,60.89,325.15,4.125358616
CCCCCCCCCCCCCCCCCCCC1CCCC1,51.851,308.15,3.967476634
CCCCCCCCCCCCCCCCCCC1CCCCC1,59.701,313.65,4.105960172
C=CCCCCCCCCCCCCCCCCCCCCCC,56.636,318.45,4.054147372
CCCCCCCCCCCCCCCCCCCCCCCC(Br)Br,64.963,464.34,4.189093979
CCCCCCCCCCCCCCCCCCCCCCCC(Cl)Cl,62.787,404.58,4.155549408
CCCCCCCCCCCCCCCCCCCCCCCC(F)F,60.553,409.04,4.119898592
CCCCCCCCCCCCCCCCCCCCCCCC(I)I,63.205,460.86,4.162081089
CCCCCCCCCCCCCCCCCCCCOC(=O)CCC,62.285,402.07,4.147648334
CCCCCCCCCCCCCCCCCCCCCCCCBr,63.201,323.85,4.162018787
CCCCCCCCCCCCCCCCCCCCCCCCCl,62.113,325.15,4.144926771
CCCCCCCCCCCCCCCCCCCCCCCCF,60.996,326.15,4.127069867
CCCCCCCCCCCCCCCCCCCCCCCCI,62.322,327.85,4.14823282
CCCCCCCCCCCCCCCCCCCCCC(C)C,53.764,310.75,4.003033044
CCCCCCCCCCCCCCCCCCCCCCCCN,75.736,340.15,4.340370959
CCCCCCCCCCCCCCCCCCCCCCCNC,62.925,326.15,4.157710521
CCCCCCCCCCCCCCCCCCCCCCNCC,62.926,325.15,4.157726164
CCCCCCCCCCCCNCCCCCCCCCCCC,62.925,324.15,4.157710521
CCCCCCCCCCCCCCCCCCCCCCN(C)C,60.937,317.15,4.126117739
CCCCCCCCCCCCCCCCCCCCN(CC)CC,62.181,277.85,4.146003623
CCCCCCCCN(CCCCCCCC)CCCCCCCC,60.937,238.55,4.126117739
CC(C)CCCCCN(CCCCCC(C)C)CCCCCC(C)C,62.181,277.85,4.146003623
CCCCCCCCCCCC=C(c1ccccc1)c1ccccc1,47.48,225.31,3.881151342
CCCCCCCCCCCCC(c1ccccc1)c1ccccc1,45.065,300.15,3.830053443
CCCCCCCCCCCCCCCCCCCc1ccccc1,54.547,313.15,4.017229509
CCCCCCCCC(CCCCCCCC)CCc1ccccc1,46.029,246.45,3.850764433
CCCCCCCCCC(CCCCCCCC)c1ccc(C)cc1,46.029,233.15,3.850764433
C#CCCCCCCCCCCCCCCCCCCCCCCC,63.48,328.15,4.166355098
CCCCCCCCCCCCCCCCCCCCC1CCCC1,54.441,311.15,4.015319392
CCCCCCCCCCCCCCCCCCCC1CCCCC1,62.809,318.35,4.155894246
CCCCCCCCCCCCCCCCCCCCCC1CCCC1,57.031,315.15,4.060977351
C=CCCCCCCCCCCCCCCCCCCCCCCC,59.226,321.85,4.098104153
CCCCCCCC=C(CCCCCCCC)CCCCCCCC,51.065,233.15,3.952492938
CCCCCCCCCCCCCCCCCCCCCCCCC(Br)Br,67.553,475.61,4.227607169
CCCCCCCCCCCCCCCCCCCCCCCCC(Cl)Cl,65.377,415.85,4.195350611
CCCCCCCCCCCCCCCCCCCCCCCCC(F)F,63.143,420.31,4.161114966
CCCCCCCCCCCCCCCCCCCCCCCCC(I)I,65.795,472.13,4.201628227
CCCCCCCCCCCCCCCCCCCCCCCCCBr,65.791,331.45,4.201568341
CCCCCCCCCCCCCCCCCCCCCCCCCCl,64.703,330.15,4.185144587
CCCCCCCCCCCCCCCCCCCCCCCCCF,63.586,333.15,4.167997669
CCCCCCCCCCCCCCCCCCCCCCCCCI,64.912,333.75,4.188320519
CCCCCCCCCCCCCCCCCCCCCCCCC,57.74,326.85,4.073120926
CCCCCCCCC(CCCCCCCC)CCCCCCCC,51.778,259.35,3.966094437
CCCCCCCCCCCCCCCCCCCCCCCCCN,78.844,341.15,4.380074731
CCCCCCCCCCCCCCCCCCCCCCCCNC,65.515,327.15,4.197427486
CCCCCCCCCCCCCCCCCCCCCCCNCC,65.515,327.15,4.197427486
CCCCCCCCCCCCCCCCCCCCCCCN(C)C,63.527,320,4.167083741
CCCCCCCCCCCCCCCCCCCCCN(CC)CC,63.527,320,4.167083741
CCCCCCCCCCCCC=C(c1ccccc1)c1ccccc1,50.07,220.21,3.933197241
CCCCCCCCCCCCCC(c1ccccc1)c1ccccc1,47.655,291.15,3.884754578
CCCCCCCCCCCOC(=O)c1ccccc1C(=O)OCCCCCCC,50.9,240,3.94931879
CCCCCCCCCCCCCCCCCCCCc1ccccc1,57.137,317.15,4.062802294
CCCCCCCCCCCCCCCC(CCCC)c1ccccc1,54.669,303.35,4.019423439
CCCCCCCCCCCCCCCCCC(CC)c1ccccc1,54.669,302.45,4.019423439
CCCCCCCCCCCCCCCCCCC(C)c1ccccc1,54.669,302.15,4.019423439
CCCCCCCCCCCC(CCCCCCCC)c1ccccc1,54.669,291.05,4.019423439
CCCCCCCCCCCCCCCCC(CCC)c1ccccc1,54.669,304.55,4.019423439
C#CCCCCCCCCCCCCCCCCCCCCCCCC,66.07,330.15,4.20573685
CCCCCCCCCCCCCCCCCCCCC1CCCCC1,65.917,321.65,4.203453045
C=CCCCCCCCCCCCCCCCCCCCCCCCC,61.816,324.95,4.140209818
CCCCCCCCCCCCCCCCCC(CC)C1CCCCC1,63.634,295.88,4.168740588
CCCCCCCCCCCC(CCCCCCCC)C1CCCCC1,63.634,314,4.168740588
CCCCCCCCCCCCCCCCCCCCCCCCCC(Br)Br,70.143,486.88,4.264691936
CCCCCCCCCCCCCCCCCCCCCCCCCC(Cl)Cl,67.967,427.12,4.233628129
CCCCCCCCCCCCCCCCCCCCCCCCCC(F)F,65.733,431.58,4.200699583
CCCCCCCCCCCCCCCCCCCCCCCCCC(I)I,68.385,483.4,4.239670706
CCCCCCCCCCCCCCCCCCCCCCCCCCBr,68.381,329.55,4.239613055
CCCCCCCCCCCCCCCCCCCCCCCCCCCl,67.293,331.15,4.223807272
CCCCCCCCCCCCCCCCCCCCCCCCCCF,66.176,332.15,4.207316041
CCCCCCCCCCCCCCCCCCCCCCCCCCI,67.502,333.05,4.226862942
CCCCCCCCCCCCCCCCCC(CCCC)CCCC,54.025,481.15,4.007787627
CCCCCCCCCCCCCCCC(CCCC)CCCCCC,54.025,274.75,4.007787627
CCCCCCCCCCCCCC(CCCC)CCCCCCCC,54.025,273.85,4.007787627
CCCCCCCCCCCC(CCCC)CCCCCCCCCC,54.025,299.23,4.007787627
CCCCCC(CCCCC)CCCCC(CCCCC)CCCCC,54.025,256.95,4.007787627
CCCCCCCCCCCCCC(CC(CC)CC)CC(CC)CC,54.025,222.15,4.007787627
CCCCCCCCCCCCCCCCCCCCCC(CC)CC,54.025,303.25,4.007787627
CCCCCCCCCCCCCCCCCCCCCCCCCCN,81.952,344.15,4.418262127
CCCCCCCCCCCCCCCCCCCCCCCCCNC,68.105,329.15,4.235627087
CCCCCCCCCCCCCCCCCCCCCCCCNCC,68.105,329.15,4.235627087
CCCCCCCCCCCCCNCCCCCCCCCCCCC,68.105,329.65,4.235627087
CCCCCCCCCCCCCCCCCCCCCCCCN(C)C,66.117,322.15,4.206437365
CCCCCCCCCCCCCCCCCCCCCCN(CC)CC,67.108,325.9,4.221094681
CCCCCCCCCCCCCC=C(c1ccccc1)c1ccccc1,52.66,215.11,3.982667845
CCCCCCCCCCCCCCC(c1ccccc1)c1ccccc1,50.245,306.15,3.936618052
CCCCCCCCCCCCCCCCCCCCCc1ccccc1,59.727,321.15,4.10638841
C#CCCCCCCCCCCCCCCCCCCCCCCCCC,68.66,333.15,4.243626265
CCCCCCCCCCCCCCCCCCCCCCC1CCCC1,59.621,318.15,4.104641368
CCCCCCCCCCCCCCCCCCCCCC1CCCCC1,69.025,324.65,4.248852321
CCCCCCCCCCC(CCCCCCCCCC)C1CCCCC1,63.492,272.6,4.166541185
C=CCCCCCCCCCCCCCCCCCCCCCCCCC,64.406,327.85,4.180613997
CCCCCCCCCCCCCCCCCCCCCCCCCCC(Br)Br,72.733,498.15,4.30045046
CCCCCCCCCCCCCCCCCCCCCCCCCCC(Cl)Cl,70.557,438.39,4.270494335
CCCCCCCCCCCCCCCCCCCCCCCCCCC(F)F,68.323,442.85,4.238776741
CCCCCCCCCCCCCCCCCCCCCCCCCCC(I)I,70.975,494.67,4.276318836
CCCCCCCCCCCCCCCCCCCCCCCCCCCBr,70.971,336.55,4.27626326
CCCCCCCCCCCCCCCCCCCCCCCCCCCCl,69.883,335.15,4.26103063
CCCCCCCCCCCCCCCCCCCCCCCCCCCF,68.766,338.15,4.245146785
CCCCCCCCCCCCCCCCCCCCCCCCCCCI,70.092,338.45,4.263974813
CCCCCCCCCCCCCCCCCCCCCCCCCCC,60.417,332.15,4.11768667
CCCCCCCCCCCCCCCCCCCCCCCCCCCN,85.06,345.15,4.455044727
CCCCCCCCCCCCCCCCCCCCCCCCCCNC,70.695,331.15,4.27242101
CCCCCCCCCCCCCCCCCCCCCCCCCNCC,70.695,331.15,4.27242101
CCCCCCCCCCCCCCCCCCCCCCCCCN(C)C,68.707,325,4.244300743
CCCCCCCCCCCCCCCCCCCCCCCN(CC)CC,68.707,325,4.244300743
CCCCCCCCCN(CCCCCCCCC)CCCCCCCCC,68.707,325,4.244300743
CCCCCCCCCCCCCCC=C(c1ccccc1)c1ccccc1,55.25,210.01,4.029806041
CCCCCCCCCCCCCCCC(c1ccccc1)c1ccccc1,52.835,299.15,3.985923813
CCCCCCCCCCCCCCCCCCCCCCc1ccccc1,62.317,324.15,4.148153855
C#CCCCCCCCCCCCCCCCCCCCCCCCCCC,71.25,335.15,4.280132327
CCCCCCCCCCCCCCCCCCCCCCCC1CCCC1,62.211,322.15,4.146478337
CCCCCCCCCCCCCCCCCCCCCCC1CCCCC1,72.133,327.55,4.292279701
C=CCCCCCCCCCCCCCCCCCCCCCCCCCC,66.996,330.65,4.21944888
CCCCCCCCCCCCCCCCCCCCCCCCCCCC(Br)Br,75.323,509.42,4.334974335
CCCCCCCCCCCCCCCCCCCCCCCCCCCC(Cl)Cl,73.147,449.66,4.306049609
CCCCCCCCCCCCCCCCCCCCCCCCCCCC(F)F,70.913,454.12,4.275457055
CCCCCCCCCCCCCCCCCCCCCCCCCCCC(I)I,73.565,505.94,4.311671228
CCCCCCCCCCCCCCCCCCCCCCCCCCCCBr,73.561,334.55,4.311617582
CCCCCCCCCCCCCCCCCCCCCCCCCCCCCl,72.473,336.15,4.296917992
CCCCCCCCCCCCCCCCCCCCCCCCCCCCF,71.356,337.15,4.28159838
CCCCCCCCCCCCCCCCCCCCCCCCCCCCI,72.682,337.75,4.299758536
CCCCCCCCCCCCCCCCCCCCCCCCCCCC,64.64,337.65,4.184185266
CCCCCCCCCCCCCCCC(CCCCCC)CCCCCC,57.672,292.45,4.071962611
CCCCCCCCCCCC(CCCCCCCC)CCCCCCCC,57.672,273.65,4.071962611
CCCCCCCCCCCCCCCCCCCCCCCCCCCCN,88.168,348.15,4.490522231
CCCCCCCCCCCCCCCCCCCCCCCCCCCNC,73.285,332.15,4.307909047
CCCCCCCCCCCCCCCCCCCCCCCCCCNCC,73.285,332.96,4.307909047
CCCCCCCCCCCCCCNCCCCCCCCCCCCCC,73.285,333.77,4.307909047
CCCCCCCCCCCCCCCCCCCCCCCCCCN(C)C,71.297,328.15,4.280782635
CCCCCCCCCCCCCCCCCCCCCCCCN(CC)CC,71.297,328.15,4.280782635
CCCCCCCCCCCCCCCCCCCCCCCc1ccccc1,64.907,327.15,4.188244657
C#CCCCCCCCCCCCCCCCCCCCCCCCCCCC,73.84,338.15,4.315352501
CCCCCCCCCCCCCCCCCCCCCCCCC1CCCC1,64.801,324.15,4.186635036
CCCCCCCCCCCCCCCCCCCCCCCC1CCCCC1,75.241,330.15,4.333899376
C=CCCCCCCCCCCCCCCCCCCCCCCCCCCC,69.586,323.15,4.256831825
CCCCCCCCCCCCCCCCCCCCCCCCCCCCC(Br)Br,77.913,520.69,4.36834598
CCCCCCCCCCCCCCCCCCCCCCCCCCCCC(Cl)Cl,75.737,460.93,4.340383991
CCCCCCCCCCCCCCCCCCCCCCCCCCCCC(F)F,73.503,465.39,4.310839393
CCCCCCCCCCCCCCCCCCCCCCCCCCCCC(I)I,76.155,517.21,4.345816386
CCCCCCCCCCCCCCCCCCCCCCCCCCCCCBr,76.151,340.95,4.34576454
CCCCCCCCCCCCCCCCCCCCCCCCCCCCCCl,75.063,340.15,4.331561944
CCCCCCCCCCCCCCCCCCCCCCCCCCCCCF,73.946,343.15,4.316767854
CCCCCCCCCCCCCCCCCCCCCCCCCCCCCI,75.272,342.65,4.334305898
CCCCCCCCCCCCCCCCCCCCCCCCCCCCC,66.11,336.85,4.206333064
CCCCCCCCCCCCCCCCCCCCCCCCCCCCCN,91.276,349.15,4.524784086
CCCCCCCCCCCCCCCCCCCCCCCCCCCCNC,75.875,334.15,4.342180726
CCCCCCCCCCCCCCCCCCCCCCCCCCCNCC,75.875,334.15,4.342180726
CCCCCCCCCCCCCCCCCCCCCCCCCCCN(C)C,73.887,330,4.315980311
CCCCCCCCCCCCCCCCCCCCCCCCCN(CC)CC,73.887,330,4.315980311
CCCCCCCCCCCCCCCCCCCCCCCCc1ccccc1,67.497,330.15,4.226789949
C#CCCCCCCCCCCCCCCCCCCCCCCCCCCCC,76.43,340.15,4.349374302
CCCCCCCCCCCCCCCCCCCCCCCCCC1CCCC1,67.391,327.15,4.225241237
CCCCCCCCCCCCCCCCCCCCCCCCC1CCCCC1,78.349,332.65,4.373855844
C=CCCCCCCCCCCCCCCCCCCCCCCCCCCCC,72.176,325.55,4.292867498
CCCCCCCCCCCCCCCCCCCCCCCCCCCCCC(Br)Br,80.503,531.96,4.400639829
CCCCCCCCCCCCCCCCCCCCCCCCCCCCCC(Cl)Cl,78.327,472.2,4.37357855
CCCCCCCCCCCCCCCCCCCCCCCCCCCCCC(F)F,76.093,476.66,4.345012485
CCCCCCCCCCCCCCCCCCCCCCCCCCCCCC(I)I,78.745,528.48,4.378834044
CCCCCCCCCCCCCCCCCCCCCCCCCCCCCCBr,78.741,338.95,4.378783883
CCCCCCCCCCCCCCCCCCCCCCCCCCCCCCCl,77.653,340.15,4.365045772
CCCCCCCCCCCCCCCCCCCCCCCCCCCCCCF,76.536,342.15,4.350742345
CCCCCCCCCCCCCCCCCCCCCCCCCCCCCCI,77.862,281.85,4.36769949
CCCCCCCCCCCCCCCCCCCCCCCCCCCCCC,68.83,338.95,4.246063717
CC(C)CCCC(C)CCCC(C)CCCCC(C)CCCC(C)CCCC(C)C,57.932,235.15,4.076384237
CCCCCCCCCCCCCC(CCCCCCCC)CCCCCCCC,57.932,281.75,4.076384237
CCCCCCCCCCCCCCCCCCCCCCCCCCCCCCN,94.384,351.15,4.55791085
CCCCCCCCCCCCCCCCCCCCCCCCCCCCCNC,78.465,335.15,4.375316673
CCCCCCCCCCCCCCCCCCCCCCCCCCCCNCC,78.465,335.8,4.375316673
CCCCCCCCCCCCCCCNCCCCCCCCCCCCCCC,78.465,336.45,4.375316673
CCCCCCCCCCCCCCCCCCCCCCCCCCCCN(C)C,76.477,333.15,4.349981118
CCCCCCCCCCCCCCCCCCCCCCCCCCN(CC)CC,77.262,302.65,4.360062172
CCCCCCCCCCCCCCCCCCCCCCCCCc1ccccc1,70.087,332.15,4.263904479
CCCCCCCCCCCCC(CCCCCCCCCCCC)c1ccccc1,67.207,304.85,4.222547199
C#CCCCCCCCCCCCCCCCCCCCCCCCCCCCCC,79.02,342.15,4.382276603
CCCCCCCCCCCCCCCCCCCCCCCCCCC1CCCC1,69.981,329.15,4.262412236
CCCCCCCCCCCCCCCCCCCCCCCCCC1CCCCC1,81.457,335.05,4.412276945
C=CCCCCCCCCCCCCCCCCCCCCCCCCCCCCC,74.766,327.75,4.327649643
CCCCCCCCCCCCCCCCCCCCCCCCCCCCCCC(Br)Br,83.093,543.23,4.431923329
CCCCCCCCCCCCCCCCCCCCCCCCCCCCCCC(Cl)Cl,80.917,483.47,4.40570654
CCCCCCCCCCCCCCCCCCCCCCCCCCCCCCC(F)F,78.683,487.93,4.378056263
CCCCCCCCCCCCCCCCCCCCCCCCCCCCCCC(I)I,81.335,539.75,4.410796291
CCCCCCCCCCCCCCCCCCCCCCCCCCCCCCCBr,81.331,344.85,4.410747707
CCCCCCCCCCCCCCCCCCCCCCCCCCCCCCCCl,80.243,344.15,4.397444664
CCCCCCCCCCCCCCCCCCCCCCCCCCCCCCCF,79.126,347.15,4.383600396
CCCCCCCCCCCCCCCCCCCCCCCCCCCCCCCI,80.452,346.45,4.40001389
CCCCCCCCCCCCCCCCCCCCCCCCCCCCCCC,76.046,341.05,4.344402646
CCCCCCCCCCC(CCCCCCCCCC)CCCCCCCCCC,71.207,282.34,4.279536994
CCCCCCCCCCCCCCCCCCCCCCCCCCCCCCCN,97.492,352.15,4.589975327
CCCCCCCCCCCCCCCCCCCCCCCCCCCCCCNC,81.055,336.15,4.407389754
CCCCCCCCCCCCCCCCCCCCCCCCCCCCCNCC,81.055,336.15,4.407389754
CCCCCCCCCCCCCCCCCCCCCCCCCCCCCN(C)C,79.067,335,4.382863784
CCCCCCCCCCCCCCCCCCCCCCCCCCCN(CC)CC,79.067,335,4.382863784
CCCCCCCCCCCCCCCCCCCCCCCCCCc1ccccc1,72.677,335.15,4.299690675
C#CCCCCCCCCCCCCCCCCCCCCCCCCCCCCCC,81.61,344.15,4.414130739
CCCCCCCCCCCCCCCCCCCCCCCCCCCC1CCCC1,72.571,332.15,4.298250926
CCCCCCCCCCCCCCCCCCCCCCCCCCC1CCCCC1,84.565,337.15,4.449276321
C=CCCCCCCCCCCCCCCCCCCCCCCCCCCCCCC,77.356,329.85,4.361262545
CCCCCCCCCCCCCCCCCCCCCCCCCCCCCCCC(Br)Br,85.683,554.5,4.462257786
CCCCCCCCCCCCCCCCCCCCCCCCCCCCCCCC(Cl)Cl,83.507,494.74,4.436834371
CCCCCCCCCCCCCCCCCCCCCCCCCCCCCCCC(F)F,81.273,499.2,4.410042986
CCCCCCCCCCCCCCCCCCCCCCCCCCCCCCCC(I)I,83.925,551.02,4.441768514
CCCCCCCCCCCCCCCCCCCCCCCCCCCCCCCCBr,83.921,342.85,4.441721413
CCCCCCCCCCCCCCCCCCCCCCCCCCCCCCCCCl,82.833,344.15,4.428826725
CCCCCCCCCCCCCCCCCCCCCCCCCCCCCCCCF,81.716,346.15,4.415413054
CCCCCCCCCCCCCCCCCCCCCCCCCCCCCCCCI,83.042,345.55,4.431316674
CCCCCCCCCCCCCCCCCCCCCCCCCCCCCCCC,78.636,342.85,4.377466252
CCCCCCCCCCCCCCCCCCCCCCCCCCCCC(C)CC,70.757,274.15,4.273285411
CCCCCCCCCCCCCCCCCCCCCCCCCCCCCCCNC,83.645,338.15,4.43846604
CCCCCCCCCCCCCCCCCCCCCCCCCCCCCCNCC,83.646,339.17,4.438477854
CCCCCCCCCCCCCCCCNCCCCCCCCCCCCCCCC,83.645,340.18,4.43846604
CCCCCCCCCCCCCCCCCCCCCCCCCCCCCCN(C)C,81.657,338.15,4.414699515
CCCCCCCCCCCCCCCCCCCCCCCCCCCCN(CC)CC,81.657,338.15,4.414699515
CCCCCCCCCCCCCCCCCCCCCCCCCCCc1ccccc1,75.267,337.15,4.334240341
C#CCCCCCCCCCCCCCCCCCCCCCCCCCCCCCCC,84.2,346.15,4.445001434
CCCCCCCCCCCCCCCCCCCCCCCCCCCCC1CCCC1,75.161,334.15,4.332849521
CCCCCCCCCCCCCCCCCCCCCCCCCCCC1CCCCC1,87.673,339.25,4.484955446
C=CCCCCCCCCCCCCCCCCCCCCCCCCCCCCCCC,79.946,331.85,4.393782266
CCCCCCCCCCCCCCCCCCCCCCCCCCCCCCCCC(Br)Br,88.273,565.77,4.491699091
CCCCCCCCCCCCCCCCCCCCCCCCCCCCCCCCC(Cl)Cl,86.097,506.01,4.46702244
CCCCCCCCCCCCCCCCCCCCCCCCCCCCCCCCC(F)F,83.863,510.47,4.441038191
CCCCCCCCCCCCCCCCCCCCCCCCCCCCCCCCC(I)I,86.515,562.29,4.471810207
CCCCCCCCCCCCCCCCCCCCCCCCCCCCCCCCCBr,86.511,348.45,4.4717645
CCCCCCCCCCCCCCCCCCCCCCCCCCCCCCCCCCl,85.423,348.15,4.459253844
CCCCCCCCCCCCCCCCCCCCCCCCCCCCCCCCCF,84.306,350.15,4.446244792
CCCCCCCCCCCCCCCCCCCCCCCCCCCCCCCCCI,85.632,349.85,4.461669262
CCCCCCCCCCCCCCCCCCCCCCCCCCCCCCCCNC,86.235,339.15,4.468605627
CCCCCCCCCCCCCCCCCCCCCCCCCCCCCCCNCC,86.235,339.15,4.468605627
CCCCCCCCCCCCCCCCCCCCCCCCCCCCCCCN(C)C,84.247,340,4.445552925
CCCCCCCCCCCCCCCCCCCCCCCCCCCCCN(CC)CC,84.247,340,4.445552925
CCCCCCCCCCCN(CCCCCCCCCCC)CCCCCCCCCCC,84.247,340,4.445552925
CCCCCCCCCCCCCCCCCCCCCCCCCCCCc1ccccc1,77.857,339.15,4.367636086
C#CCCCCCCCCCCCCCCCCCCCCCCCCCCCCCCCC,86.79,347.15,4.474947599
CCCCCCCCCCCCCCCCCCCCCCCCCCCCCCCCCCI,86.381,348.95,4.470277868
CCCCCCCCCCCCCCCCCCCCCCCCCCCCCC1CCCC1,77.751,336.15,4.366290976
CCCCCCCCCCCCCCCCCCCCCCCCCCCCC1CCCCC1,90.781,341.15,4.519405305
C=CCCCCCCCCCCCCCCCCCCCCCCCCCCCCCCCC,82.536,343.65,4.425277677
CCCCCCCCCCCCCCCCCCCCCCCCCCCCCCCCCC(Br)Br,90.863,577.04,4.520298337
CCCCCCCCCCCCCCCCCCCCCCCCCCCCCCCCCC(Cl)Cl,88.687,517.28,4.496325831
CCCCCCCCCCCCCCCCCCCCCCCCCCCCCCCCCC(F)F,86.453,521.74,4.471101506
CCCCCCCCCCCCCCCCCCCCCCCCCCCCCCCCCC(I)I,89.105,573.56,4.500975657
CCCCCCCCCCCCCCCCCCCCCCCCCCCCCCCCCCBr,89.101,346.45,4.500931263
CCCCCCCCCCCCCCCCCCCCCCCCCCCCCCCCCCCl,88.013,348.15,4.488782426
CCCCCCCCCCCCCCCCCCCCCCCCCCCCCCCCCCF,86.896,349.15,4.476154297
CCCCCCCCCCCCCCCCCCCCCCCCCCCCCCCCCC,83.816,343.25,4.440484204
CCCCCCCCCCCCCC(CCCCCCCCCC)CCCCCCCCCC,76.576,283.95,4.351258101
CCCCCCCCCCCCCCCCCCCCCCCCCCCCCCCCCNC,88.825,340.15,4.497863333
CCCCCCCCCCCCCCCCCCCCCCCCCCCCCCCCNCC,88.828,342.15,4.497896731
CCCCCCCCCCCCCCCCCNCCCCCCCCCCCCCCCCC,88.825,344.15,4.497863333
CCCCCCCCCCCCCCCCCCCCCCCCCCCCCCCCN(C)C,86.837,342.15,4.475482824
CCCCCCCCCCCCCCCCCCCCCCCCCCCCCCN(CC)CC,86.837,342.15,4.475482824
CCCCCCCCCCCCCCCCCCCCCCCCCCCCCc1ccccc1,80.447,341.15,4.399952502
C#CCCCCCCCCCCCCCCCCCCCCCCCCCCCCCCCCC,89.38,349.15,4.504023004
CCCCCCCCCCCCCCCCCCCCCCCCCCCCCCC1CCCC1,80.341,338.15,4.398650194
CCCCCCCCCCCCCCCCCCCCCCCCCCCCCC1CCCCC1,93.889,343.05,4.552707787
C=CCCCCCCCCCCCCCCCCCCCCCCCCCCCCCCCCC,85.126,345.45,4.45581134
CCCCCCCCCCCCCCCCCCCCCCCCCCCCCCCCCCC(Br)Br,93.453,588.31,4.548102356
CCCCCCCCCCCCCCCCCCCCCCCCCCCCCCCCCCC(Cl)Cl,91.277,528.55,4.524794923
CCCCCCCCCCCCCCCCCCCCCCCCCCCCCCCCCCC(F)F,89.043,533.01,4.500287334
CCCCCCCCCCCCCCCCCCCCCCCCCCCCCCCCCCC(I)I,91.695,584.83,4.529314534
CCCCCCCCCCCCCCCCCCCCCCCCCCCCCCCCCCCBr,91.691,351.65,4.52927138
CCCCCCCCCCCCCCCCCCCCCCCCCCCCCCCCCCCCl,90.603,351.15,4.517464022
CCCCCCCCCCCCCCCCCCCCCCCCCCCCCCCCCCCF,89.486,354.15,4.505195143
CCCCCCCCCCCCCCCCCCCCCCCCCCCCCCCCCCCI,90.812,352.85,4.519743008
CCCCCCCCCCCCCCCCCCCCCCCCCCCCCCCCCCC,86.406,347.85,4.47056393
CCCCCCCCCCCCCCCCCCCCCCCCCCCCCCCCCCNC,91.415,341.15,4.526289303
CCCCCCCCCCCCCCCCCCCCCCCCCCCCCCCCCNCC,91.415,341.15,4.526289303
CCCCCCCCCCCCCCCCCCCCCCCCCCCCCCCCCN(C)C,89.427,342,4.504542895
CCCCCCCCCCCCCCCCCCCCCCCCCCCCCCCN(CC)CC,89.427,342,4.504542895
CCCCCCCCCCCCCCCCCCCCCCCCCCCCCCc1ccccc1,83.037,343.15,4.431257178
C#CCCCCCCCCCCCCCCCCCCCCCCCCCCCCCCCCCC,91.97,350.15,4.53227686
CCCCCCCCCCCCCCCCCCCCCCCCCCCCCCCC1CCCC1,82.931,340.15,4.429995033
CCCCCCCCCCCCCCCCCCCCCCCCCCCCCCC1CCCCC1,96.997,344.75,4.584936866
C=CCCCCCCCCCCCCCCCCCCCCCCCCCCCCCCCCCC,87.716,347.05,4.485440256
CCCCCCCCCCCCCCCCCCCCCCCCCCCCCCCCCCCC(Br)Br,96.043,599.58,4.575154179
CCCCCCCCCCCCCCCCCCCCCCCCCCCCCCCCCCCC(Cl)Cl,93.867,539.82,4.552475911
CCCCCCCCCCCCCCCCCCCCCCCCCCCCCCCCCCCC(F)F,91.633,544.28,4.52864545
CCCCCCCCCCCCCCCCCCCCCCCCCCCCCCCCCCCC(I)I,94.285,596.1,4.556872401
CCCCCCCCCCCCCCCCCCCCCCCCCCCCCCCCCCCCBr,94.281,349.65,4.55683042
CCCCCCCCCCCCCCCCCCCCCCCCCCCCCCCCCCCCCl,93.193,351.15,4.545345869
CCCCCCCCCCCCCCCCCCCCCCCCCCCCCCCCCCCCF,92.076,353.15,4.533416364
CCCCCCCCCCCCCCCCCCCCCCCCCCCCCCCCCCCCI,93.402,351.95,4.547562259
CCCCCCCCCCCCCCCCCCCCCCCCCCCCCCCCCCCC,88.826,349.35,4.497874466
CCCCCCCCCCCCC(CCCCCCCCCCC)CCCCCCCCCCCC,80.372,282.85,4.399031233
CCCCCCCCCCCCCCCCCCCCCCCCCCCCCCCCCCCNC,94.005,342.15,4.553929522
CCCCCCCCCCCCCCCCCCCCCCCCCCCCCCCCCCNCC,94.005,345.45,4.553929522
CCCCCCCCCCCCCCCCCCNCCCCCCCCCCCCCCCCCC,94.005,345.45,4.553929522
CCCCCCCCCCCCCCCCCCCCCCCCCCCCCCCCCCN(C)C,92.017,346.15,4.532782272
CCCCCCCCCCCCCCCCCCCCCCCCCCCCCCCCN(CC)CC,93.279,325.72,4.546258471
CCCCCCCCCCCCN(CCCCCCCCCCCC)CCCCCCCCCCCC,92.017,288.85,4.532782272
CCCCCCCCCCCCCCCCCCCCCCCCCCCCCCCc1ccccc1,85.627,345.15,4.461611545
C#CCCCCCCCCCCCCCCCCCCCCCCCCCCCCCCCCCCC,94.56,352.15,4.559754322
CCCCCCCCCCCCCCCCCCCCCCCCCCCCCCCCC1CCCC1,85.521,342.15,4.460387159
C=CCCCCCCCCCCCCCCCCCCCCCCCCCCCCCCCCCCC,90.306,348.65,4.514216503
CCCCCCCCCCCCCCCCCCCCCCCCCCCCCCCCCCCCC(Br)Br,98.633,610.85,4.601493435
CCCCCCCCCCCCCCCCCCCCCCCCCCCCCCCCCCCCC(Cl)Cl,96.457,551.09,4.579411255
CCCCCCCCCCCCCCCCCCCCCCCCCCCCCCCCCCCCC(F)F,94.223,555.55,4.556221509
CCCCCCCCCCCCCCCCCCCCCCCCCCCCCCCCCCCCC(I)I,96.875,607.37,4.583691154
CCCCCCCCCCCCCCCCCCCCCCCCCCCCCCCCCCCCCBr,96.871,354.55,4.583650285
CCCCCCCCCCCCCCCCCCCCCCCCCCCCCCCCCCCCCCl,95.783,354.15,4.572471359
CCCCCCCCCCCCCCCCCCCCCCCCCCCCCCCCCCCCCF,94.666,357.15,4.560862958
CCCCCCCCCCCCCCCCCCCCCCCCCCCCCCCCCCCCCI,95.992,355.65,4.574628501
CCCCCCCCCCCCCCCCCCCCCCCCCCCCCCCCCCCCC,91.586,350.85,4.528137942
CCCCCCCCCCCCCCCCCCCCCCCCCCCCCCCCCCCCNC,96.595,343.15,4.580826263
CCCCCCCCCCCCCCCCCCCCCCCCCCCCCCCCCCCNCC,96.595,343.15,4.580826263
CCCCCCCCCCCCCCCCCCCCCCCCCCCCCCCCCCCN(C)C,94.607,317.65,4.560246039
CCCCCCCCCCCCCCCCCCCCCCCCCCCCCCCCCN(CC)CC,94.607,317.65,4.560246039
CCCCCCCCCCCCCCCCCCN(C)CCCCCCCCCCCCCCCCCC,94.607,317.65,4.560246039
CCCCCCCCCCCCCCCCCCCCCCCCCCCCCCCCc1ccccc1,88.217,347.15,4.491071604
C#CCCCCCCCCCCCCCCCCCCCCCCCCCCCCCCCCCCCC,97.15,353.15,4.586496921
CCCCCCCCCCCCCCCCCCCCCCCCCCCCCCCCCC1CCCC1,88.111,343.15,4.489882784
C=CCCCCCCCCCCCCCCCCCCCCCCCCCCCCCCCCCCCC,92.896,350.15,4.542187787
CCCCCCCCCCCCCCCCCCCCCCCCCCCCCCCCCCCCCC(Cl)Cl,99.047,562.36,4.605640076
CCCCCCCCCCCCCCCCCCCCCCCCCCCCCCCCCCCCCC(F)F,96.813,566.82,4.583057493
CCCCCCCCCCCCCCCCCCCCCCCCCCCCCCCCCCCCCC(I)I,99.465,618.64,4.609809408
CCCCCCCCCCCCCCCCCCCCCCCCCCCCCCCCCCCCCCBr,99.461,352.55,4.609769592
CCCCCCCCCCCCCCCCCCCCCCCCCCCCCCCCCCCCCCCl,98.373,354.15,4.598880447
CCCCCCCCCCCCCCCCCCCCCCCCCCCCCCCCCCCCCCF,97.256,355.15,4.587576318
CCCCCCCCCCCCCCCCCCCCCCCCCCCCCCCCCCCCCCI,98.582,354.75,4.600981425
CCCCCCCCCCCCCCCCCCCCCCCCCCCCCCCCCCCCCC,94.176,352.15,4.555727809
CCCCCCCCCCCCCC(CCCCCCCCCCCC)CCCCCCCCCCCC,85.444,286.85,4.459496805
CCCCCCCCCCCCCCCCCCCCCCCCCCCCCCCCCCCCCNC,99.185,344.15,4.607018477
CCCCCCCCCCCCCCCCCCCCCCCCCCCCCCCCCCCCNCC,98.531,348.15,4.600469153
CCCCCCCCCCCCCCCCCCCNCCCCCCCCCCCCCCCCCCC,99.185,351.15,4.607018477
CCCCCCCCCCCCCCCCCCCCCCCCCCCCCCCCCCCCN(C)C,97.197,349.15,4.586975665
CCCCCCCCCCCCCCCCCCCCCCCCCCCCCCCCCCN(CC)CC,97.197,337,4.586975665
CCCCCCCCCCCCCCCCCCCCCCCCCCCCCCCCCc1ccccc1,90.807,348.15,4.519688547
C#CCCCCCCCCCCCCCCCCCCCCCCCCCCCCCCCCCCCCC,99.74,355.15,4.61254294
C=CCCCCCCCCCCCCCCCCCCCCCCCCCCCCCCCCCCCCC,95.486,351.55,4.56939792
CCCCCCCCCCCCCCCCCCCCCCCCCCCCCCCCCCCCCCC(F)F,99.403,578.09,4.609192087
CCCCCCCCCCCCCCCCCCCCCCCCCCCCCCCCCCCCCCCF,99.846,359.15,4.613594601
CCCCCCCCCCCCCCCCCCCCCCCCCCCCCCCCCCCCCCC,96.766,353.45,4.582576868
CCCCCCCCCCCCCCCCCCCCCCCCCCCCCCCCCCCCCN(C)C,99.787,347,4.613009379
CCCCCCCCCCCCCCCCCCCCCCCCCCCCCCCCCCCN(CC)CC,99.787,347,4.613009379
CCCCCCCCCCCCCN(CCCCCCCCCCCCC)CCCCCCCCCCCCC,99.787,347,4.613009379
CCCCCCCCCCCCCCCCCCCCCCCCCCCCCCCCCCc1ccccc1,93.397,350.15,4.547509293
CCCCCCCCCCCCCCCCCCCCCCCCCCCCCCCCCCCC1CCCC1,93.291,347.15,4.546385745
C=CCCCCCCCCCCCCCCCCCCCCCCCCCCCCCCCCCCCCCC,98.076,352.95,4.595887232
CCCCCCCCCCCCCCCCCCCCCCCCCCCCCCCCCCCCCCCC,99.356,354.65,4.608723864
CCCCCCCCCCCCCCCCCCCCCCCCCCCCCCCCCCCc1ccccc1,95.987,352.15,4.574576949
CCCCCCCCCCCCCCCCCCCCCCCCCCCCCCCCCCCCC1CCCC1,95.881,348.15,4.573483421
CCCCCCCCCCCCCCCCCCCCCCCCCCCCCCCCCCCCc1ccccc1,98.577,353.15,4.600931214
C1CCCCCCCCCCC1,3.72610354,321.4256615,1.553101087
CC(C)(C)C(C)(C)C,1.75191398,370.7966827,1.012296662
CC(C)C(C)C(C)C,2.21558562,378.3333878,1.168009494
CC(C)CC(C)(C)C,2.17734466,367.6735672,1.156045835
CCCC1CCCC1,2.39962024,367.8816208,1.223663731
CCCCC(C)C,2.19407508,388.3989471,1.161297556
CCCCCCC,3.358251578,342.4772934,1.472070963
CC(C)C(C)(C)C,0.5258132,363.3520721,0.422527514
CCCC(C)(C)C,1.39579504,378.4707321,0.873715134
C[C@H]1CCCC[C@@H]1C,2.509563,355.0898956,1.255491528
CC(C)CC(C)C,1.61807062,374.8721375,0.962437642
CCC1CCCCC1,2.014023893,354.967009,1.103276028
CCC(C)(C)CC,1.68977242,381.5905136,0.989456588
C1CCCCCCC1,0.5736144,340.2717346,0.453375139
CCCCCC,3.062144872,334.7475418,1.401711128
CC1CCCCC1,1.60373026,355.6102356,0.956945132
CCCC(C)C,1.49856762,395.4645752,0.915717616
CCC(C)CC,1.26912186,391.4225601,0.819392911
CC(C)C(C)C,0.19000977,368.3103699,0.173961517
CCC(C)(C)C,0.12906324,351.3470902,0.121388298
C1CCCCCC1,0.45172134,317.0021042,0.372749983
CC1CCCC1,1.65033643,386.3589844,0.974686587
CCCCC,2.008247915,365.7121643,1.101357821
CCC(C)Br,1.64436128,382.2532486,0.972429554
C1CCCCC1,0.627091993,299.5212559,0.486794368
CCCC,1.07911209,363.7041458,0.731940923
CCC,0.83891106,377.3184418,0.609173581
Cc1ccccc1C,3.209053893,311.4631027,1.437237894
CCc1ccccc1,2.18929496,325.043425,1.159799877
CC,0.496335793,356.6008591,0.403019315
C1CCCC1,0.142379289,337.0051521,0.133113183
Cc1ccccc1Cl,2.4617618,301.5512966,1.24177765
Cc1ccsc1,2.51912324,341.4188522,1.258211879
CC(C)OC(C)(C)C,2.02199076,320.7389397,1.105915806
CC(C)SC(C)C,2.49044252,350.885199,1.250028525
CC=C(C)C,1.81405554,378.142424,1.034626696
Cc1ccccc1,1.57265948,333.6124596,0.944940181
CCCCBr,2.19288005,359.5568146,1.160923346
CCCCS,2.50000276,354.1417831,1.252763757
CC(Cl)(Cl)Cl,0.478012,322.7093948,0.390697942
C=CCC=C,1.46749684,379.8851456,0.903204212
CC(F)(F)F,1.47944714,372.7914566,0.908035608
C/C=C/C,2.34584389,372.2793488,1.207718946
C/C=C\C,1.727216693,372.2793488,1.003281563
C=CC=C,1.894520893,357.3858017,1.062819603
COc1ccccc1,3.31262316,313.4313873,1.461546341
CCC(C)S,1.54875888,401.9641327,0.935606527
CC(C)(C)S,0.59273488,300.7679237,0.465452589
CCCCCCC=O,5.47084734,295.6677612,1.867307064
CC(F)(F)Cl,0.64292614,386.6047348,0.496478884
c1ccccc1,2.381827571,289.6498512,1.218416265
C1CSCCS1,5.1625296,379.539389,1.818487343
CCCS,1.30975288,351.7595276,0.83714054
CC(C)Br,1.5654893,363.2625794,0.942149221
C=C(Cl)Cl,1.55592906,340.4849075,0.938415782
CC(C)OC(C)C,2.75812924,328.6629967,1.323921291
CC(C)(C)Cl,0.47203685,344.6453003,0.386647054
CCCC(=O)CCC,3.86233696,300.8657936,1.581519178
CCSCC,2.84895152,354.2224335,1.347800779
c1ccsc1,1.202996867,341.97164,0.789818646
Cc1ccco1,2.09966771,328.3081535,1.131294915
CC(C)Cl,1.76625434,367.3467773,1.017494181
C=CCl,1.17590952,381.3347458,0.777446747
C#C,0.89866256,343.6415619,0.641149723
CC(F)F,0.37523942,371.0682053,0.31862784
CC(C)C(=O)C(C)C,2.6768672,331.9723305,1.302061085
CC(Cl)Cl,1.88097722,339.9075531,1.058129549
CC(=O)c1ccccc1,3.9794499,295.5833572,1.605319423
CI,2.17973472,333.900351,1.156797772
C1CCSC1,1.7566941,333.8960671,1.014032172
CC(C)(C)CCO,2.28011724,339.6422409,1.187879166
CCSC,2.33269856,364.031691,1.203782354
CCCl,1.0635767,375.2157501,0.724440739
CCC(C)(C)CO,1.05640652,328.9884514,0.720960052
CCCCOC,2.5932151,361.688475,1.279047373
CSC,1.90726788,340.9449143,1.067213767
CCl,1.53441852,350.0976013,0.92996423
CCCCC=O,3.58509,326.7814545,1.522809735
CCCC(=O)CC,3.21941082,311.9200539,1.439695502
C1C2CC3CC1CC(C2)C3,2.955707533,398.6109528,1.375159481
c1ccoc1,0.9082228,326.6260513,0.646172338
C1CN2CCN1CC2,1.7805947,430.7780518,1.022664826
CCOC(=O)OCC,2.19168502,303.5490955,1.160548997
CBr,1.42925588,341.8111786,0.887584988
CCCOCC,2.00526034,362.7501129,1.1003642
CCCCCO,2.45698168,322.0114578,1.240395862
CC(C)(CO)CO,1.158913538,385.6312317,0.769605103
CC(C)(C)CO,0.863289672,321.8791794,0.622343566
C=C,0.74928381,361.0035614,0.559206453
CCCOC,1.83317602,363.4374146,1.041398351
CS,1.4101354,342.1793503,0.879682928
Cc1ccncc1C,3.5133882,306.8166832,1.507048135
COC(=O)C(=O)OC,5.06334211,346.1843323,1.802261151
CCCC(C)O,2.02677088,338.4555725,1.107496335
CCC(=O)CC,2.77007954,296.9067444,1.327096099
c1cc[nH]c1,1.89053746,327.1897759,1.061442457
CCCC=O,2.65057654,333.9433884,1.294885111
CCOCC,1.71845314,351.1135544,1.00006302
CCCCO,2.21797568,328.4649757,1.168752491
OCC(CO)(CO)CO,1.35516402,517.9529938,0.856610373
Cc1ccc(C)cc1,4.105326393,310.1232056,1.630284386
C=CCC,0.9201731,389.3250031,0.652415338
CC(CO)(CO)C(=O)O,0.86759178,415.5922455,0.624649783
O=C1CCCC(=O)O1,2.97801476,348.4918121,1.380782891
O=P(O)(O)c1ccccc1,5.7122434,437.3359131,1.903933232
O=Cc1cccc([N+](=O)[O-])c1,5.020719373,337.8596939,1.795206749
CC(CO)(CO)CO,1.1711294,459.7323822,0.775247493
O=Cc1ccccc1,2.22992598,304.8567013,1.172459221
N#Cc1ccncc1,4.32361854,325.9929718,1.672153249
NC(CO)(CO)CO,0.70745776,448.2637543,0.535005574
CC(=O)c1cnccn1,5.06931726,342.1343445,1.803246121
O=C1C2C3C=CC(C3)C2C(=O)N1O,5.97754006,441.3685211,1.942696428
N#Cc1cccnc1,3.99857038,326.9184441,1.609151948
Brc1cc(Br)cc(Br)c1,5.19121032,381.9996552,1.823130596
CC(C)CO,1.51051792,335.4292435,0.920489074
CCC(C)(C)O,0.6931174,324.9082588,0.526571445
Cc1cccnc1C,3.22180088,305.7036995,1.440261786
C1OCOCO1,3.6089906,333.4917053,1.528008874
C=CC#N,1.48900738,324.8519463,0.911883988
O=C(O)CO,4.7562194,338.1705307,1.750280905
CC#N,1.99809016,307.2075371,1.097975473
CCC#N,1.20220018,333.7560867,0.789456942
CC12CCC(CC1=O)C2(C)C,1.38981989,411.4602417,0.871218003
CCC(C)O,1.43045091,346.701384,0.8880768
CC(C)O,1.28107216,335.1082138,0.824645578
COCOC,1.99091998,343.0102371,1.095581026
C1CCOC1,2.04111124,361.6322235,1.112222988
CCC=O,2.05306154,324.0264114,1.116144871
CCCO,1.28704731,339.4825958,0.827261601
CC(C)(C)O,1.585406467,304.4211258,0.949882736
c1ccncc1,1.5654893,287.1802057,0.942149221
CC1CO1,1.56070918,370.0089935,0.940284244
CN(C)C,1.5654893,399.4935287,0.942149221
CCC(CO)(CO)CO,3.404242127,333.507502,1.482568196
COC,1.18068964,375.5927719,0.779641175
CC(C)COC(C)(C)C,2.0674019,324.9720367,1.120830917
O=C1COCCO1,3.85755684,314.5692314,1.580535604
Cc1ccccn1,2.32313832,305.1771797,1.200909614
Cc1cccnc1,3.38910508,303.6708283,1.479125352
C1COCCO1,3.071824615,287.6787991,1.404091207
C/C=C\C(=O)O,3.00430542,325.0615448,1.387370137
C1CCNCC1,3.5492391,303.0238861,1.514959988
c1cncnc1,3.107078,310.4474014,1.412711827
CCO,1.158837663,368.0664734,0.769569958
C=O,1.79971518,331.3883957,1.029517691
C1COCO1,1.57026942,364.3220047,0.944010726
CCC(=O)O,2.345246375,309.5886215,1.207540346
CC(C)(C)N,0.21032528,319.8689293,0.19088915
CCNCC,3.1787798,302.6320175,1.43001929
C1CCNC1,2.05067148,316.3662666,1.115361724
CN(C)N,2.40679042,310.0392136,1.225770622
CNNC,3.26004184,295.6837772,1.449278982
CC(C)N,1.75191398,334.6868729,1.012296662
CCCN,2.62189582,331.0130562,1.286997596
C1COC1,1.49856762,374.2663864,0.915717616
CNN,2.49044252,319.2896217,1.250028525
CC=O,0.41109032,347.0490631,0.344362682
CN,1.46510678,327.5457825,0.902235125
Cc1cccc(O)c1C,4.93666893,330.4838394,1.78114819
CO,0.761951128,330.6532616,0.56642179
CNC,1.41969564,326.905291,0.883641764
C#N,2.0076504,346.3692841,1.101159176
Oc1ccc(F)cc1,3.465587,309.5765671,1.496400673
Oc1ccc(Cl)c(Cl)c1,5.00239558,328.4652275,1.792158653
